{
  "type": "FeatureCollection",
  "features": [
    {
      "type": "Feature",
      "id": "bike_lanes_1",
      "geometry": {
        "type": "LineString",
        "coordinates": [
          [
            -123.12036751558544,
            44.028959588008135
          ],
          [
            -123.12035512634412,
            44.02896024055598
          ],
          [
            -123.11990462554046,
            44.02894989049029
          ],
          [
            -123.1195131917782,
            44.02894360959488
          ]
        ]
      },
      "properties": {
        "OBJECTID": 103,
        "bike_segid": 118,
        "eug_id": null,
        "name": null,
        "ftype": "Accessway",
        "ftypedes": "Accessway",
        "lane_type": null,
        "lane_typedes": null,
        "status": "Built",
        "maint": "UNKNOWN",
        "source": null,
        "easement": null,
        "lane_num": null,
        "lane_placement": null,
        "geofeature_id": "{72081685-5421-438B-936B-BE2F1FD34AE4}",
        "Shape_Length": 224.79643291046693,
        "layer": "bike_lanes"
      }
    },
    {
      "type": "Feature",
      "id": "bike_lanes_2",
      "geometry": {
        "type": "LineString",
        "coordinates": [
          [
            -123.11495133238569,
            44.029010224487585
          ],
          [
            -123.11441307809449,
            44.0294818930656
          ]
        ]
      },
      "properties": {
        "OBJECTID": 104,
        "bike_segid": 119,
        "eug_id": null,
        "name": null,
        "ftype": "Accessway",
        "ftypedes": "Accessway",
        "lane_type": null,
        "lane_typedes": null,
        "status": "Built",
        "maint": "UNKNOWN",
        "source": null,
        "easement": null,
        "lane_num": null,
        "lane_placement": null,
        "geofeature_id": "{AABAF86B-9BD3-4A5E-9C7D-42C84388DF72}",
        "Shape_Length": 222.7263824442097,
        "layer": "bike_lanes"
      }
    },
    {
      "type": "Feature",
      "id": "bike_lanes_3",
      "geometry": {
        "type": "LineString",
        "coordinates": [
          [
            -123.0493357347412,
            44.030828533478505
          ],
          [
            -123.04924600512697,
            44.03083679306305
          ],
          [
            -123.04918680137811,
            44.03084543186515
          ],
          [
            -123.04914079458895,
            44.03085692401989
          ],
          [
            -123.0490849795755,
            44.03087701789684
          ],
          [
            -123.04904908914177,
            44.03088724063095
          ],
          [
            -123.04898685005814,
            44.03089280092184
          ],
          [
            -123.04887648865481,
            44.0308941769846
          ],
          [
            -123.04874549678819,
            44.030888667840784
          ],
          [
            -123.04870608500552,
            44.030884293160355
          ],
          [
            -123.0486618748206,
            44.030869540547144
          ],
          [
            -123.04862619960672,
            44.03085040732417
          ],
          [
            -123.04858295602321,
            44.030824103885934
          ],
          [
            -123.04849836085145,
            44.03075475307172
          ]
        ]
      },
      "properties": {
        "OBJECTID": 106,
        "bike_segid": 121,
        "eug_id": null,
        "name": null,
        "ftype": "Accessway",
        "ftypedes": "Accessway",
        "lane_type": null,
        "lane_typedes": null,
        "status": "Built",
        "maint": "UNKNOWN",
        "source": null,
        "easement": null,
        "lane_num": null,
        "lane_placement": null,
        "geofeature_id": "{38A96640-1060-4395-9D4A-455B867E6478}",
        "Shape_Length": 242.61650857084567,
        "layer": "bike_lanes"
      }
    },
    {
      "type": "Feature",
      "id": "bike_lanes_4",
      "geometry": {
        "type": "LineString",
        "coordinates": [
          [
            -123.07509219452912,
            44.02709333299879
          ],
          [
            -123.07191426560809,
            44.02709296220544
          ],
          [
            -123.07157098087268,
            44.0271104489174
          ],
          [
            -123.07150481814911,
            44.03051979217456
          ],
          [
            -123.07151607781063,
            44.03065024610318
          ],
          [
            -123.07152550914127,
            44.03216736289686
          ],
          [
            -123.07155743880546,
            44.03340673101312
          ]
        ]
      },
      "properties": {
        "OBJECTID": 113,
        "bike_segid": 132,
        "eug_id": null,
        "name": "Emerald St/29th Ave",
        "ftype": "Route",
        "ftypedes": "Route",
        "lane_type": null,
        "lane_typedes": null,
        "status": "Built",
        "maint": "EUG",
        "source": null,
        "easement": null,
        "lane_num": null,
        "lane_placement": null,
        "geofeature_id": "{4EBB42FC-9D69-46A9-B073-58A496E38DB4}",
        "Shape_Length": 3221.978277838988,
        "layer": "bike_lanes"
      }
    },
    {
      "type": "Feature",
      "id": "bike_lanes_5",
      "geometry": {
        "type": "LineString",
        "coordinates": [
          [
            -123.07465391639785,
            44.03340997683075
          ],
          [
            -123.07465831233485,
            44.03239535424151
          ],
          [
            -123.07540314649219,
            44.03239613768215
          ],
          [
            -123.07550417614284,
            44.032365502148785
          ],
          [
            -123.07553345463849,
            44.03231374001115
          ],
          [
            -123.07553158088719,
            44.03222527909074
          ],
          [
            -123.07643170883566,
            44.03222560660732
          ],
          [
            -123.07707255060157,
            44.03222594724654
          ],
          [
            -123.07775134988681,
            44.03222630287888
          ],
          [
            -123.07843236399904,
            44.03222640994254
          ],
          [
            -123.07859391183676,
            44.032226466106565
          ],
          [
            -123.07875272965782,
            44.032233261916836
          ],
          [
            -123.07891700887524,
            44.032226580431185
          ],
          [
            -123.07907855799918,
            44.03222663679259
          ],
          [
            -123.07972450527961,
            44.0322268691319
          ],
          [
            -123.08034764115666,
            44.032227076568795
          ]
        ]
      },
      "properties": {
        "OBJECTID": 115,
        "bike_segid": 134,
        "eug_id": null,
        "name": null,
        "ftype": "Route",
        "ftypedes": "Route",
        "lane_type": null,
        "lane_typedes": null,
        "status": "Built",
        "maint": "UNKNOWN",
        "source": null,
        "easement": null,
        "lane_num": null,
        "lane_placement": null,
        "geofeature_id": "{1F14A1BB-40FB-4A3F-8E4C-E214969DF57E}",
        "Shape_Length": 1914.0100991626805,
        "layer": "bike_lanes"
      }
    },
    {
      "type": "Feature",
      "id": "bike_lanes_6",
      "geometry": {
        "type": "LineString",
        "coordinates": [
          [
            -123.10551018090051,
            44.035501541023926
          ],
          [
            -123.10550956722373,
            44.03665400707766
          ],
          [
            -123.10550848886281,
            44.03780895280672
          ],
          [
            -123.10551066896602,
            44.0389600376632
          ],
          [
            -123.10550975652666,
            44.03960467510007
          ],
          [
            -123.10550876363183,
            44.04022679038351
          ]
        ]
      },
      "properties": {
        "OBJECTID": 116,
        "bike_segid": 3031,
        "eug_id": null,
        "name": "Friendly St",
        "ftype": "Neighborhood Greenway",
        "ftypedes": "Neighborhood Greenway",
        "lane_type": null,
        "lane_typedes": null,
        "status": "Built",
        "maint": "EUG",
        "source": null,
        "easement": null,
        "lane_num": null,
        "lane_placement": null,
        "geofeature_id": "{06F13FF7-C6A6-4DC6-9D27-069A7A9E33D7}",
        "Shape_Length": 1722.5785875312595,
        "layer": "bike_lanes"
      }
    },
    {
      "type": "Feature",
      "id": "bike_lanes_7",
      "geometry": {
        "type": "LineString",
        "coordinates": [
          [
            -123.08803274498572,
            44.03340708016869
          ],
          [
            -123.08801358362336,
            44.0333631912304
          ]
        ]
      },
      "properties": {
        "OBJECTID": 117,
        "bike_segid": 137,
        "eug_id": null,
        "name": "Amazon Park Path",
        "ftype": "Shared Use Path",
        "ftypedes": "Shared Use Path",
        "lane_type": null,
        "lane_typedes": null,
        "status": "Built",
        "maint": "UNKNOWN",
        "source": null,
        "easement": null,
        "lane_num": null,
        "lane_placement": null,
        "geofeature_id": "{06510BA5-DC37-49B4-99AE-9C479FA68685}",
        "Shape_Length": 16.77444138889511,
        "layer": "bike_lanes"
      }
    },
    {
      "type": "Feature",
      "id": "bike_lanes_8",
      "geometry": {
        "type": "LineString",
        "coordinates": [
          [
            -123.08838876813893,
            44.032515274097186
          ],
          [
            -123.08834847725531,
            44.032576697308464
          ],
          [
            -123.08834238608576,
            44.03260408762161
          ],
          [
            -123.08842959592192,
            44.032842185804114
          ],
          [
            -123.08848893828132,
            44.032981061077166
          ],
          [
            -123.08863698503932,
            44.03334175672852
          ],
          [
            -123.08866028402309,
            44.03337687604582
          ],
          [
            -123.0886963336656,
            44.033404373503245
          ]
        ]
      },
      "properties": {
        "OBJECTID": 118,
        "bike_segid": 138,
        "eug_id": null,
        "name": "Amazon Pkwy Sidewalk W",
        "ftype": "Accessway",
        "ftypedes": "Accessway",
        "lane_type": null,
        "lane_typedes": null,
        "status": "Built",
        "maint": "UNKNOWN",
        "source": null,
        "easement": null,
        "lane_num": null,
        "lane_placement": null,
        "geofeature_id": "{95DB8324-9BDA-4C7D-974E-C74C0E524D84}",
        "Shape_Length": 342.7650702928788,
        "layer": "bike_lanes"
      }
    },
    {
      "type": "Feature",
      "id": "bike_lanes_9",
      "geometry": {
        "type": "LineString",
        "coordinates": [
          [
            -123.09491634019426,
            44.02817819246429
          ],
          [
            -123.09491170979071,
            44.02900181990059
          ],
          [
            -123.09351618208399,
            44.028991328171315
          ],
          [
            -123.09213791588421,
            44.028998301829695
          ],
          [
            -123.09212640733973,
            44.02995463017321
          ],
          [
            -123.0921199251002,
            44.03020246165092
          ],
          [
            -123.09211733620059,
            44.03129446748622
          ],
          [
            -123.09210858219264,
            44.03250874113605
          ],
          [
            -123.09212517591091,
            44.03342724436871
          ],
          [
            -123.0919075793239,
            44.03343192989895
          ]
        ]
      },
      "properties": {
        "OBJECTID": 119,
        "bike_segid": 140,
        "eug_id": null,
        "name": "Portland St/27th Ave",
        "ftype": "Route",
        "ftypedes": "Route",
        "lane_type": null,
        "lane_typedes": null,
        "status": "Built",
        "maint": "EUG",
        "source": null,
        "easement": null,
        "lane_num": null,
        "lane_placement": null,
        "geofeature_id": "{9C78AEDB-28D4-46A2-94EA-EF36F6EB120B}",
        "Shape_Length": 2701.710017909917,
        "layer": "bike_lanes"
      }
    },
    {
      "type": "Feature",
      "id": "bike_lanes_10",
      "geometry": {
        "type": "LineString",
        "coordinates": [
          [
            -123.09080722480054,
            44.03350641156533
          ],
          [
            -123.09032295801157,
            44.03350769298944
          ],
          [
            -123.08867073057375,
            44.033499069670704
          ]
        ]
      },
      "properties": {
        "OBJECTID": 120,
        "bike_segid": 141,
        "eug_id": null,
        "name": null,
        "ftype": "Bike Lane",
        "ftypedes": "Bike Lane",
        "lane_type": null,
        "lane_typedes": null,
        "status": "Built",
        "maint": "UNKNOWN",
        "source": null,
        "easement": null,
        "lane_num": null,
        "lane_placement": "Curbside",
        "geofeature_id": "{902BE437-CA35-4309-BC8F-E5A8B5A4E355}",
        "Shape_Length": 561.9055906187454,
        "layer": "bike_lanes"
      }
    },
    {
      "type": "Feature",
      "id": "bike_lanes_11",
      "geometry": {
        "type": "LineString",
        "coordinates": [
          [
            -123.10550720538096,
            44.03299690424482
          ],
          [
            -123.10562188700605,
            44.03302832533338
          ],
          [
            -123.10625103694386,
            44.03303189384088
          ],
          [
            -123.10689582276869,
            44.03303647001811
          ],
          [
            -123.10803941182866,
            44.03305016215021
          ],
          [
            -123.1095613421241,
            44.03305660715827
          ],
          [
            -123.11099882020969,
            44.0330649314993
          ],
          [
            -123.11209815071636,
            44.03307322704168
          ]
        ]
      },
      "properties": {
        "OBJECTID": 121,
        "bike_segid": 142,
        "eug_id": null,
        "name": "24th Ave",
        "ftype": "Bike Lane",
        "ftypedes": "Bike Lane",
        "lane_type": null,
        "lane_typedes": null,
        "status": "Built",
        "maint": "EUG",
        "source": null,
        "easement": null,
        "lane_num": null,
        "lane_placement": "Setback",
        "geofeature_id": "{23C995FF-5158-422C-AA52-BC8E3DDCEB4E}",
        "Shape_Length": 1735.6088166874501,
        "layer": "bike_lanes"
      }
    },
    {
      "type": "Feature",
      "id": "bike_lanes_12",
      "geometry": {
        "type": "LineString",
        "coordinates": [
          [
            -123.08847683920513,
            44.03349503705785
          ],
          [
            -123.08850632478246,
            44.03351690396965
          ],
          [
            -123.08851968008848,
            44.033523419456785
          ],
          [
            -123.08870104114686,
            44.03395805619042
          ],
          [
            -123.08873203763417,
            44.033951686774216
          ]
        ]
      },
      "properties": {
        "OBJECTID": 123,
        "bike_segid": 146,
        "eug_id": null,
        "name": "Amazon Pkwy Sidewalk E",
        "ftype": "Sidewalk Path",
        "ftypedes": "Sidewalk Path",
        "lane_type": null,
        "lane_typedes": null,
        "status": "Built",
        "maint": "UNKNOWN",
        "source": null,
        "easement": null,
        "lane_num": null,
        "lane_placement": null,
        "geofeature_id": "{45BE53B7-CA5F-411A-9728-2E11105E4BC3}",
        "Shape_Length": 189.30646127838412,
        "layer": "bike_lanes"
      }
    },
    {
      "type": "Feature",
      "id": "bike_lanes_13",
      "geometry": {
        "type": "LineString",
        "coordinates": [
          [
            -123.11774044927334,
            44.034231890518235
          ],
          [
            -123.11666410682194,
            44.0342338733604
          ]
        ]
      },
      "properties": {
        "OBJECTID": 124,
        "bike_segid": 149,
        "eug_id": null,
        "name": null,
        "ftype": "Accessway",
        "ftypedes": "Accessway",
        "lane_type": null,
        "lane_typedes": null,
        "status": "Built",
        "maint": "UNKNOWN",
        "source": null,
        "easement": null,
        "lane_num": null,
        "lane_placement": null,
        "geofeature_id": "{D0C2CC29-F629-4D1E-B307-76DDF8F0C20C}",
        "Shape_Length": 283.0732467911542,
        "layer": "bike_lanes"
      }
    },
    {
      "type": "Feature",
      "id": "bike_lanes_14",
      "geometry": {
        "type": "LineString",
        "coordinates": [
          [
            -123.11223668067782,
            44.03432746625498
          ],
          [
            -123.11117895097188,
            44.034333363345375
          ]
        ]
      },
      "properties": {
        "OBJECTID": 125,
        "bike_segid": 150,
        "eug_id": null,
        "name": null,
        "ftype": "Accessway",
        "ftypedes": "Accessway",
        "lane_type": null,
        "lane_typedes": null,
        "status": "Built",
        "maint": "UNKNOWN",
        "source": null,
        "easement": null,
        "lane_num": null,
        "lane_placement": null,
        "geofeature_id": "{C345555F-EB83-404F-B943-C1FF2E9C5BE9}",
        "Shape_Length": 278.18512868253595,
        "layer": "bike_lanes"
      }
    },
    {
      "type": "Feature",
      "id": "bike_lanes_15",
      "geometry": {
        "type": "LineString",
        "coordinates": [
          [
            -123.06075946625207,
            44.0357674680842
          ],
          [
            -123.06066494351364,
            44.03570821324234
          ],
          [
            -123.0606007928629,
            44.03564387714717
          ],
          [
            -123.06052335510802,
            44.035499788821305
          ]
        ]
      },
      "properties": {
        "OBJECTID": 127,
        "bike_segid": 152,
        "eug_id": null,
        "name": null,
        "ftype": "Accessway",
        "ftypedes": "Accessway",
        "lane_type": null,
        "lane_typedes": null,
        "status": "Built",
        "maint": "UNKNOWN",
        "source": null,
        "easement": null,
        "lane_num": null,
        "lane_placement": null,
        "geofeature_id": "{B5C26EF6-0AED-4FC0-B323-3B1598B49188}",
        "Shape_Length": 118.16031885826567,
        "layer": "bike_lanes"
      }
    },
    {
      "type": "Feature",
      "id": "bike_lanes_16",
      "geometry": {
        "type": "LineString",
        "coordinates": [
          [
            -123.08807051563127,
            44.03349359356933
          ],
          [
            -123.08809097460903,
            44.0335372968872
          ],
          [
            -123.08815088728785,
            44.03368904710311
          ],
          [
            -123.08826140460583,
            44.033921203248156
          ],
          [
            -123.08832314087405,
            44.03404684229678
          ],
          [
            -123.08833949720034,
            44.03408945483798
          ],
          [
            -123.0883729868666,
            44.0341589387662
          ],
          [
            -123.0883988157781,
            44.03421915998406
          ],
          [
            -123.08840587795548,
            44.03424835304821
          ],
          [
            -123.08840114733626,
            44.034375293553424
          ],
          [
            -123.08840716328089,
            44.03441394351968
          ],
          [
            -123.08841726413749,
            44.034446213028026
          ],
          [
            -123.08843911206378,
            44.03448136564471
          ],
          [
            -123.0884744289695,
            44.034525651401566
          ],
          [
            -123.08852378862582,
            44.03459027296274
          ],
          [
            -123.08856845218581,
            44.034651438142056
          ],
          [
            -123.08858902837973,
            44.0346908113944
          ],
          [
            -123.08862174174061,
            44.03477603547499
          ],
          [
            -123.08864596874379,
            44.03486669101575
          ],
          [
            -123.08866819067806,
            44.03497835545742
          ],
          [
            -123.088678725504,
            44.03505464067148
          ],
          [
            -123.0887010356698,
            44.035270076859035
          ],
          [
            -123.08873176157284,
            44.03558541184417
          ],
          [
            -123.08875170389899,
            44.03577419112679
          ],
          [
            -123.08875879065185,
            44.035831059417454
          ],
          [
            -123.08879300345633,
            44.03605668554061
          ],
          [
            -123.08882819328421,
            44.03630445875749
          ],
          [
            -123.08884982493083,
            44.03647011926565
          ],
          [
            -123.08885587126899,
            44.03654336033051
          ],
          [
            -123.08885901205649,
            44.0367183428278
          ],
          [
            -123.08884756239715,
            44.0368580126938
          ],
          [
            -123.08880686871198,
            44.037162904884624
          ]
        ]
      },
      "properties": {
        "OBJECTID": 129,
        "bike_segid": 154,
        "eug_id": null,
        "name": "Amazon Park Path",
        "ftype": "Shared Use Path",
        "ftypedes": "Shared Use Path",
        "lane_type": null,
        "lane_typedes": null,
        "status": "Built",
        "maint": "UNKNOWN",
        "source": null,
        "easement": null,
        "lane_num": null,
        "lane_placement": null,
        "geofeature_id": "{61F31BFB-309A-4B48-853D-10292537E21F}",
        "Shape_Length": 1367.9734099897562,
        "layer": "bike_lanes"
      }
    },
    {
      "type": "Feature",
      "id": "bike_lanes_17",
      "geometry": {
        "type": "MultiLineString",
        "coordinates": [
          [
            [
              -123.112225271881,
              44.03542986813296
            ],
            [
              -123.11259435409991,
              44.03542777260315
            ],
            [
              -123.11320186436002,
              44.03543112756282
            ],
            [
              -123.11416594474856,
              44.03542517727334
            ],
            [
              -123.11420940556327,
              44.03559008632556
            ],
            [
              -123.1142948364073,
              44.03598045846662
            ],
            [
              -123.11431225202168,
              44.03601316541441
            ],
            [
              -123.11432707190362,
              44.03604014296406
            ],
            [
              -123.11434680371244,
              44.03606543053027
            ],
            [
              -123.11437300474608,
              44.03609014375939
            ],
            [
              -123.11440388649198,
              44.036111862103326
            ],
            [
              -123.11443879764185,
              44.036130129314046
            ],
            [
              -123.11447700516928,
              44.036144562117386
            ],
            [
              -123.11451770453955,
              44.036154855386265
            ],
            [
              -123.1145600401279,
              44.036160792485575
            ],
            [
              -123.1146720489254,
              44.036159797866596
            ],
            [
              -123.11484002907116,
              44.03615830647997
            ],
            [
              -123.1148816385827,
              44.036157937104576
            ],
            [
              -123.11511647715541,
              44.03615585186632
            ],
            [
              -123.11514528440048,
              44.036154298702584
            ],
            [
              -123.11517342436309,
              44.03614958570293
            ],
            [
              -123.11520023414118,
              44.03614182505107
            ],
            [
              -123.11522508375901,
              44.03613119752112
            ],
            [
              -123.11524738746772,
              44.036117954023986
            ],
            [
              -123.11526662330685,
              44.03610240616195
            ],
            [
              -123.1152875148677,
              44.036095665767334
            ]
          ],
          [
            [
              -123.1152875148677,
              44.036095665767334
            ],
            [
              -123.11530706468945,
              44.03608935809167
            ],
            [
              -123.11532051204085,
              44.03607485729057
            ],
            [
              -123.11533724332038,
              44.03606226069468
            ],
            [
              -123.11535675079094,
              44.03605194891538
            ],
            [
              -123.11537844266743,
              44.0360442351265
            ],
            [
              -123.11540166135335,
              44.03603935384823
            ],
            [
              -123.11542570183221,
              44.03603745332963
            ],
            [
              -123.11544983391731,
              44.036038590545196
            ],
            [
              -123.11586532978897,
              44.03603960849292
            ],
            [
              -123.11591046200614,
              44.03603812746645
            ],
            [
              -123.11595490715074,
              44.03603228138627
            ],
            [
              -123.1159978597408,
              44.036022175750226
            ],
            [
              -123.1160385364282,
              44.0360079947949
            ],
            [
              -123.11607620066512,
              44.03598999463668
            ],
            [
              -123.11611016652337,
              44.035968504986094
            ],
            [
              -123.11613981806093,
              44.03594391520492
            ],
            [
              -123.11643390625235,
              44.03573145008414
            ],
            [
              -123.11645676395491,
              44.03570495863448
            ]
          ],
          [
            [
              -123.1152875148677,
              44.036095665767334
            ],
            [
              -123.1152785603945,
              44.036356459554
            ],
            [
              -123.11527389918656,
              44.03640135306772
            ],
            [
              -123.1152636711225,
              44.0364397008516
            ],
            [
              -123.1151858910091,
              44.03656533638085
            ]
          ]
        ]
      },
      "properties": {
        "OBJECTID": 130,
        "bike_segid": 3032,
        "eug_id": null,
        "name": "Westmoreland Park Path",
        "ftype": "Shared Use Path",
        "ftypedes": "Shared Use Path",
        "lane_type": null,
        "lane_typedes": null,
        "status": "Built",
        "maint": "EUG",
        "source": null,
        "easement": null,
        "lane_num": null,
        "lane_placement": null,
        "geofeature_id": "{434F2B9A-8325-400E-9678-BDA5FAF62B72}",
        "Shape_Length": 1554.9226752560935,
        "layer": "bike_lanes"
      }
    },
    {
      "type": "Feature",
      "id": "bike_lanes_18",
      "geometry": {
        "type": "LineString",
        "coordinates": [
          [
            -123.08880686871198,
            44.037162904884624
          ],
          [
            -123.08843842908358,
            44.03716556479348
          ],
          [
            -123.08841482031417,
            44.037152488013355
          ]
        ]
      },
      "properties": {
        "OBJECTID": 132,
        "bike_segid": 162,
        "eug_id": null,
        "name": null,
        "ftype": "Accessway",
        "ftypedes": "Accessway",
        "lane_type": null,
        "lane_typedes": null,
        "status": "Built",
        "maint": "UNKNOWN",
        "source": null,
        "easement": null,
        "lane_num": null,
        "lane_placement": null,
        "geofeature_id": "{531386E6-6B53-4BF8-91FE-47720828FBF3}",
        "Shape_Length": 104.72551509993131,
        "layer": "bike_lanes"
      }
    },
    {
      "type": "Feature",
      "id": "bike_lanes_19",
      "geometry": {
        "type": "LineString",
        "coordinates": [
          [
            -123.11225011162337,
            44.03665324631074
          ],
          [
            -123.11167399633628,
            44.03665736254884
          ],
          [
            -123.11162804467666,
            44.0366363833147
          ],
          [
            -123.11118364744786,
            44.03664025394892
          ]
        ]
      },
      "properties": {
        "OBJECTID": 133,
        "bike_segid": 164,
        "eug_id": null,
        "name": null,
        "ftype": "Accessway",
        "ftypedes": "Accessway",
        "lane_type": null,
        "lane_typedes": null,
        "status": "Built",
        "maint": "UNKNOWN",
        "source": null,
        "easement": null,
        "lane_num": null,
        "lane_placement": null,
        "geofeature_id": "{1E3A2228-86FB-4C92-AADE-2F0A86CD87A4}",
        "Shape_Length": 282.69587254051476,
        "layer": "bike_lanes"
      }
    },
    {
      "type": "Feature",
      "id": "bike_lanes_20",
      "geometry": {
        "type": "LineString",
        "coordinates": [
          [
            -123.11771606112934,
            44.03719933697853
          ],
          [
            -123.11668345849625,
            44.03719552037914
          ]
        ]
      },
      "properties": {
        "OBJECTID": 136,
        "bike_segid": 168,
        "eug_id": null,
        "name": null,
        "ftype": "Accessway",
        "ftypedes": "Accessway",
        "lane_type": null,
        "lane_typedes": null,
        "status": "Built",
        "maint": "UNKNOWN",
        "source": null,
        "easement": null,
        "lane_num": null,
        "lane_placement": null,
        "geofeature_id": "{74CA327C-8128-4225-BE48-C539A5C70550}",
        "Shape_Length": 271.5592240720958,
        "layer": "bike_lanes"
      }
    },
    {
      "type": "Feature",
      "id": "bike_lanes_21",
      "geometry": {
        "type": "LineString",
        "coordinates": [
          [
            -123.10328449946846,
            44.037806211494676
          ],
          [
            -123.10272853793077,
            44.03780587909668
          ]
        ]
      },
      "properties": {
        "OBJECTID": 138,
        "bike_segid": 174,
        "eug_id": null,
        "name": null,
        "ftype": "Accessway",
        "ftypedes": "Accessway",
        "lane_type": null,
        "lane_typedes": null,
        "status": "Built",
        "maint": "UNKNOWN",
        "source": null,
        "easement": null,
        "lane_num": null,
        "lane_placement": null,
        "geofeature_id": "{46263CE3-7BB6-4AD9-B68F-83DE9D43DA56}",
        "Shape_Length": 146.20632207205915,
        "layer": "bike_lanes"
      }
    },
    {
      "type": "Feature",
      "id": "bike_lanes_22",
      "geometry": {
        "type": "LineString",
        "coordinates": [
          [
            -123.05055713874782,
            44.03122425828802
          ],
          [
            -123.05055707614903,
            44.03124387839576
          ],
          [
            -123.05055499750169,
            44.03136855601436
          ],
          [
            -123.0505507421997,
            44.03162395504165
          ],
          [
            -123.0505318265371,
            44.032758877560966
          ],
          [
            -123.05050640126623,
            44.034284494299555
          ],
          [
            -123.05049193419704,
            44.0351525424847
          ],
          [
            -123.05047517394569,
            44.036158204751004
          ],
          [
            -123.05047289371932,
            44.036294993220395
          ],
          [
            -123.05046838321638,
            44.03656665029624
          ],
          [
            -123.05046246302052,
            44.03692226493296
          ],
          [
            -123.05044543211544,
            44.03809669307711
          ],
          [
            -123.0504328688894,
            44.0389778553617
          ]
        ]
      },
      "properties": {
        "OBJECTID": 139,
        "bike_segid": 3033,
        "eug_id": null,
        "name": "Augusta St",
        "ftype": "Neighborhood Greenway",
        "ftypedes": "Neighborhood Greenway",
        "lane_type": null,
        "lane_typedes": null,
        "status": "Built",
        "maint": "EUG",
        "source": null,
        "easement": null,
        "lane_num": null,
        "lane_placement": null,
        "geofeature_id": "{2B420C2D-436F-4332-8B0F-3F27802EB80F}",
        "Shape_Length": 2826.740893535087,
        "layer": "bike_lanes"
      }
    },
    {
      "type": "Feature",
      "id": "bike_lanes_23",
      "geometry": {
        "type": "LineString",
        "coordinates": [
          [
            -123.06800939266242,
            44.038894265699454
          ],
          [
            -123.06797442201152,
            44.03726073936244
          ]
        ]
      },
      "properties": {
        "OBJECTID": 140,
        "bike_segid": 178,
        "eug_id": null,
        "name": "18th Ave",
        "ftype": "Route",
        "ftypedes": "Route",
        "lane_type": null,
        "lane_typedes": null,
        "status": "Built",
        "maint": "EUG",
        "source": null,
        "easement": null,
        "lane_num": null,
        "lane_placement": null,
        "geofeature_id": "{A89C361C-DB23-42A5-8D53-87A0713EF58F}",
        "Shape_Length": 595.5689913949523,
        "layer": "bike_lanes"
      }
    },
    {
      "type": "Feature",
      "id": "bike_lanes_24",
      "geometry": {
        "type": "LineString",
        "coordinates": [
          [
            -123.08958923468983,
            44.03889627501081
          ],
          [
            -123.08957471936289,
            44.03882122500102
          ],
          [
            -123.08956928634733,
            44.03859283397145
          ],
          [
            -123.08957768131093,
            44.038381953415744
          ],
          [
            -123.08957839883439,
            44.038195353424335
          ],
          [
            -123.08961744661698,
            44.0381675825049
          ]
        ]
      },
      "properties": {
        "OBJECTID": 143,
        "bike_segid": 183,
        "eug_id": null,
        "name": null,
        "ftype": "Sidewalk Path",
        "ftypedes": "Sidewalk Path",
        "lane_type": null,
        "lane_typedes": null,
        "status": "Built",
        "maint": "UNKNOWN",
        "source": null,
        "easement": null,
        "lane_num": null,
        "lane_placement": null,
        "geofeature_id": "{CE90C9D8-A9F7-4537-9819-FD6572DBFB19}",
        "Shape_Length": 270.24854024518197,
        "layer": "bike_lanes"
      }
    },
    {
      "type": "Feature",
      "id": "bike_lanes_25",
      "geometry": {
        "type": "LineString",
        "coordinates": [
          [
            -123.08880686871198,
            44.037162904884624
          ],
          [
            -123.08881345368884,
            44.03724871169144
          ],
          [
            -123.08882500545077,
            44.03728094877424
          ],
          [
            -123.08882925631802,
            44.03731230154385
          ],
          [
            -123.08883101140505,
            44.03740994027577
          ],
          [
            -123.08883341525255,
            44.03834659268008
          ],
          [
            -123.08883078608456,
            44.038839528097256
          ],
          [
            -123.08883096797895,
            44.038878335129795
          ]
        ]
      },
      "properties": {
        "OBJECTID": 144,
        "bike_segid": 185,
        "eug_id": null,
        "name": "Amazon Park Path",
        "ftype": "Shared Use Path",
        "ftypedes": "Shared Use Path",
        "lane_type": null,
        "lane_typedes": null,
        "status": "Built",
        "maint": "UNKNOWN",
        "source": null,
        "easement": null,
        "lane_num": null,
        "lane_placement": null,
        "geofeature_id": "{0B552EEF-FE62-4959-A266-53D33456C1F5}",
        "Shape_Length": 625.8495628128172,
        "layer": "bike_lanes"
      }
    },
    {
      "type": "Feature",
      "id": "bike_lanes_26",
      "geometry": {
        "type": "LineString",
        "coordinates": [
          [
            -123.08882925487812,
            44.038983672191605
          ],
          [
            -123.0883230114881,
            44.03898070467313
          ],
          [
            -123.08830974482947,
            44.03898132378999
          ],
          [
            -123.08829675375836,
            44.03898336390195
          ],
          [
            -123.08828432962137,
            44.03898677889387
          ],
          [
            -123.08827275123178,
            44.0389914923163
          ]
        ]
      },
      "properties": {
        "OBJECTID": 145,
        "bike_segid": 186,
        "eug_id": null,
        "name": "19th Ave Protected Bikeway",
        "ftype": "Protected Bikeway",
        "ftypedes": "Protected Bikeway",
        "lane_type": null,
        "lane_typedes": null,
        "status": "Built",
        "maint": "EUG",
        "source": null,
        "easement": null,
        "lane_num": 2,
        "lane_placement": "Curbside",
        "geofeature_id": "{D8EE7233-B2F9-4DDF-AA92-C6C8A9397D7C}",
        "Shape_Length": 147.1182083122948,
        "layer": "bike_lanes"
      }
    },
    {
      "type": "Feature",
      "id": "bike_lanes_27",
      "geometry": {
        "type": "LineString",
        "coordinates": [
          [
            -123.08971878812001,
            44.0378545495225
          ],
          [
            -123.08970957636544,
            44.037768468224286
          ],
          [
            -123.08967261379485,
            44.037612455706366
          ],
          [
            -123.08963874248703,
            44.037464317579136
          ],
          [
            -123.08959069829774,
            44.03730656689937
          ],
          [
            -123.08955937728791,
            44.037217929230174
          ],
          [
            -123.08952136795854,
            44.037101646133536
          ],
          [
            -123.08946927094429,
            44.03697773576768
          ],
          [
            -123.08942550780232,
            44.03685562572671
          ],
          [
            -123.089393508238,
            44.036751120870576
          ],
          [
            -123.0893609896665,
            44.03658248350105
          ],
          [
            -123.08932516726682,
            44.03636315578637
          ],
          [
            -123.08930477431329,
            44.036041519901104
          ],
          [
            -123.08930442023198,
            44.0355402864541
          ],
          [
            -123.08929478811207,
            44.0353156093376
          ],
          [
            -123.08928455703618,
            44.03513859242179
          ],
          [
            -123.08926008319727,
            44.03499905758853
          ],
          [
            -123.08921880623544,
            44.03480653409294
          ],
          [
            -123.08915875640163,
            44.03463825149378
          ],
          [
            -123.08908674732211,
            44.034468330410085
          ],
          [
            -123.08902952861602,
            44.03433524363393
          ],
          [
            -123.0889558746094,
            44.034157736309254
          ],
          [
            -123.08885000675265,
            44.03390661801863
          ],
          [
            -123.08883954602037,
            44.03388269884311
          ],
          [
            -123.08880461019463,
            44.03380280796592
          ],
          [
            -123.08870361362335,
            44.033542051844925
          ],
          [
            -123.08867073057375,
            44.033499069670704
          ]
        ]
      },
      "properties": {
        "OBJECTID": 146,
        "bike_segid": 187,
        "eug_id": null,
        "name": null,
        "ftype": "Bike Lane",
        "ftypedes": "Bike Lane",
        "lane_type": null,
        "lane_typedes": null,
        "status": "Built",
        "maint": "UNKNOWN",
        "source": null,
        "easement": null,
        "lane_num": null,
        "lane_placement": "Curbside",
        "geofeature_id": "{228AD04F-FFD1-44CC-9ADB-C22DE6EDB700}",
        "Shape_Length": 1621.8062969770867,
        "layer": "bike_lanes"
      }
    },
    {
      "type": "Feature",
      "id": "bike_lanes_28",
      "geometry": {
        "type": "LineString",
        "coordinates": [
          [
            -123.08958923468983,
            44.03889627501081
          ],
          [
            -123.08944724881174,
            44.03889433053137
          ],
          [
            -123.08943928547396,
            44.03889328455462
          ],
          [
            -123.08943159342661,
            44.03889146267733
          ],
          [
            -123.0894243202265,
            44.03888890032477
          ],
          [
            -123.08941207495488,
            44.03888434555729
          ],
          [
            -123.08939824430435,
            44.038877603057955
          ],
          [
            -123.08937966316456,
            44.038867544102736
          ],
          [
            -123.08935666217474,
            44.03885515536059
          ],
          [
            -123.08934793349721,
            44.03885116411758
          ],
          [
            -123.0893385949651,
            44.038847970733755
          ],
          [
            -123.08932878715386,
            44.03884562249545
          ],
          [
            -123.08931202170709,
            44.0388429189547
          ],
          [
            -123.08929487898851,
            44.03884210027454
          ],
          [
            -123.08926747803895,
            44.03884240185659
          ],
          [
            -123.08921322305471,
            44.038842747889284
          ],
          [
            -123.0891947253172,
            44.03884345499859
          ],
          [
            -123.08916709982572,
            44.03884594324972
          ],
          [
            -123.0891401559408,
            44.03885099595107
          ],
          [
            -123.08910568023556,
            44.03885869188725
          ],
          [
            -123.0890683133854,
            44.03886728248399
          ],
          [
            -123.08904403950088,
            44.03887198927013
          ],
          [
            -123.08901930501668,
            44.038875210752074
          ],
          [
            -123.08897493882044,
            44.03887772755138
          ],
          [
            -123.08891564677525,
            44.038878088564935
          ],
          [
            -123.08886963786168,
            44.038878477392615
          ],
          [
            -123.08883096797895,
            44.038878335129795
          ]
        ]
      },
      "properties": {
        "OBJECTID": 147,
        "bike_segid": 188,
        "eug_id": null,
        "name": null,
        "ftype": "Shared Use Path",
        "ftypedes": "Shared Use Path",
        "lane_type": null,
        "lane_typedes": null,
        "status": "Built",
        "maint": "EUG",
        "source": null,
        "easement": null,
        "lane_num": null,
        "lane_placement": null,
        "geofeature_id": "{7F8F1C82-B166-40ED-92DD-86CB4A6AB306}",
        "Shape_Length": 206.16845330343668,
        "layer": "bike_lanes"
      }
    },
    {
      "type": "Feature",
      "id": "bike_lanes_29",
      "geometry": {
        "type": "LineString",
        "coordinates": [
          [
            -123.11226288767453,
            44.03905279791714
          ],
          [
            -123.11118476523329,
            44.039057181185974
          ]
        ]
      },
      "properties": {
        "OBJECTID": 150,
        "bike_segid": 194,
        "eug_id": null,
        "name": null,
        "ftype": "Accessway",
        "ftypedes": "Accessway",
        "lane_type": null,
        "lane_typedes": null,
        "status": "Built",
        "maint": "UNKNOWN",
        "source": null,
        "easement": null,
        "lane_num": null,
        "lane_placement": null,
        "geofeature_id": "{316C8DA8-64E3-4575-BF02-C0C975EE26ED}",
        "Shape_Length": 283.5223245473215,
        "layer": "bike_lanes"
      }
    },
    {
      "type": "Feature",
      "id": "bike_lanes_30",
      "geometry": {
        "type": "LineString",
        "coordinates": [
          [
            -123.07464058334625,
            44.03997666701787
          ],
          [
            -123.07464220217332,
            44.03892031057409
          ],
          [
            -123.07464475921755,
            44.037822018233655
          ],
          [
            -123.0746465313497,
            44.03672478543709
          ],
          [
            -123.07464735802438,
            44.03607228535865
          ],
          [
            -123.07464792060932,
            44.03562756060207
          ],
          [
            -123.07464917046289,
            44.034531545768125
          ],
          [
            -123.07465363938086,
            44.033475065021264
          ]
        ]
      },
      "properties": {
        "OBJECTID": 151,
        "bike_segid": 195,
        "eug_id": null,
        "name": null,
        "ftype": "Route",
        "ftypedes": "Route",
        "lane_type": null,
        "lane_typedes": null,
        "status": "Built",
        "maint": "UNKNOWN",
        "source": null,
        "easement": null,
        "lane_num": null,
        "lane_placement": null,
        "geofeature_id": "{DE3FA485-7DE7-4278-8DC1-A37BE77B4580}",
        "Shape_Length": 2370.144669600359,
        "layer": "bike_lanes"
      }
    },
    {
      "type": "Feature",
      "id": "bike_lanes_31",
      "geometry": {
        "type": "LineString",
        "coordinates": [
          [
            -123.1138848558576,
            44.03914011635979
          ],
          [
            -123.11344001704452,
            44.03913897274799
          ]
        ]
      },
      "properties": {
        "OBJECTID": 152,
        "bike_segid": 196,
        "eug_id": null,
        "name": null,
        "ftype": "Accessway",
        "ftypedes": "Accessway",
        "lane_type": null,
        "lane_typedes": null,
        "status": "Built",
        "maint": "UNKNOWN",
        "source": null,
        "easement": null,
        "lane_num": null,
        "lane_placement": null,
        "geofeature_id": "{22181FEB-00FA-45B0-AF2F-B06A143FC011}",
        "Shape_Length": 116.98147710088968,
        "layer": "bike_lanes"
      }
    },
    {
      "type": "Feature",
      "id": "bike_lanes_32",
      "geometry": {
        "type": "LineString",
        "coordinates": [
          [
            -123.08021108827181,
            44.03891800554008
          ],
          [
            -123.08021943410108,
            44.038375949373446
          ],
          [
            -123.08022786245515,
            44.03782849512124
          ],
          [
            -123.08023883962944,
            44.03728355921934
          ],
          [
            -123.08024996185692,
            44.03673133028706
          ],
          [
            -123.0802608734735,
            44.03618156760179
          ],
          [
            -123.08027172928873,
            44.03563441809102
          ],
          [
            -123.08028276142247,
            44.035084388630864
          ],
          [
            -123.08029374165315,
            44.034537034387796
          ],
          [
            -123.08031807888904,
            44.033480796473036
          ]
        ]
      },
      "properties": {
        "OBJECTID": 153,
        "bike_segid": 3034,
        "eug_id": null,
        "name": null,
        "ftype": "Neighborhood Greenway",
        "ftypedes": "Neighborhood Greenway",
        "lane_type": null,
        "lane_typedes": null,
        "status": "Built",
        "maint": "EUG",
        "source": null,
        "easement": null,
        "lane_num": null,
        "lane_placement": null,
        "geofeature_id": "{A5F3F59C-3D3D-4B98-B8CE-BE6BF1A62268}",
        "Shape_Length": 1982.3222342763995,
        "layer": "bike_lanes"
      }
    },
    {
      "type": "Feature",
      "id": "bike_lanes_33",
      "geometry": {
        "type": "LineString",
        "coordinates": [
          [
            -123.11587475952796,
            44.039146808388786
          ],
          [
            -123.11603480919305,
            44.03925221766523
          ],
          [
            -123.11592121359394,
            44.03934702201742
          ],
          [
            -123.11583601638682,
            44.039426512123605
          ]
        ]
      },
      "properties": {
        "OBJECTID": 154,
        "bike_segid": 200,
        "eug_id": null,
        "name": null,
        "ftype": "Accessway",
        "ftypedes": "Accessway",
        "lane_type": null,
        "lane_typedes": null,
        "status": "Built",
        "maint": "UNKNOWN",
        "source": null,
        "easement": null,
        "lane_num": null,
        "lane_placement": null,
        "geofeature_id": "{8364EA57-48FD-48EA-8EC3-5A19917542A2}",
        "Shape_Length": 139.30249255465534,
        "layer": "bike_lanes"
      }
    },
    {
      "type": "Feature",
      "id": "bike_lanes_34",
      "geometry": {
        "type": "LineString",
        "coordinates": [
          [
            -123.1151858910091,
            44.03656533638085
          ],
          [
            -123.1151613095214,
            44.03663831252477
          ],
          [
            -123.11515763878742,
            44.03670605425795
          ],
          [
            -123.11516126651284,
            44.03675933742998
          ],
          [
            -123.11517772067299,
            44.036834248577506
          ],
          [
            -123.11520580332399,
            44.03693367530903
          ],
          [
            -123.11525310272317,
            44.03704982009729
          ],
          [
            -123.11527780509086,
            44.037101675705166
          ],
          [
            -123.11531475554924,
            44.03719232431237
          ],
          [
            -123.11535211591548,
            44.037322988927556
          ],
          [
            -123.11537467336335,
            44.03738632722284
          ],
          [
            -123.1154397720128,
            44.037524513655335
          ],
          [
            -123.11549003417733,
            44.03761143162275
          ],
          [
            -123.1155398442789,
            44.03768787892411
          ],
          [
            -123.11562789490385,
            44.037808538234785
          ],
          [
            -123.11577895832275,
            44.03794140323111
          ],
          [
            -123.11580672123388,
            44.0379785138766
          ],
          [
            -123.11582250837338,
            44.0380075088768
          ],
          [
            -123.1158312625024,
            44.03804190371171
          ],
          [
            -123.11585154005158,
            44.03814102807267
          ],
          [
            -123.11587186308118,
            44.038207657223815
          ],
          [
            -123.1158759452971,
            44.03826836213605
          ],
          [
            -123.11586864132134,
            44.03830102184351
          ],
          [
            -123.11581964659644,
            44.038377598942766
          ],
          [
            -123.11579669140126,
            44.038417949790144
          ],
          [
            -123.11578829873119,
            44.03845901959138
          ],
          [
            -123.11578988626646,
            44.03849567301688
          ],
          [
            -123.11579641779096,
            44.038545840087814
          ],
          [
            -123.11582014403926,
            44.03862392324569
          ],
          [
            -123.11583316310585,
            44.03875675524201
          ],
          [
            -123.1158492666821,
            44.03886016778747
          ],
          [
            -123.11586391881512,
            44.0389300689903
          ],
          [
            -123.11587194857367,
            44.03898125126372
          ],
          [
            -123.1158740804392,
            44.039030470305605
          ],
          [
            -123.11587475952796,
            44.039146808388786
          ]
        ]
      },
      "properties": {
        "OBJECTID": 155,
        "bike_segid": 201,
        "eug_id": null,
        "name": "Westmoreland Park Path",
        "ftype": "Shared Use Path",
        "ftypedes": "Shared Use Path",
        "lane_type": null,
        "lane_typedes": null,
        "status": "Built",
        "maint": "UNKNOWN",
        "source": null,
        "easement": null,
        "lane_num": null,
        "lane_placement": null,
        "geofeature_id": "{8927CDFF-E6D1-44BD-AD68-44CC0FBD094B}",
        "Shape_Length": 987.0419477063698,
        "layer": "bike_lanes"
      }
    },
    {
      "type": "Feature",
      "id": "bike_lanes_35",
      "geometry": {
        "type": "LineString",
        "coordinates": [
          [
            -123.0882381705602,
            44.03998169820267
          ],
          [
            -123.08823665949917,
            44.03993248874411
          ],
          [
            -123.08823954681048,
            44.03905853507874
          ],
          [
            -123.0882438235839,
            44.03903667329923
          ],
          [
            -123.08825183999382,
            44.03901536650814
          ],
          [
            -123.08825684388995,
            44.0390065687027
          ],
          [
            -123.08826388488586,
            44.03899852952894
          ],
          [
            -123.08827275123178,
            44.0389914923163
          ]
        ]
      },
      "properties": {
        "OBJECTID": 156,
        "bike_segid": 202,
        "eug_id": null,
        "name": "High St Protected Bikeway",
        "ftype": "Protected Bikeway",
        "ftypedes": "Protected Bikeway",
        "lane_type": null,
        "lane_typedes": null,
        "status": "Built",
        "maint": "EUG",
        "source": null,
        "easement": null,
        "lane_num": 2,
        "lane_placement": "Curbside",
        "geofeature_id": "{25942C98-17AB-4570-BDC1-8F680654FB16}",
        "Shape_Length": 363.03922925885377,
        "layer": "bike_lanes"
      }
    },
    {
      "type": "Feature",
      "id": "bike_lanes_36",
      "geometry": {
        "type": "LineString",
        "coordinates": [
          [
            -123.0882381705602,
            44.03998169820267
          ],
          [
            -123.088149518854,
            44.03998070203608
          ],
          [
            -123.08745366602133,
            44.03997907919162
          ],
          [
            -123.08670336424024,
            44.03997635168545
          ],
          [
            -123.08518256017783,
            44.039974970620875
          ],
          [
            -123.08366293795446,
            44.03997277528264
          ],
          [
            -123.0821355662175,
            44.039975680184206
          ]
        ]
      },
      "properties": {
        "OBJECTID": 157,
        "bike_segid": 203,
        "eug_id": null,
        "name": null,
        "ftype": "Bike Lane",
        "ftypedes": "Bike Lane",
        "lane_type": null,
        "lane_typedes": null,
        "status": "Built",
        "maint": "UNKNOWN",
        "source": null,
        "easement": null,
        "lane_num": null,
        "lane_placement": "Curbside",
        "geofeature_id": "{64F9B8BB-85BE-4FBA-BC4F-B6A8294DB4D9}",
        "Shape_Length": 1604.8086448271254,
        "layer": "bike_lanes"
      }
    },
    {
      "type": "Feature",
      "id": "bike_lanes_37",
      "geometry": {
        "type": "LineString",
        "coordinates": [
          [
            -123.08962029906682,
            44.03998723475448
          ],
          [
            -123.0882381705602,
            44.03998169820267
          ]
        ]
      },
      "properties": {
        "OBJECTID": 158,
        "bike_segid": 205,
        "eug_id": null,
        "name": null,
        "ftype": "Bike Lane",
        "ftypedes": "Bike Lane",
        "lane_type": null,
        "lane_typedes": null,
        "status": "Built",
        "maint": "UNKNOWN",
        "source": null,
        "easement": null,
        "lane_num": null,
        "lane_placement": "Curbside",
        "geofeature_id": "{D547D7C0-BED7-41A6-86F9-E8ED119FE29B}",
        "Shape_Length": 363.46342623479484,
        "layer": "bike_lanes"
      }
    },
    {
      "type": "Feature",
      "id": "bike_lanes_38",
      "geometry": {
        "type": "LineString",
        "coordinates": [
          [
            -123.09127276045852,
            44.03999305651656
          ],
          [
            -123.08972294528377,
            44.039985337869425
          ]
        ]
      },
      "properties": {
        "OBJECTID": 160,
        "bike_segid": 208,
        "eug_id": null,
        "name": null,
        "ftype": "Bike Lane",
        "ftypedes": "Bike Lane",
        "lane_type": null,
        "lane_typedes": null,
        "status": "Built",
        "maint": "UNKNOWN",
        "source": null,
        "easement": null,
        "lane_num": null,
        "lane_placement": "Curbside",
        "geofeature_id": "{9C916252-0345-4CA3-AB90-7B1FFF37548C}",
        "Shape_Length": 407.56400477988853,
        "layer": "bike_lanes"
      }
    },
    {
      "type": "Feature",
      "id": "bike_lanes_39",
      "geometry": {
        "type": "LineString",
        "coordinates": [
          [
            -123.09267865416875,
            44.03999611450005
          ],
          [
            -123.09127276045852,
            44.03999305651656
          ]
        ]
      },
      "properties": {
        "OBJECTID": 161,
        "bike_segid": 209,
        "eug_id": null,
        "name": null,
        "ftype": "Bike Lane",
        "ftypedes": "Bike Lane",
        "lane_type": null,
        "lane_typedes": null,
        "status": "Built",
        "maint": "UNKNOWN",
        "source": null,
        "easement": null,
        "lane_num": null,
        "lane_placement": "Curbside",
        "geofeature_id": "{D215E091-0E4C-4628-AB48-BF891D661D07}",
        "Shape_Length": 369.708967787212,
        "layer": "bike_lanes"
      }
    },
    {
      "type": "Feature",
      "id": "bike_lanes_40",
      "geometry": {
        "type": "LineString",
        "coordinates": [
          [
            -123.09418991610356,
            44.03999018501566
          ],
          [
            -123.0928204493404,
            44.03999634137119
          ]
        ]
      },
      "properties": {
        "OBJECTID": 162,
        "bike_segid": 211,
        "eug_id": null,
        "name": null,
        "ftype": "Bike Lane",
        "ftypedes": "Bike Lane",
        "lane_type": null,
        "lane_typedes": null,
        "status": "Built",
        "maint": "UNKNOWN",
        "source": null,
        "easement": null,
        "lane_num": null,
        "lane_placement": "Curbside",
        "geofeature_id": "{20AD15C3-EA69-4317-AACA-539483B68890}",
        "Shape_Length": 360.13510880293444,
        "layer": "bike_lanes"
      }
    },
    {
      "type": "Feature",
      "id": "bike_lanes_41",
      "geometry": {
        "type": "LineString",
        "coordinates": [
          [
            -123.09560094838635,
            44.03999189161119
          ],
          [
            -123.09418991610356,
            44.03999018501566
          ]
        ]
      },
      "properties": {
        "OBJECTID": 163,
        "bike_segid": 212,
        "eug_id": null,
        "name": null,
        "ftype": "Bike Lane",
        "ftypedes": "Bike Lane",
        "lane_type": null,
        "lane_typedes": null,
        "status": "Built",
        "maint": "UNKNOWN",
        "source": null,
        "easement": null,
        "lane_num": null,
        "lane_placement": "Curbside",
        "geofeature_id": "{AEB509DE-4B90-4683-93C7-D6C83F22BCC2}",
        "Shape_Length": 371.0591187214494,
        "layer": "bike_lanes"
      }
    },
    {
      "type": "Feature",
      "id": "bike_lanes_42",
      "geometry": {
        "type": "LineString",
        "coordinates": [
          [
            -123.09701203993636,
            44.040055594434875
          ],
          [
            -123.09687470557485,
            44.04005536921165
          ],
          [
            -123.09680254903498,
            44.040053283032826
          ],
          [
            -123.0967551182737,
            44.040050788557636
          ],
          [
            -123.09669556028456,
            44.0400462423424
          ],
          [
            -123.09660406786664,
            44.04003626348292
          ],
          [
            -123.09643315570682,
            44.04001110573393
          ],
          [
            -123.09637401197834,
            44.04000431887689
          ],
          [
            -123.0963075292799,
            44.039998530843796
          ],
          [
            -123.09619511207615,
            44.03999293833295
          ],
          [
            -123.0961129130875,
            44.03999214245356
          ],
          [
            -123.09560094838635,
            44.03999189161119
          ]
        ]
      },
      "properties": {
        "OBJECTID": 164,
        "bike_segid": 213,
        "eug_id": null,
        "name": null,
        "ftype": "Bike Lane",
        "ftypedes": "Bike Lane",
        "lane_type": null,
        "lane_typedes": null,
        "status": "Built",
        "maint": "UNKNOWN",
        "source": null,
        "easement": null,
        "lane_num": null,
        "lane_placement": "Curbside",
        "geofeature_id": "{E390340D-E871-4427-8A5C-0188B5C0F649}",
        "Shape_Length": 372.8041702545453,
        "layer": "bike_lanes"
      }
    },
    {
      "type": "Feature",
      "id": "bike_lanes_43",
      "geometry": {
        "type": "LineString",
        "coordinates": [
          [
            -123.10550876363183,
            44.04022679038351
          ],
          [
            -123.10409103003013,
            44.04023518871902
          ],
          [
            -123.10267904351727,
            44.04023533086209
          ],
          [
            -123.10184182572914,
            44.040235514575805
          ],
          [
            -123.10126400909665,
            44.040233491020864
          ],
          [
            -123.10109465100842,
            44.04023506181201
          ],
          [
            -123.10053367548073,
            44.040232747227215
          ],
          [
            -123.09977680230006,
            44.040224489654484
          ],
          [
            -123.09965064390222,
            44.04022281351527
          ],
          [
            -123.09950683112383,
            44.04021702881634
          ],
          [
            -123.09941941265541,
            44.0402162855452
          ],
          [
            -123.09934555894768,
            44.04021163587078
          ],
          [
            -123.09927279611713,
            44.04020335918327
          ],
          [
            -123.09917251908689,
            44.04019389871749
          ],
          [
            -123.09908463602065,
            44.0401823588952
          ],
          [
            -123.09885972687788,
            44.04014867237702
          ],
          [
            -123.09842511850883,
            44.04007737389548
          ],
          [
            -123.09830851706255,
            44.04006589658997
          ],
          [
            -123.09823156464228,
            44.040060528628445
          ],
          [
            -123.09812116856273,
            44.040056546779546
          ],
          [
            -123.09792505608874,
            44.040055952125286
          ],
          [
            -123.097533694615,
            44.04005579957702
          ],
          [
            -123.09701203993636,
            44.040055594434875
          ]
        ]
      },
      "properties": {
        "OBJECTID": 165,
        "bike_segid": 214,
        "eug_id": null,
        "name": null,
        "ftype": "Bike Lane",
        "ftypedes": "Bike Lane",
        "lane_type": null,
        "lane_typedes": null,
        "status": "Built",
        "maint": "UNKNOWN",
        "source": null,
        "easement": null,
        "lane_num": null,
        "lane_placement": "Curbside",
        "geofeature_id": "{E9CA9345-7470-4570-831C-B9D96E5EA903}",
        "Shape_Length": 2239.9913722135752,
        "layer": "bike_lanes"
      }
    },
    {
      "type": "Feature",
      "id": "bike_lanes_44",
      "geometry": {
        "type": "LineString",
        "coordinates": [
          [
            -123.11226288767453,
            44.03905279791714
          ],
          [
            -123.11227396450174,
            44.03782833254523
          ],
          [
            -123.11225011162337,
            44.03665324631074
          ]
        ]
      },
      "properties": {
        "OBJECTID": 166,
        "bike_segid": 221,
        "eug_id": null,
        "name": "Polk St",
        "ftype": "Route",
        "ftypedes": "Route",
        "lane_type": null,
        "lane_typedes": null,
        "status": "Built",
        "maint": "EUG",
        "source": null,
        "easement": null,
        "lane_num": null,
        "lane_placement": null,
        "geofeature_id": "{3998C661-2E99-4C1D-BCB8-B24F673F18A4}",
        "Shape_Length": 874.8059423691527,
        "layer": "bike_lanes"
      }
    },
    {
      "type": "Feature",
      "id": "bike_lanes_45",
      "geometry": {
        "type": "LineString",
        "coordinates": [
          [
            -123.10975892423174,
            44.040259096149676
          ],
          [
            -123.1094832949212,
            44.040254840807904
          ],
          [
            -123.10831126596621,
            44.04024348099496
          ],
          [
            -123.1075212928027,
            44.040233633471196
          ],
          [
            -123.10621612545003,
            44.04021970433531
          ],
          [
            -123.10571408500549,
            44.040215022548395
          ],
          [
            -123.10550876363183,
            44.04022679038351
          ]
        ]
      },
      "properties": {
        "OBJECTID": 167,
        "bike_segid": 222,
        "eug_id": null,
        "name": null,
        "ftype": "Bike Lane",
        "ftypedes": "Bike Lane",
        "lane_type": null,
        "lane_typedes": null,
        "status": "Built",
        "maint": "UNKNOWN",
        "source": null,
        "easement": null,
        "lane_num": null,
        "lane_placement": "Curbside",
        "geofeature_id": "{87DFE8FA-DC46-41BB-9AD5-EB29CFEDA99B}",
        "Shape_Length": 1117.9526978838212,
        "layer": "bike_lanes"
      }
    },
    {
      "type": "Feature",
      "id": "bike_lanes_46",
      "geometry": {
        "type": "LineString",
        "coordinates": [
          [
            -123.11546438124253,
            44.04033032276335
          ],
          [
            -123.11252489944123,
            44.040282424875656
          ]
        ]
      },
      "properties": {
        "OBJECTID": 168,
        "bike_segid": 224,
        "eug_id": null,
        "name": null,
        "ftype": "Bike Lane",
        "ftypedes": "Bike Lane",
        "lane_type": null,
        "lane_typedes": null,
        "status": "Built",
        "maint": "UNKNOWN",
        "source": null,
        "easement": null,
        "lane_num": null,
        "lane_placement": "Curbside",
        "geofeature_id": "{8DB9F3BF-A96B-4C46-B2B7-B295C8F53508}",
        "Shape_Length": 773.1875120664284,
        "layer": "bike_lanes"
      }
    },
    {
      "type": "Feature",
      "id": "bike_lanes_47",
      "geometry": {
        "type": "LineString",
        "coordinates": [
          [
            -123.11761708801716,
            44.04032537520183
          ],
          [
            -123.11657869593262,
            44.04031898400195
          ],
          [
            -123.11643780738684,
            44.04031676947142
          ],
          [
            -123.11626142505607,
            44.0403139970621
          ],
          [
            -123.11598628709031,
            44.0403203097274
          ]
        ]
      },
      "properties": {
        "OBJECTID": 169,
        "bike_segid": 225,
        "eug_id": null,
        "name": null,
        "ftype": "Bike Lane",
        "ftypedes": "Bike Lane",
        "lane_type": null,
        "lane_typedes": null,
        "status": "Built",
        "maint": "UNKNOWN",
        "source": null,
        "easement": null,
        "lane_num": null,
        "lane_placement": "Curbside",
        "geofeature_id": "{5AA5902B-B4AB-4A99-B56D-24433DF5B88E}",
        "Shape_Length": 428.9150654264279,
        "layer": "bike_lanes"
      }
    },
    {
      "type": "Feature",
      "id": "bike_lanes_48",
      "geometry": {
        "type": "LineString",
        "coordinates": [
          [
            -123.092698386212,
            44.04112571791372
          ],
          [
            -123.09269414643214,
            44.040719229692144
          ],
          [
            -123.09268710530108,
            44.04041568711983
          ]
        ]
      },
      "properties": {
        "OBJECTID": 170,
        "bike_segid": 226,
        "eug_id": null,
        "name": "Willamette St",
        "ftype": "Bike Lane",
        "ftypedes": "Bike Lane",
        "lane_type": null,
        "lane_typedes": null,
        "status": "Built",
        "maint": "EUG",
        "source": null,
        "easement": null,
        "lane_num": null,
        "lane_placement": "Setback",
        "geofeature_id": "{D37E4ADB-087E-4B5A-B292-57B8F9FC0A82}",
        "Shape_Length": 258.85996083188536,
        "layer": "bike_lanes"
      }
    },
    {
      "type": "Feature",
      "id": "bike_lanes_49",
      "geometry": {
        "type": "LineString",
        "coordinates": [
          [
            -123.11563249792401,
            44.04009567777081
          ],
          [
            -123.1156734476198,
            44.040327486739635
          ]
        ]
      },
      "properties": {
        "OBJECTID": 171,
        "bike_segid": 227,
        "eug_id": null,
        "name": "Westmoreland Park Path",
        "ftype": "Shared Use Path",
        "ftypedes": "Shared Use Path",
        "lane_type": null,
        "lane_typedes": null,
        "status": "Built",
        "maint": "UNKNOWN",
        "source": null,
        "easement": null,
        "lane_num": null,
        "lane_placement": null,
        "geofeature_id": "{D180D7B0-9822-467B-87AE-941C7C14E7DA}",
        "Shape_Length": 85.18881377210421,
        "layer": "bike_lanes"
      }
    },
    {
      "type": "Feature",
      "id": "bike_lanes_50",
      "geometry": {
        "type": "LineString",
        "coordinates": [
          [
            -123.12408704902725,
            44.04044248739901
          ],
          [
            -123.12341711226726,
            44.04043338432049
          ],
          [
            -123.12276857456494,
            44.04042040643235
          ],
          [
            -123.12168274648029,
            44.040406821059044
          ],
          [
            -123.12125463046445,
            44.04040457937787
          ],
          [
            -123.12040472796349,
            44.040393754414104
          ],
          [
            -123.11978557774131,
            44.04038819651058
          ],
          [
            -123.11934242710055,
            44.04035912792445
          ],
          [
            -123.11784699877298,
            44.04032643034708
          ]
        ]
      },
      "properties": {
        "OBJECTID": 172,
        "bike_segid": 228,
        "eug_id": null,
        "name": null,
        "ftype": "Bike Lane",
        "ftypedes": "Bike Lane",
        "lane_type": null,
        "lane_typedes": null,
        "status": "Built",
        "maint": "EUG",
        "source": null,
        "easement": null,
        "lane_num": null,
        "lane_placement": "Curbside",
        "geofeature_id": "{DFCA20EC-1995-4C36-9ECE-DF9A5A27561A}",
        "Shape_Length": 1641.7842505940048,
        "layer": "bike_lanes"
      }
    },
    {
      "type": "Feature",
      "id": "bike_lanes_51",
      "geometry": {
        "type": "LineString",
        "coordinates": [
          [
            -123.11581036262395,
            44.04106795839292
          ],
          [
            -123.11572562382045,
            44.04105952966289
          ],
          [
            -123.11566691856743,
            44.04104617686571
          ],
          [
            -123.11562985412674,
            44.04102919298688
          ],
          [
            -123.11560131869902,
            44.04100782275644
          ],
          [
            -123.11557818250587,
            44.0409768972054
          ],
          [
            -123.11556543386162,
            44.040950978865176
          ],
          [
            -123.11555336697502,
            44.040907225068445
          ],
          [
            -123.11553304359995,
            44.04080705281718
          ],
          [
            -123.11550562149735,
            44.040696762308826
          ],
          [
            -123.11548051147167,
            44.0406006867466
          ],
          [
            -123.11547429741262,
            44.040557849123374
          ],
          [
            -123.11547184284595,
            44.04048163126821
          ],
          [
            -123.11547066182183,
            44.04044496511115
          ]
        ]
      },
      "properties": {
        "OBJECTID": 173,
        "bike_segid": 229,
        "eug_id": null,
        "name": null,
        "ftype": "Shared Use Path",
        "ftypedes": "Shared Use Path",
        "lane_type": null,
        "lane_typedes": null,
        "status": "Built",
        "maint": "UNKNOWN",
        "source": null,
        "easement": null,
        "lane_num": null,
        "lane_placement": null,
        "geofeature_id": "{998C9FB8-D3F2-4855-A6A3-94BDC889A4CA}",
        "Shape_Length": 270.40349015918076,
        "layer": "bike_lanes"
      }
    },
    {
      "type": "Feature",
      "id": "bike_lanes_52",
      "geometry": {
        "type": "LineString",
        "coordinates": [
          [
            -123.0504328688894,
            44.0389778553617
          ],
          [
            -123.05043242676902,
            44.03900888361754
          ],
          [
            -123.05043108856212,
            44.03910275198463
          ],
          [
            -123.05042584122586,
            44.039470675101725
          ],
          [
            -123.05040293287016,
            44.041077357209424
          ],
          [
            -123.05039959278923,
            44.04134689186205
          ],
          [
            -123.05041620163749,
            44.041408933072084
          ],
          [
            -123.05044906570555,
            44.04145228509803
          ]
        ]
      },
      "properties": {
        "OBJECTID": 174,
        "bike_segid": 3035,
        "eug_id": null,
        "name": "Augusta St",
        "ftype": "Neighborhood Greenway",
        "ftypedes": "Neighborhood Greenway",
        "lane_type": null,
        "lane_typedes": null,
        "status": "Built",
        "maint": "EUG",
        "source": null,
        "easement": null,
        "lane_num": null,
        "lane_placement": null,
        "geofeature_id": "{13007DE0-2B4C-4C0C-B2AA-AEFD52176C56}",
        "Shape_Length": 904.7188854988908,
        "layer": "bike_lanes"
      }
    },
    {
      "type": "Feature",
      "id": "bike_lanes_53",
      "geometry": {
        "type": "LineString",
        "coordinates": [
          [
            -123.11581036262395,
            44.04106795839292
          ],
          [
            -123.11588994087802,
            44.041364005521324
          ],
          [
            -123.11594729590102,
            44.041639562122135
          ]
        ]
      },
      "properties": {
        "OBJECTID": 175,
        "bike_segid": 241,
        "eug_id": null,
        "name": "Westmoreland Park Path",
        "ftype": "Shared Use Path",
        "ftypedes": "Shared Use Path",
        "lane_type": null,
        "lane_typedes": null,
        "status": "Built",
        "maint": "UNKNOWN",
        "source": null,
        "easement": null,
        "lane_num": null,
        "lane_placement": null,
        "geofeature_id": "{805DC9D6-EC91-41F2-BC86-67EAD8F39D3D}",
        "Shape_Length": 211.5130212072299,
        "layer": "bike_lanes"
      }
    },
    {
      "type": "Feature",
      "id": "bike_lanes_54",
      "geometry": {
        "type": "LineString",
        "coordinates": [
          [
            -123.11594729590102,
            44.041639562122135
          ],
          [
            -123.11604682036807,
            44.04163091424668
          ]
        ]
      },
      "properties": {
        "OBJECTID": 176,
        "bike_segid": 242,
        "eug_id": null,
        "name": null,
        "ftype": "Accessway",
        "ftypedes": "Accessway",
        "lane_type": null,
        "lane_typedes": null,
        "status": "Built",
        "maint": "UNKNOWN",
        "source": null,
        "easement": null,
        "lane_num": null,
        "lane_placement": null,
        "geofeature_id": "{7626E7E7-E377-4699-8431-30BAE7D7D156}",
        "Shape_Length": 26.360391413223596,
        "layer": "bike_lanes"
      }
    },
    {
      "type": "Feature",
      "id": "bike_lanes_55",
      "geometry": {
        "type": "LineString",
        "coordinates": [
          [
            -123.1055056857542,
            44.04032519424007
          ],
          [
            -123.105509327306,
            44.04112384870778
          ],
          [
            -123.10550858303961,
            44.041907324094225
          ]
        ]
      },
      "properties": {
        "OBJECTID": 177,
        "bike_segid": 3036,
        "eug_id": null,
        "name": "Friendly St",
        "ftype": "Neighborhood Greenway",
        "ftypedes": "Neighborhood Greenway",
        "lane_type": null,
        "lane_typedes": null,
        "status": "Built",
        "maint": "EUG",
        "source": null,
        "easement": null,
        "lane_num": null,
        "lane_placement": null,
        "geofeature_id": "{938C49DD-9DDB-497D-ACF2-3C1E4304F253}",
        "Shape_Length": 576.7639389947215,
        "layer": "bike_lanes"
      }
    },
    {
      "type": "Feature",
      "id": "bike_lanes_56",
      "geometry": {
        "type": "LineString",
        "coordinates": [
          [
            -123.10948828047287,
            44.04194730834117
          ],
          [
            -123.10936117365085,
            44.041913930793285
          ],
          [
            -123.10814494473628,
            44.04191185957715
          ],
          [
            -123.10550858303961,
            44.041907324094225
          ]
        ]
      },
      "properties": {
        "OBJECTID": 178,
        "bike_segid": 3037,
        "eug_id": null,
        "name": "Fern Ridge Path",
        "ftype": "Neighborhood Greenway",
        "ftypedes": "Neighborhood Greenway",
        "lane_type": null,
        "lane_typedes": null,
        "status": "Built",
        "maint": "EUG",
        "source": null,
        "easement": null,
        "lane_num": null,
        "lane_placement": null,
        "geofeature_id": "{6BE8537D-459C-4F34-BE1D-2E69C6810CD0}",
        "Shape_Length": 1048.6549295014092,
        "layer": "bike_lanes"
      }
    },
    {
      "type": "Feature",
      "id": "bike_lanes_57",
      "geometry": {
        "type": "LineString",
        "coordinates": [
          [
            -123.1031232134042,
            44.04198949337182
          ],
          [
            -123.10306473773633,
            44.04200698792719
          ],
          [
            -123.1026071810774,
            44.0421438834772
          ],
          [
            -123.10214434679254,
            44.04223569136712
          ]
        ]
      },
      "properties": {
        "OBJECTID": 179,
        "bike_segid": 245,
        "eug_id": null,
        "name": "16th Ave Connector",
        "ftype": "Shared Use Path",
        "ftypedes": "Shared Use Path",
        "lane_type": null,
        "lane_typedes": null,
        "status": "Built",
        "maint": "EUG",
        "source": null,
        "easement": null,
        "lane_num": null,
        "lane_placement": null,
        "geofeature_id": "{ED44B57B-9DC1-433F-AABE-85FCAC20ED9A}",
        "Shape_Length": 273.13017451158487,
        "layer": "bike_lanes"
      }
    },
    {
      "type": "Feature",
      "id": "bike_lanes_58",
      "geometry": {
        "type": "LineString",
        "coordinates": [
          [
            -123.10948828047287,
            44.04194730834117
          ],
          [
            -123.1103393923422,
            44.04195633341247
          ],
          [
            -123.11125155295804,
            44.04197984132122
          ],
          [
            -123.11180127296603,
            44.041989484538654
          ],
          [
            -123.11223198168811,
            44.04199967792084
          ],
          [
            -123.11232655077096,
            44.042010980875695
          ],
          [
            -123.11243932249397,
            44.042025439671185
          ],
          [
            -123.11252695266647,
            44.042026674466975
          ]
        ]
      },
      "properties": {
        "OBJECTID": 181,
        "bike_segid": 247,
        "eug_id": null,
        "name": "Fern Ridge Path",
        "ftype": "Shared Use Path",
        "ftypedes": "Shared Use Path",
        "lane_type": null,
        "lane_typedes": null,
        "status": "Built",
        "maint": "UNKNOWN",
        "source": null,
        "easement": null,
        "lane_num": null,
        "lane_placement": null,
        "geofeature_id": "{61E8AB1D-C7DE-43E2-AC79-2A653797D0BD}",
        "Shape_Length": 800.1413281557901,
        "layer": "bike_lanes"
      }
    },
    {
      "type": "Feature",
      "id": "bike_lanes_59",
      "geometry": {
        "type": "LineString",
        "coordinates": [
          [
            -123.07460985658572,
            44.04295800401739
          ],
          [
            -123.07460907184405,
            44.042141620124696
          ],
          [
            -123.07460869669771,
            44.041751750823664
          ],
          [
            -123.07461340181733,
            44.04129404066803
          ],
          [
            -123.0746211687851,
            44.04054974701103
          ],
          [
            -123.07463852618193,
            44.04007264043188
          ]
        ]
      },
      "properties": {
        "OBJECTID": 182,
        "bike_segid": 248,
        "eug_id": null,
        "name": null,
        "ftype": "Route",
        "ftypedes": "Route",
        "lane_type": null,
        "lane_typedes": null,
        "status": "Built",
        "maint": "UNKNOWN",
        "source": null,
        "easement": null,
        "lane_num": null,
        "lane_placement": null,
        "geofeature_id": "{2C1D7D69-934D-4599-A594-169EACBC0270}",
        "Shape_Length": 1051.926015072901,
        "layer": "bike_lanes"
      }
    },
    {
      "type": "Feature",
      "id": "bike_lanes_60",
      "geometry": {
        "type": "LineString",
        "coordinates": [
          [
            -123.07772901541719,
            44.040052220862805
          ],
          [
            -123.07773073989769,
            44.04019348528235
          ],
          [
            -123.07760286858331,
            44.04035451048359
          ],
          [
            -123.07747869172978,
            44.040540229814845
          ],
          [
            -123.07745591755375,
            44.04081136648482
          ],
          [
            -123.07747489889728,
            44.041565661129
          ],
          [
            -123.07736570572024,
            44.041792975490836
          ],
          [
            -123.07737517164864,
            44.04195285654174
          ],
          [
            -123.07727341328236,
            44.04198048947648
          ],
          [
            -123.07728022750852,
            44.04251445938894
          ]
        ]
      },
      "properties": {
        "OBJECTID": 183,
        "bike_segid": 249,
        "eug_id": null,
        "name": null,
        "ftype": "Route",
        "ftypedes": "Route",
        "lane_type": null,
        "lane_typedes": null,
        "status": "Built",
        "maint": "UNKNOWN",
        "source": null,
        "easement": null,
        "lane_num": null,
        "lane_placement": null,
        "geofeature_id": "{ACE96FF6-F1C1-4797-90FD-DAF60AB6D00E}",
        "Shape_Length": 937.658625188971,
        "layer": "bike_lanes"
      }
    },
    {
      "type": "Feature",
      "id": "bike_lanes_61",
      "geometry": {
        "type": "LineString",
        "coordinates": [
          [
            -123.11594729590102,
            44.041639562122135
          ],
          [
            -123.1159574002029,
            44.04168009971046
          ],
          [
            -123.11596792530135,
            44.04175533515893
          ],
          [
            -123.11596783461951,
            44.04178678415029
          ],
          [
            -123.11595195579265,
            44.04182278221845
          ],
          [
            -123.11592723025498,
            44.04185583453338
          ],
          [
            -123.1159007356099,
            44.04188158924473
          ],
          [
            -123.11586829736183,
            44.041904332763416
          ],
          [
            -123.11582855598277,
            44.04192619368903
          ],
          [
            -123.11577583750925,
            44.041950443234654
          ],
          [
            -123.11564431641611,
            44.042000577275125
          ],
          [
            -123.11559840327985,
            44.04201419075547
          ]
        ]
      },
      "properties": {
        "OBJECTID": 184,
        "bike_segid": 251,
        "eug_id": null,
        "name": "Westmoreland Park Path",
        "ftype": "Shared Use Path",
        "ftypedes": "Shared Use Path",
        "lane_type": null,
        "lane_typedes": null,
        "status": "Built",
        "maint": "UNKNOWN",
        "source": null,
        "easement": null,
        "lane_num": null,
        "lane_placement": null,
        "geofeature_id": "{D2590AA8-D0BB-4494-8F06-BB2B2456F721}",
        "Shape_Length": 186.85013532353807,
        "layer": "bike_lanes"
      }
    },
    {
      "type": "Feature",
      "id": "bike_lanes_62",
      "geometry": {
        "type": "LineString",
        "coordinates": [
          [
            -123.11559840327985,
            44.04201419075547
          ],
          [
            -123.11550481040234,
            44.04203412000177
          ],
          [
            -123.1153443436727,
            44.04205345904436
          ],
          [
            -123.11524004302065,
            44.04206105058515
          ],
          [
            -123.11515153065194,
            44.04206409396598
          ],
          [
            -123.11481998292925,
            44.04205898427078
          ],
          [
            -123.11473555438943,
            44.04205564504242
          ],
          [
            -123.11469463241176,
            44.04205027845951
          ],
          [
            -123.11465479921938,
            44.04203649998617
          ],
          [
            -123.1146249028042,
            44.04201725724449
          ],
          [
            -123.11441975471745,
            44.041843679589846
          ]
        ]
      },
      "properties": {
        "OBJECTID": 185,
        "bike_segid": 252,
        "eug_id": null,
        "name": "Blue Heron Path",
        "ftype": "Shared Use Path",
        "ftypedes": "Shared Use Path",
        "lane_type": null,
        "lane_typedes": null,
        "status": "Built",
        "maint": "UNKNOWN",
        "source": null,
        "easement": null,
        "lane_num": null,
        "lane_placement": null,
        "geofeature_id": "{4B21ACF5-4692-4ACF-8E48-4F82244BE42B}",
        "Shape_Length": 344.99090035275964,
        "layer": "bike_lanes"
      }
    },
    {
      "type": "Feature",
      "id": "bike_lanes_63",
      "geometry": {
        "type": "LineString",
        "coordinates": [
          [
            -123.11252695266647,
            44.042026674466975
          ],
          [
            -123.112528848394,
            44.04182967647541
          ],
          [
            -123.11253309302549,
            44.041619975697074
          ],
          [
            -123.11256383906947,
            44.041187374558724
          ],
          [
            -123.11254367516507,
            44.04072126782597
          ],
          [
            -123.11252162838672,
            44.04037855187437
          ]
        ]
      },
      "properties": {
        "OBJECTID": 186,
        "bike_segid": 253,
        "eug_id": null,
        "name": "Polk St",
        "ftype": "Route",
        "ftypedes": "Route",
        "lane_type": null,
        "lane_typedes": null,
        "status": "Built",
        "maint": "EUG",
        "source": null,
        "easement": null,
        "lane_num": null,
        "lane_placement": null,
        "geofeature_id": "{699DA79D-EFE0-46A1-BD07-504A2C38AF9D}",
        "Shape_Length": 601.2539914676772,
        "layer": "bike_lanes"
      }
    },
    {
      "type": "Feature",
      "id": "bike_lanes_64",
      "geometry": {
        "type": "LineString",
        "coordinates": [
          [
            -123.11282393444887,
            44.04225019494759
          ],
          [
            -123.11290431081805,
            44.042253005509906
          ],
          [
            -123.1132180146074,
            44.04227010086363
          ],
          [
            -123.11372102724059,
            44.04228050935106
          ],
          [
            -123.11458264406551,
            44.04230173848671
          ],
          [
            -123.115094056634,
            44.04232205354561
          ],
          [
            -123.11516442209911,
            44.042336191102464
          ],
          [
            -123.1152239587391,
            44.04235291999634
          ],
          [
            -123.11535219918663,
            44.04237703373137
          ],
          [
            -123.11559139441285,
            44.04237845786725
          ]
        ]
      },
      "properties": {
        "OBJECTID": 187,
        "bike_segid": 258,
        "eug_id": null,
        "name": "Fern Ridge Path",
        "ftype": "Shared Use Path",
        "ftypedes": "Shared Use Path",
        "lane_type": null,
        "lane_typedes": null,
        "status": "Built",
        "maint": "UNKNOWN",
        "source": null,
        "easement": null,
        "lane_num": null,
        "lane_placement": null,
        "geofeature_id": "{206FA660-3A49-46A7-98A6-15B7D172F68E}",
        "Shape_Length": 731.3595216980157,
        "layer": "bike_lanes"
      }
    },
    {
      "type": "Feature",
      "id": "bike_lanes_65",
      "geometry": {
        "type": "LineString",
        "coordinates": [
          [
            -123.06958225535743,
            44.043309550615696
          ],
          [
            -123.0664186142796,
            44.0432979416362
          ],
          [
            -123.0656213759596,
            44.04329504425164
          ],
          [
            -123.06484381348015,
            44.04329221442536
          ],
          [
            -123.06478419959508,
            44.043291997475066
          ],
          [
            -123.06471194654016,
            44.043293679591656
          ],
          [
            -123.06394233307633,
            44.043288903306156
          ],
          [
            -123.06314841244746,
            44.043285978685525
          ],
          [
            -123.06234842663348,
            44.043283020463996
          ],
          [
            -123.06155029871383,
            44.043280066151446
          ]
        ]
      },
      "properties": {
        "OBJECTID": 188,
        "bike_segid": 259,
        "eug_id": null,
        "name": null,
        "ftype": "Route",
        "ftypedes": "Route",
        "lane_type": null,
        "lane_typedes": null,
        "status": "Built",
        "maint": "UNKNOWN",
        "source": null,
        "easement": null,
        "lane_num": null,
        "lane_placement": null,
        "geofeature_id": "{D8117304-E041-4931-ABD6-563C8AD8EC27}",
        "Shape_Length": 2112.0867864840543,
        "layer": "bike_lanes"
      }
    },
    {
      "type": "Feature",
      "id": "bike_lanes_66",
      "geometry": {
        "type": "LineString",
        "coordinates": [
          [
            -123.11810077385513,
            44.04237819911052
          ],
          [
            -123.11808322673386,
            44.04229653748264
          ]
        ]
      },
      "properties": {
        "OBJECTID": 189,
        "bike_segid": 262,
        "eug_id": null,
        "name": null,
        "ftype": "Bike Lane",
        "ftypedes": "Bike Lane",
        "lane_type": null,
        "lane_typedes": null,
        "status": "Built",
        "maint": "UNKNOWN",
        "source": null,
        "easement": null,
        "lane_num": null,
        "lane_placement": "Curbside",
        "geofeature_id": "{28F75F98-BE92-4EB3-8662-4938983E36A4}",
        "Shape_Length": 30.125068755290293,
        "layer": "bike_lanes"
      }
    },
    {
      "type": "Feature",
      "id": "bike_lanes_67",
      "geometry": {
        "type": "LineString",
        "coordinates": [
          [
            -123.06155029871383,
            44.043280066151446
          ],
          [
            -123.06134341099887,
            44.04327928892787
          ],
          [
            -123.05996618058222,
            44.043274096663126
          ],
          [
            -123.05985698689224,
            44.04329119040179
          ],
          [
            -123.0597485008455,
            44.04329750421513
          ],
          [
            -123.05953285008994,
            44.0433414856412
          ],
          [
            -123.05928049959621,
            44.04341765012463
          ],
          [
            -123.05910304820927,
            44.043464710553394
          ],
          [
            -123.05900609077075,
            44.04348645974401
          ],
          [
            -123.05882336884156,
            44.04353755715238
          ],
          [
            -123.05872097506237,
            44.043559425948054
          ],
          [
            -123.05864574686967,
            44.043580695807734
          ],
          [
            -123.05855948662787,
            44.04359828758834
          ],
          [
            -123.05832713537725,
            44.04367381369882
          ]
        ]
      },
      "properties": {
        "OBJECTID": 190,
        "bike_segid": 263,
        "eug_id": null,
        "name": null,
        "ftype": "Route",
        "ftypedes": "Route",
        "lane_type": null,
        "lane_typedes": null,
        "status": "Built",
        "maint": "UNKNOWN",
        "source": null,
        "easement": null,
        "lane_num": null,
        "lane_placement": null,
        "geofeature_id": "{57E99F0F-9393-4F9F-8D54-51FD3F2093E8}",
        "Shape_Length": 873.2812133932742,
        "layer": "bike_lanes"
      }
    },
    {
      "type": "Feature",
      "id": "bike_lanes_68",
      "geometry": {
        "type": "LineString",
        "coordinates": [
          [
            -123.11559840327985,
            44.04201419075547
          ],
          [
            -123.11559971653678,
            44.04221227642164
          ],
          [
            -123.11559139441285,
            44.04237845786725
          ]
        ]
      },
      "properties": {
        "OBJECTID": 191,
        "bike_segid": 264,
        "eug_id": null,
        "name": "Blue Heron Path",
        "ftype": "Shared Use Path",
        "ftypedes": "Shared Use Path",
        "lane_type": null,
        "lane_typedes": null,
        "status": "Built",
        "maint": "UNKNOWN",
        "source": null,
        "easement": null,
        "lane_num": null,
        "lane_placement": null,
        "geofeature_id": "{703D8A52-134A-4E8A-92B1-D5D1035A558C}",
        "Shape_Length": 132.83325435567588,
        "layer": "bike_lanes"
      }
    },
    {
      "type": "Feature",
      "id": "bike_lanes_69",
      "geometry": {
        "type": "LineString",
        "coordinates": [
          [
            -123.11559139441285,
            44.04237845786725
          ],
          [
            -123.11566038500338,
            44.04237952329642
          ],
          [
            -123.1157066146582,
            44.042373240134765
          ],
          [
            -123.1158065373506,
            44.042355515458205
          ],
          [
            -123.11589117158803,
            44.04233973080397
          ],
          [
            -123.11595940527044,
            44.04233819291086
          ],
          [
            -123.1161158165448,
            44.042342673941675
          ],
          [
            -123.11663753682764,
            44.04235762112562
          ],
          [
            -123.11688189720982,
            44.04236580891711
          ]
        ]
      },
      "properties": {
        "OBJECTID": 192,
        "bike_segid": 265,
        "eug_id": null,
        "name": "Fern Ridge Path",
        "ftype": "Shared Use Path",
        "ftypedes": "Shared Use Path",
        "lane_type": null,
        "lane_typedes": null,
        "status": "Built",
        "maint": "UNKNOWN",
        "source": null,
        "easement": null,
        "lane_num": null,
        "lane_placement": null,
        "geofeature_id": "{CEF2F052-5F1F-4191-9819-00034E4F0D90}",
        "Shape_Length": 341.3011249199278,
        "layer": "bike_lanes"
      }
    },
    {
      "type": "Feature",
      "id": "bike_lanes_70",
      "geometry": {
        "type": "LineString",
        "coordinates": [
          [
            -123.11808322673386,
            44.04229653748264
          ],
          [
            -123.11811208936808,
            44.042296425765734
          ],
          [
            -123.11819840521818,
            44.042296092206904
          ],
          [
            -123.1183325140775,
            44.04230564565729
          ],
          [
            -123.11857759267534,
            44.042327370316116
          ],
          [
            -123.11883532376764,
            44.04235925198112
          ],
          [
            -123.11897383900802,
            44.042383420744784
          ],
          [
            -123.11903339331664,
            44.042402803533584
          ]
        ]
      },
      "properties": {
        "OBJECTID": 193,
        "bike_segid": 266,
        "eug_id": null,
        "name": "Fern Ridge Path",
        "ftype": "Shared Use Path",
        "ftypedes": "Shared Use Path",
        "lane_type": null,
        "lane_typedes": null,
        "status": "Built",
        "maint": "EUG",
        "source": null,
        "easement": null,
        "lane_num": null,
        "lane_placement": null,
        "geofeature_id": "{009884D6-5F93-4233-AB46-6AFC097E2BD4}",
        "Shape_Length": 254.07214077091245,
        "layer": "bike_lanes"
      }
    },
    {
      "type": "Feature",
      "id": "bike_lanes_71",
      "geometry": {
        "type": "LineString",
        "coordinates": [
          [
            -123.07461030099905,
            44.04327937369932
          ],
          [
            -123.07460985658572,
            44.04295800401739
          ]
        ]
      },
      "properties": {
        "OBJECTID": 194,
        "bike_segid": 268,
        "eug_id": null,
        "name": null,
        "ftype": "Route",
        "ftypedes": "Route",
        "lane_type": null,
        "lane_typedes": null,
        "status": "Built",
        "maint": "UNKNOWN",
        "source": null,
        "easement": null,
        "lane_num": null,
        "lane_placement": null,
        "geofeature_id": "{9FB5A353-3D3E-4DC9-AFA7-755B251F57D2}",
        "Shape_Length": 117.1548416577585,
        "layer": "bike_lanes"
      }
    },
    {
      "type": "Feature",
      "id": "bike_lanes_72",
      "geometry": {
        "type": "LineString",
        "coordinates": [
          [
            -123.07461030099905,
            44.04327937369932
          ],
          [
            -123.07332027242919,
            44.04330217175285
          ],
          [
            -123.07250101129483,
            44.043306050526404
          ],
          [
            -123.06977140692707,
            44.043308530487835
          ]
        ]
      },
      "properties": {
        "OBJECTID": 195,
        "bike_segid": 269,
        "eug_id": null,
        "name": null,
        "ftype": "Route",
        "ftypedes": "Route",
        "lane_type": null,
        "lane_typedes": null,
        "status": "Built",
        "maint": "UNKNOWN",
        "source": null,
        "easement": null,
        "lane_num": null,
        "lane_placement": null,
        "geofeature_id": "{29CB71BA-2800-444F-857B-BAFFF1BE9EC4}",
        "Shape_Length": 1272.5193041693265,
        "layer": "bike_lanes"
      }
    },
    {
      "type": "Feature",
      "id": "bike_lanes_73",
      "geometry": {
        "type": "LineString",
        "coordinates": [
          [
            -123.11797332333883,
            44.04239853841967
          ],
          [
            -123.1178918612933,
            44.042405884602964
          ],
          [
            -123.11782784612419,
            44.04240418423677
          ],
          [
            -123.11770884665634,
            44.04240791629036
          ],
          [
            -123.11715286121661,
            44.04242150271775
          ],
          [
            -123.11710046110198,
            44.04241954004016
          ],
          [
            -123.1170421173017,
            44.04241456621335
          ],
          [
            -123.11697175130587,
            44.042400429794974
          ],
          [
            -123.11688114589961,
            44.042365783537335
          ]
        ]
      },
      "properties": {
        "OBJECTID": 196,
        "bike_segid": 272,
        "eug_id": null,
        "name": null,
        "ftype": "Shared Use Path",
        "ftypedes": "Shared Use Path",
        "lane_type": null,
        "lane_typedes": null,
        "status": "Built",
        "maint": "UNKNOWN",
        "source": null,
        "easement": null,
        "lane_num": null,
        "lane_placement": null,
        "geofeature_id": "{B78DE0B0-C46C-44AF-B7E1-8B0C0D3EDC57}",
        "Shape_Length": 291.45986261640496,
        "layer": "bike_lanes"
      }
    },
    {
      "type": "Feature",
      "id": "bike_lanes_74",
      "geometry": {
        "type": "LineString",
        "coordinates": [
          [
            -123.0786413590237,
            44.04295814123139
          ],
          [
            -123.0784048766416,
            44.04296197407428
          ],
          [
            -123.07825905053195,
            44.04278300751897
          ],
          [
            -123.07825902884416,
            44.042513277650826
          ]
        ]
      },
      "properties": {
        "OBJECTID": 197,
        "bike_segid": 274,
        "eug_id": null,
        "name": null,
        "ftype": "Shared Use Path",
        "ftypedes": "Shared Use Path",
        "lane_type": null,
        "lane_typedes": null,
        "status": "Built",
        "maint": "UNKNOWN",
        "source": null,
        "easement": null,
        "lane_num": null,
        "lane_placement": null,
        "geofeature_id": "{0FA10BC1-D7C1-455B-BD08-CEC90C7CBC7F}",
        "Shape_Length": 236.20634495221134,
        "layer": "bike_lanes"
      }
    },
    {
      "type": "Feature",
      "id": "bike_lanes_75",
      "geometry": {
        "type": "LineString",
        "coordinates": [
          [
            -123.11903339331664,
            44.042402803533584
          ],
          [
            -123.11887474319934,
            44.04240257917635
          ],
          [
            -123.11871450336001,
            44.04239361683332
          ],
          [
            -123.11842292260611,
            44.04237189257888
          ],
          [
            -123.11813428557124,
            44.0423702956822
          ],
          [
            -123.11810077385513,
            44.04237819911052
          ]
        ]
      },
      "properties": {
        "OBJECTID": 198,
        "bike_segid": 275,
        "eug_id": null,
        "name": "Fern Ridge Path",
        "ftype": "Shared Use Path",
        "ftypedes": "Shared Use Path",
        "lane_type": null,
        "lane_typedes": null,
        "status": "Built",
        "maint": "EUG",
        "source": null,
        "easement": null,
        "lane_num": null,
        "lane_placement": null,
        "geofeature_id": "{A5780EA7-55DD-49FF-91BD-F4999CBDE3BD}",
        "Shape_Length": 246.23660335882747,
        "layer": "bike_lanes"
      }
    },
    {
      "type": "Feature",
      "id": "bike_lanes_76",
      "geometry": {
        "type": "LineString",
        "coordinates": [
          [
            -123.08471497916894,
            44.06059861431335
          ],
          [
            -123.08475016795273,
            44.060592135910355
          ],
          [
            -123.0847262329832,
            44.06056551013535
          ],
          [
            -123.0847082689707,
            44.06053946724129
          ],
          [
            -123.08468925455729,
            44.060512017000185
          ],
          [
            -123.08469066571968,
            44.06047553666532
          ],
          [
            -123.08469975249734,
            44.06031738784758
          ],
          [
            -123.08467926648233,
            44.05993923916459
          ],
          [
            -123.0846582067415,
            44.05968499318746
          ],
          [
            -123.08463652112054,
            44.059585895760534
          ],
          [
            -123.08461546199814,
            44.05950145993538
          ],
          [
            -123.08454785308518,
            44.05931428793458
          ],
          [
            -123.08451294037135,
            44.05924302264841
          ],
          [
            -123.08449182551905,
            44.059193941190664
          ],
          [
            -123.08450175661234,
            44.059120345925784
          ]
        ]
      },
      "properties": {
        "OBJECTID": 199,
        "bike_segid": 282,
        "eug_id": null,
        "name": null,
        "ftype": "Sidewalk Path",
        "ftypedes": "Sidewalk Path",
        "lane_type": null,
        "lane_typedes": null,
        "status": "Built",
        "maint": "UNKNOWN",
        "source": null,
        "easement": null,
        "lane_num": null,
        "lane_placement": null,
        "geofeature_id": "{3F558F6D-A37F-4972-95A4-E78DD7036D7E}",
        "Shape_Length": 556.3234598127326,
        "layer": "bike_lanes"
      }
    },
    {
      "type": "Feature",
      "id": "bike_lanes_77",
      "geometry": {
        "type": "LineString",
        "coordinates": [
          [
            -123.11235236014463,
            44.060223039094296
          ],
          [
            -123.11208455742057,
            44.060222750066984
          ],
          [
            -123.11194793897425,
            44.0601978994613
          ],
          [
            -123.11190963703683,
            44.06018618159563
          ],
          [
            -123.11186557249424,
            44.060175643230004
          ],
          [
            -123.11180439856824,
            44.060172826245655
          ],
          [
            -123.11125056467729,
            44.06017270546561
          ],
          [
            -123.11121112798067,
            44.0601683511935
          ],
          [
            -123.1111800434472,
            44.06015542359197
          ],
          [
            -123.1111501832084,
            44.060137227191525
          ],
          [
            -123.11109976730016,
            44.06011425183134
          ],
          [
            -123.11105901454728,
            44.060113072220496
          ],
          [
            -123.11039099131835,
            44.06011275025804
          ]
        ]
      },
      "properties": {
        "OBJECTID": 200,
        "bike_segid": 284,
        "eug_id": null,
        "name": null,
        "ftype": "Accessway",
        "ftypedes": "Accessway",
        "lane_type": null,
        "lane_typedes": null,
        "status": "Built",
        "maint": "UNKNOWN",
        "source": null,
        "easement": null,
        "lane_num": null,
        "lane_placement": null,
        "geofeature_id": "{21E5C863-5658-49BD-A5B9-483AC5C4265E}",
        "Shape_Length": 524.4985043994733,
        "layer": "bike_lanes"
      }
    },
    {
      "type": "Feature",
      "id": "bike_lanes_78",
      "geometry": {
        "type": "LineString",
        "coordinates": [
          [
            -123.08231928466826,
            44.060130704278436
          ],
          [
            -123.08233671272676,
            44.060137267689484
          ],
          [
            -123.08236312792148,
            44.060152402850534
          ],
          [
            -123.08244268155754,
            44.06020494968334
          ],
          [
            -123.08268771000378,
            44.06037245430926
          ],
          [
            -123.08306686213618,
            44.06061701869719
          ],
          [
            -123.08331987957418,
            44.06078660698486
          ],
          [
            -123.08350393828738,
            44.06087256265756
          ],
          [
            -123.08370157885861,
            44.06090532748606
          ],
          [
            -123.08387993054488,
            44.06090421800503
          ]
        ]
      },
      "properties": {
        "OBJECTID": 201,
        "bike_segid": 286,
        "eug_id": null,
        "name": null,
        "ftype": "Bike Lane",
        "ftypedes": "Bike Lane",
        "lane_type": null,
        "lane_typedes": null,
        "status": "Built",
        "maint": "UNKNOWN",
        "source": null,
        "easement": null,
        "lane_num": null,
        "lane_placement": "Curbside",
        "geofeature_id": "{D871D999-6D9C-481C-8596-939868E84EE9}",
        "Shape_Length": 513.5355719299022,
        "layer": "bike_lanes"
      }
    },
    {
      "type": "Feature",
      "id": "bike_lanes_79",
      "geometry": {
        "type": "LineString",
        "coordinates": [
          [
            -123.09286715654514,
            44.06073128036147
          ],
          [
            -123.09271468579026,
            44.06070114192841
          ],
          [
            -123.0926410840955,
            44.06067972544382
          ],
          [
            -123.09257456511818,
            44.06065395669906
          ],
          [
            -123.09249597786913,
            44.06061797586237
          ],
          [
            -123.09239670021765,
            44.06057407155979
          ],
          [
            -123.09226937970608,
            44.06052031087642
          ],
          [
            -123.09220290605955,
            44.06049558987618
          ],
          [
            -123.09199186553944,
            44.060421685165096
          ],
          [
            -123.09181136781088,
            44.060348147213624
          ],
          [
            -123.09166476502105,
            44.06028538196692
          ],
          [
            -123.0915090459184,
            44.06021338655798
          ],
          [
            -123.09136548394318,
            44.060153699059775
          ],
          [
            -123.09110390132786,
            44.06005366762192
          ],
          [
            -123.09088247369749,
            44.05997475154638
          ],
          [
            -123.09068064424261,
            44.059912170353485
          ],
          [
            -123.09054823758014,
            44.059875292137974
          ],
          [
            -123.09048752843165,
            44.05984939349273
          ],
          [
            -123.09044896256555,
            44.05983138615579
          ],
          [
            -123.09041130953058,
            44.05980077988076
          ],
          [
            -123.09037311734826,
            44.05975760706466
          ],
          [
            -123.09029369507878,
            44.05964017630732
          ],
          [
            -123.09021807369679,
            44.05957163334049
          ]
        ]
      },
      "properties": {
        "OBJECTID": 202,
        "bike_segid": 287,
        "eug_id": null,
        "name": "Ruth Bascom Path - South Bank",
        "ftype": "Shared Use Path",
        "ftypedes": "Shared Use Path",
        "lane_type": null,
        "lane_typedes": null,
        "status": "Built",
        "maint": "UNKNOWN",
        "source": null,
        "easement": null,
        "lane_num": null,
        "lane_placement": null,
        "geofeature_id": "{34B2FD0C-9FC3-4F8A-A031-A6EB8C1DDC96}",
        "Shape_Length": 830.5915302400122,
        "layer": "bike_lanes"
      }
    },
    {
      "type": "Feature",
      "id": "bike_lanes_80",
      "geometry": {
        "type": "LineString",
        "coordinates": [
          [
            -123.10331103559014,
            44.05983053521859
          ],
          [
            -123.10333217224766,
            44.05878698469927
          ]
        ]
      },
      "properties": {
        "OBJECTID": 203,
        "bike_segid": 288,
        "eug_id": null,
        "name": "Madison St",
        "ftype": "Route",
        "ftypedes": "Route",
        "lane_type": null,
        "lane_typedes": null,
        "status": "Built",
        "maint": "EUG",
        "source": null,
        "easement": null,
        "lane_num": null,
        "lane_placement": null,
        "geofeature_id": "{EDAFDEB9-1247-4AE9-9CB6-6A4ECA68497E}",
        "Shape_Length": 380.4679291688871,
        "layer": "bike_lanes"
      }
    },
    {
      "type": "Feature",
      "id": "bike_lanes_81",
      "geometry": {
        "type": "LineString",
        "coordinates": [
          [
            -123.0845928373747,
            44.06147051670097
          ],
          [
            -123.0845846934504,
            44.061244328704205
          ],
          [
            -123.08458510893831,
            44.06122959258808
          ],
          [
            -123.08456685869825,
            44.06074820264479
          ]
        ]
      },
      "properties": {
        "OBJECTID": 204,
        "bike_segid": 290,
        "eug_id": null,
        "name": null,
        "ftype": "Route",
        "ftypedes": "Route",
        "lane_type": null,
        "lane_typedes": null,
        "status": "Built",
        "maint": "UNKNOWN",
        "source": null,
        "easement": null,
        "lane_num": null,
        "lane_placement": null,
        "geofeature_id": "{E576D1A7-DF91-4C8E-BBC6-6C60628EFCF1}",
        "Shape_Length": 263.4149642937613,
        "layer": "bike_lanes"
      }
    },
    {
      "type": "Feature",
      "id": "bike_lanes_82",
      "geometry": {
        "type": "LineString",
        "coordinates": [
          [
            -123.098138881281,
            44.06227170411916
          ],
          [
            -123.0978691167339,
            44.06215090665101
          ],
          [
            -123.09783121063788,
            44.06213639309477
          ],
          [
            -123.09754798405305,
            44.061963993492455
          ],
          [
            -123.09718317425822,
            44.06181743188804
          ],
          [
            -123.09710366343576,
            44.06178876168455
          ],
          [
            -123.09702120411686,
            44.06176481154464
          ],
          [
            -123.0969363336539,
            44.06174573691693
          ],
          [
            -123.09684960554551,
            44.061731662276586
          ],
          [
            -123.0967615856558,
            44.06172268030957
          ],
          [
            -123.09667284831812,
            44.06171884839861
          ],
          [
            -123.09658397025296,
            44.06172019236064
          ],
          [
            -123.09649553290917,
            44.061726702793095
          ],
          [
            -123.09640811131463,
            44.06173833712389
          ],
          [
            -123.09637856281981,
            44.061732468218146
          ],
          [
            -123.09631847980451,
            44.06172123324724
          ],
          [
            -123.09627432551837,
            44.06170859398671
          ],
          [
            -123.0961334354004,
            44.06164361036668
          ],
          [
            -123.0960204971443,
            44.06158638790547
          ],
          [
            -123.09593319438416,
            44.06155060421266
          ],
          [
            -123.09567404072163,
            44.061473588636055
          ],
          [
            -123.09554140250393,
            44.06143148084938
          ],
          [
            -123.09543524678531,
            44.06139154243211
          ],
          [
            -123.09524926688907,
            44.061338754985755
          ],
          [
            -123.09507895923079,
            44.0612919242415
          ],
          [
            -123.09501103151166,
            44.061267236413066
          ],
          [
            -123.09494446590857,
            44.06124042287377
          ],
          [
            -123.09489528096707,
            44.061212171873805
          ],
          [
            -123.09481487950788,
            44.06116784770191
          ],
          [
            -123.09475091440444,
            44.06112884666278
          ],
          [
            -123.09467449782402,
            44.06108083804662
          ],
          [
            -123.09461664600059,
            44.06105382958665
          ],
          [
            -123.09457217877123,
            44.061033859337975
          ],
          [
            -123.09451019469739,
            44.06101218349242
          ],
          [
            -123.094421935429,
            44.06098795057436
          ],
          [
            -123.09435269007083,
            44.06096643690807
          ],
          [
            -123.09431117328967,
            44.0609474486967
          ],
          [
            -123.09427026583434,
            44.060918812589264
          ],
          [
            -123.09422732731437,
            44.0608906225285
          ],
          [
            -123.09417564395204,
            44.060871861436944
          ],
          [
            -123.0941181512358,
            44.06085322922442
          ],
          [
            -123.09406256184754,
            44.06084503779982
          ],
          [
            -123.09398818363712,
            44.0608393622671
          ],
          [
            -123.09341568851062,
            44.06084481355625
          ],
          [
            -123.09336617723424,
            44.06084277531368
          ],
          [
            -123.09328590103792,
            44.06083513494891
          ],
          [
            -123.09321996512986,
            44.06082298017167
          ],
          [
            -123.09310974261581,
            44.060795043682575
          ],
          [
            -123.0929919452446,
            44.06075993892091
          ],
          [
            -123.09286715654514,
            44.06073128036147
          ]
        ]
      },
      "properties": {
        "OBJECTID": 205,
        "bike_segid": 295,
        "eug_id": null,
        "name": "Ruth Bascom Path - South Bank",
        "ftype": "Shared Use Path",
        "ftypedes": "Shared Use Path",
        "lane_type": null,
        "lane_typedes": null,
        "status": "Built",
        "maint": "UNKNOWN",
        "source": null,
        "easement": null,
        "lane_num": null,
        "lane_placement": null,
        "geofeature_id": "{E8656E3D-2E7C-452A-B818-359604E05BC7}",
        "Shape_Length": 1536.8960108419858,
        "layer": "bike_lanes"
      }
    },
    {
      "type": "Feature",
      "id": "bike_lanes_83",
      "geometry": {
        "type": "LineString",
        "coordinates": [
          [
            -123.08207369870607,
            44.04331729472763
          ],
          [
            -123.08207423593419,
            44.042771044989315
          ],
          [
            -123.08207638485587,
            44.04222126750383
          ],
          [
            -123.08207776426859,
            44.0416734329636
          ],
          [
            -123.08207914198492,
            44.04112538403185
          ],
          [
            -123.08208167914917,
            44.0400743386887
          ]
        ]
      },
      "properties": {
        "OBJECTID": 206,
        "bike_segid": 296,
        "eug_id": null,
        "name": null,
        "ftype": "Bike Lane",
        "ftypedes": "Bike Lane",
        "lane_type": null,
        "lane_typedes": null,
        "status": "Built",
        "maint": "UNKNOWN",
        "source": null,
        "easement": null,
        "lane_num": null,
        "lane_placement": "Curbside",
        "geofeature_id": "{07972E6E-DE8C-410C-B0E4-DFB2285C39EA}",
        "Shape_Length": 1182.2155742299278,
        "layer": "bike_lanes"
      }
    },
    {
      "type": "Feature",
      "id": "bike_lanes_84",
      "geometry": {
        "type": "LineString",
        "coordinates": [
          [
            -123.08822776259562,
            44.04332244341935
          ],
          [
            -123.08822799475419,
            44.04328539563039
          ],
          [
            -123.08822864081219,
            44.04322267620191
          ],
          [
            -123.08823353896268,
            44.04228076598809
          ],
          [
            -123.08823398824252,
            44.04216513686364
          ],
          [
            -123.08823825109721,
            44.04121944516651
          ],
          [
            -123.0882396595235,
            44.04102920957583
          ],
          [
            -123.08824442011611,
            44.04013745406904
          ],
          [
            -123.08824225111161,
            44.040081571977964
          ]
        ]
      },
      "properties": {
        "OBJECTID": 207,
        "bike_segid": 303,
        "eug_id": null,
        "name": "High St Protected Bikeway",
        "ftype": "Protected Bikeway",
        "ftypedes": "Protected Bikeway",
        "lane_type": null,
        "lane_typedes": null,
        "status": "Built",
        "maint": "EUG",
        "source": null,
        "easement": null,
        "lane_num": 2,
        "lane_placement": "Curbside",
        "geofeature_id": "{14E7922A-4EA1-48AD-8A03-44672D485017}",
        "Shape_Length": 1181.4701114478812,
        "layer": "bike_lanes"
      }
    },
    {
      "type": "Feature",
      "id": "bike_lanes_85",
      "geometry": {
        "type": "LineString",
        "coordinates": [
          [
            -123.08963687318804,
            44.04221720087772
          ],
          [
            -123.08974644350337,
            44.04215376897623
          ],
          [
            -123.08974448919169,
            44.041216524354994
          ],
          [
            -123.08973109392026,
            44.04113783340581
          ]
        ]
      },
      "properties": {
        "OBJECTID": 208,
        "bike_segid": 305,
        "eug_id": null,
        "name": null,
        "ftype": "Bike Lane",
        "ftypedes": "Bike Lane",
        "lane_type": null,
        "lane_typedes": null,
        "status": "Built",
        "maint": "UNKNOWN",
        "source": null,
        "easement": null,
        "lane_num": null,
        "lane_placement": "Curbside",
        "geofeature_id": "{143B22AE-4581-461D-800A-CAF8C2FF4F27}",
        "Shape_Length": 407.5175815119274,
        "layer": "bike_lanes"
      }
    },
    {
      "type": "Feature",
      "id": "bike_lanes_86",
      "geometry": {
        "type": "LineString",
        "coordinates": [
          [
            -123.05832713537725,
            44.04367381369882
          ],
          [
            -123.05831557318864,
            44.043710629035
          ],
          [
            -123.05833275388713,
            44.04377314284903
          ],
          [
            -123.05834025870276,
            44.04384740037359
          ],
          [
            -123.05833743574544,
            44.04395228282608
          ],
          [
            -123.05833045616754,
            44.04399331723905
          ],
          [
            -123.05822886648204,
            44.0442113428984
          ]
        ]
      },
      "properties": {
        "OBJECTID": 209,
        "bike_segid": 308,
        "eug_id": null,
        "name": null,
        "ftype": "Accessway",
        "ftypedes": "Accessway",
        "lane_type": null,
        "lane_typedes": null,
        "status": "Built",
        "maint": "UNKNOWN",
        "source": null,
        "easement": null,
        "lane_num": null,
        "lane_placement": null,
        "geofeature_id": "{49714E4E-5A04-41F6-8AF3-690D309EC2B5}",
        "Shape_Length": 201.29919976503328,
        "layer": "bike_lanes"
      }
    },
    {
      "type": "Feature",
      "id": "bike_lanes_87",
      "geometry": {
        "type": "LineString",
        "coordinates": [
          [
            -123.09267201854864,
            44.043317853889604
          ],
          [
            -123.09268901311101,
            44.04307866426759
          ],
          [
            -123.09269191973266,
            44.042500171655384
          ],
          [
            -123.09268030744812,
            44.04222262619736
          ],
          [
            -123.0926915424476,
            44.04168428730964
          ],
          [
            -123.092698386212,
            44.04112571791372
          ]
        ]
      },
      "properties": {
        "OBJECTID": 210,
        "bike_segid": 309,
        "eug_id": null,
        "name": "Willamette St",
        "ftype": "Bike Lane",
        "ftypedes": "Bike Lane",
        "lane_type": null,
        "lane_typedes": null,
        "status": "Built",
        "maint": "EUG",
        "source": null,
        "easement": null,
        "lane_num": null,
        "lane_placement": "Setback",
        "geofeature_id": "{C48AA10A-21BA-4BC4-8FCF-0DC62906DBE2}",
        "Shape_Length": 799.331288940217,
        "layer": "bike_lanes"
      }
    },
    {
      "type": "Feature",
      "id": "bike_lanes_88",
      "geometry": {
        "type": "LineString",
        "coordinates": [
          [
            -123.09426772310364,
            44.043314093493294
          ],
          [
            -123.09426769367666,
            44.04222578780938
          ],
          [
            -123.09426801056472,
            44.04168086921645
          ],
          [
            -123.09426831907608,
            44.04113592996988
          ],
          [
            -123.09426835452359,
            44.04106501224708
          ],
          [
            -123.09424902192416,
            44.041037437225114
          ],
          [
            -123.0942242012491,
            44.04099388919952
          ],
          [
            -123.09421419481711,
            44.04097147123615
          ],
          [
            -123.09419912802265,
            44.0409256603625
          ],
          [
            -123.09419280562904,
            44.040894594482644
          ],
          [
            -123.09418915646006,
            44.0408554390235
          ],
          [
            -123.09419097176699,
            44.040084471857384
          ]
        ]
      },
      "properties": {
        "OBJECTID": 211,
        "bike_segid": 311,
        "eug_id": null,
        "name": null,
        "ftype": "Route",
        "ftypedes": "Route",
        "lane_type": null,
        "lane_typedes": null,
        "status": "Built",
        "maint": "UNKNOWN",
        "source": null,
        "easement": null,
        "lane_num": null,
        "lane_placement": null,
        "geofeature_id": "{D645CCBB-DE91-48EB-875C-878321DE391F}",
        "Shape_Length": 1180.8850170765472,
        "layer": "bike_lanes"
      }
    },
    {
      "type": "Feature",
      "id": "bike_lanes_89",
      "geometry": {
        "type": "LineString",
        "coordinates": [
          [
            -123.09426772310364,
            44.043314093493294
          ],
          [
            -123.09424788639329,
            44.04332245504096
          ],
          [
            -123.09350569596779,
            44.043322083388645
          ],
          [
            -123.09279966946755,
            44.04331659069712
          ]
        ]
      },
      "properties": {
        "OBJECTID": 212,
        "bike_segid": 3042,
        "eug_id": null,
        "name": null,
        "ftype": "Neighborhood Greenway",
        "ftypedes": "Neighborhood Greenway",
        "lane_type": null,
        "lane_typedes": null,
        "status": "Built",
        "maint": "EUG",
        "source": null,
        "easement": null,
        "lane_num": null,
        "lane_placement": null,
        "geofeature_id": "{2BB44B84-31B7-4192-91B5-9BD6F07277DE}",
        "Shape_Length": 386.8683902824652,
        "layer": "bike_lanes"
      }
    },
    {
      "type": "Feature",
      "id": "bike_lanes_90",
      "geometry": {
        "type": "LineString",
        "coordinates": [
          [
            -123.0956024929166,
            44.0433131492962
          ],
          [
            -123.09560248584793,
            44.04327491010131
          ],
          [
            -123.09560346189721,
            44.042224643366616
          ],
          [
            -123.0956044775973,
            44.041135366018565
          ],
          [
            -123.09559938073963,
            44.04008703761986
          ]
        ]
      },
      "properties": {
        "OBJECTID": 213,
        "bike_segid": 313,
        "eug_id": null,
        "name": null,
        "ftype": "Route",
        "ftypedes": "Route",
        "lane_type": null,
        "lane_typedes": null,
        "status": "Built",
        "maint": "UNKNOWN",
        "source": null,
        "easement": null,
        "lane_num": null,
        "lane_placement": null,
        "geofeature_id": "{6E7362EA-9528-4FA0-BF9C-1D611993EF26}",
        "Shape_Length": 1176.0754367260402,
        "layer": "bike_lanes"
      }
    },
    {
      "type": "Feature",
      "id": "bike_lanes_91",
      "geometry": {
        "type": "LineString",
        "coordinates": [
          [
            -123.09701745060573,
            44.0433114553369
          ],
          [
            -123.09695746603627,
            44.04331143337417
          ],
          [
            -123.0963094736601,
            44.04331160654428
          ],
          [
            -123.09565595219662,
            44.04331176558707
          ],
          [
            -123.0956024929166,
            44.0433131492962
          ]
        ]
      },
      "properties": {
        "OBJECTID": 214,
        "bike_segid": 3043,
        "eug_id": null,
        "name": null,
        "ftype": "Neighborhood Greenway",
        "ftypedes": "Neighborhood Greenway",
        "lane_type": null,
        "lane_typedes": null,
        "status": "Built",
        "maint": "EUG",
        "source": null,
        "easement": null,
        "lane_num": null,
        "lane_placement": null,
        "geofeature_id": "{35D8FEAF-8D38-41DB-A827-FFC51FFFA45F}",
        "Shape_Length": 372.07947842611986,
        "layer": "bike_lanes"
      }
    },
    {
      "type": "Feature",
      "id": "bike_lanes_92",
      "geometry": {
        "type": "LineString",
        "coordinates": [
          [
            -123.09701714608596,
            44.04331145674816
          ],
          [
            -123.0970170465745,
            44.04326760556573
          ],
          [
            -123.09701553524323,
            44.04113626759591
          ],
          [
            -123.09701252570986,
            44.04016532078853
          ]
        ]
      },
      "properties": {
        "OBJECTID": 215,
        "bike_segid": 315,
        "eug_id": null,
        "name": null,
        "ftype": "Route",
        "ftypedes": "Route",
        "lane_type": null,
        "lane_typedes": null,
        "status": "Built",
        "maint": "UNKNOWN",
        "source": null,
        "easement": null,
        "lane_num": null,
        "lane_placement": null,
        "geofeature_id": "{93C2C969-6DB3-4A49-876C-C004AD39D104}",
        "Shape_Length": 1146.9189414043094,
        "layer": "bike_lanes"
      }
    },
    {
      "type": "Feature",
      "id": "bike_lanes_93",
      "geometry": {
        "type": "LineString",
        "coordinates": [
          [
            -123.09701714608596,
            44.04331145674816
          ],
          [
            -123.09707735906464,
            44.04331147807119
          ],
          [
            -123.0977250934785,
            44.043312094245
          ],
          [
            -123.0984336477323,
            44.04331276066051
          ],
          [
            -123.0991424912519,
            44.04331518377435
          ],
          [
            -123.09978096380162,
            44.04331736180407
          ],
          [
            -123.0997819217473,
            44.043316648833915
          ],
          [
            -123.09978310407281,
            44.04330856370259
          ],
          [
            -123.09978620404813,
            44.04330074625819
          ],
          [
            -123.09979112573937,
            44.0432934327554
          ],
          [
            -123.09979772372505,
            44.04328684074833
          ],
          [
            -123.09980579806887,
            44.0432811683028
          ],
          [
            -123.0998151089747,
            44.04327658646476
          ],
          [
            -123.09982537643836,
            44.043273231164605
          ],
          [
            -123.09983629154864,
            44.04327120476474
          ],
          [
            -123.09984752857073,
            44.043270566785004
          ],
          [
            -123.09985875005061,
            44.043271336489525
          ],
          [
            -123.0998696179611,
            44.04327349083622
          ],
          [
            -123.09987980749725,
            44.04327696596859
          ],
          [
            -123.09988901451982,
            44.043281656148565
          ],
          [
            -123.09989696093096,
            44.04328742264019
          ],
          [
            -123.09990340827561,
            44.04329409070354
          ],
          [
            -123.09990816576632,
            44.04330146202087
          ],
          [
            -123.09991108775047,
            44.04330931385269
          ],
          [
            -123.099912088009,
            44.043317412223566
          ],
          [
            -123.10055740621415,
            44.043317644430346
          ],
          [
            -123.10126768623051,
            44.04331769753288
          ],
          [
            -123.10150731920803,
            44.043326364924596
          ],
          [
            -123.10192892183643,
            44.0433239897904
          ],
          [
            -123.10199029409667,
            44.04330884761326
          ]
        ]
      },
      "properties": {
        "OBJECTID": 216,
        "bike_segid": 3044,
        "eug_id": null,
        "name": null,
        "ftype": "Neighborhood Greenway",
        "ftypedes": "Neighborhood Greenway",
        "lane_type": null,
        "lane_typedes": null,
        "status": "Built",
        "maint": "EUG",
        "source": null,
        "easement": null,
        "lane_num": null,
        "lane_placement": null,
        "geofeature_id": "{7E31B948-8C12-419F-BAC8-1A53FF75A53F}",
        "Shape_Length": 1327.9515333724848,
        "layer": "bike_lanes"
      }
    },
    {
      "type": "Feature",
      "id": "bike_lanes_94",
      "geometry": {
        "type": "LineString",
        "coordinates": [
          [
            -123.05822886648204,
            44.0442113428984
          ],
          [
            -123.05807397841362,
            44.04420718609681
          ],
          [
            -123.05756375675104,
            44.044203755222796
          ],
          [
            -123.05692023374819,
            44.04419242067737
          ],
          [
            -123.0565571221933,
            44.04418143889023
          ],
          [
            -123.05619518702949,
            44.04416769286842
          ],
          [
            -123.05593323323211,
            44.04415162254929
          ],
          [
            -123.05571089436532,
            44.0441345055991
          ],
          [
            -123.05543144662155,
            44.04410711604498
          ],
          [
            -123.05517496325386,
            44.04407293014048
          ],
          [
            -123.0548998226828,
            44.04402710080225
          ],
          [
            -123.05475031636769,
            44.04399684929903
          ],
          [
            -123.05452876045797,
            44.04394669458081
          ],
          [
            -123.05433125055792,
            44.04389810728214
          ],
          [
            -123.0540303618951,
            44.04381038995174
          ],
          [
            -123.05378699465332,
            44.04370830375489
          ],
          [
            -123.05338045867086,
            44.04356211293984
          ],
          [
            -123.05330367857685,
            44.04353340385553
          ],
          [
            -123.05322513700008,
            44.04349739617446
          ],
          [
            -123.0531248803103,
            44.04344614345868
          ],
          [
            -123.05305339910068,
            44.0434052632048
          ],
          [
            -123.05296532781429,
            44.04335007322458
          ],
          [
            -123.0528149961935,
            44.043253340773035
          ]
        ]
      },
      "properties": {
        "OBJECTID": 217,
        "bike_segid": 318,
        "eug_id": null,
        "name": "Judkins Point Path",
        "ftype": "Sidewalk Path",
        "ftypedes": "Sidewalk Path",
        "lane_type": null,
        "lane_typedes": null,
        "status": "Built",
        "maint": "UNKNOWN",
        "source": null,
        "easement": null,
        "lane_num": null,
        "lane_placement": null,
        "geofeature_id": "{EA831C0B-C351-4E2B-9154-68DBF412F3F4}",
        "Shape_Length": 1502.72013384149,
        "layer": "bike_lanes"
      }
    },
    {
      "type": "Feature",
      "id": "bike_lanes_95",
      "geometry": {
        "type": "LineString",
        "coordinates": [
          [
            -123.07690803562495,
            44.043760796101736
          ],
          [
            -123.07498817654161,
            44.04376084336409
          ],
          [
            -123.07476691101057,
            44.043838036904106
          ],
          [
            -123.07470597908089,
            44.04384106239595
          ]
        ]
      },
      "properties": {
        "OBJECTID": 218,
        "bike_segid": 321,
        "eug_id": null,
        "name": null,
        "ftype": "Shared Use Path",
        "ftypedes": "Shared Use Path",
        "lane_type": null,
        "lane_typedes": null,
        "status": "Built",
        "maint": "UNKNOWN",
        "source": null,
        "easement": null,
        "lane_num": null,
        "lane_placement": null,
        "geofeature_id": "{6DBBED0C-F210-46F2-9061-3B3538FDD492}",
        "Shape_Length": 585.523705500135,
        "layer": "bike_lanes"
      }
    },
    {
      "type": "Feature",
      "id": "bike_lanes_96",
      "geometry": {
        "type": "LineString",
        "coordinates": [
          [
            -123.10312321215713,
            44.04198949339979
          ],
          [
            -123.10317707530659,
            44.04194043037016
          ],
          [
            -123.1032517362664,
            44.04190259084404
          ],
          [
            -123.10333585143096,
            44.04188183607181
          ],
          [
            -123.10343799853105,
            44.04187482849669
          ],
          [
            -123.1043883374987,
            44.0418739476165
          ],
          [
            -123.10479140688003,
            44.04186961955514
          ],
          [
            -123.10497929573525,
            44.041879553491874
          ],
          [
            -123.10526374572176,
            44.041904615646835
          ],
          [
            -123.1053577241528,
            44.04191036846795
          ],
          [
            -123.10545059873702,
            44.04190326562676
          ],
          [
            -123.10550858303961,
            44.041907324094225
          ]
        ]
      },
      "properties": {
        "OBJECTID": 219,
        "bike_segid": 323,
        "eug_id": null,
        "name": "Fern Ridge Path",
        "ftype": "Shared Use Path",
        "ftypedes": "Shared Use Path",
        "lane_type": null,
        "lane_typedes": null,
        "status": "Built",
        "maint": "UNKNOWN",
        "source": null,
        "easement": null,
        "lane_num": null,
        "lane_placement": null,
        "geofeature_id": "{B6DB5082-65E9-4121-ADB5-F853EA12CCB8}",
        "Shape_Length": 642.650105479063,
        "layer": "bike_lanes"
      }
    },
    {
      "type": "Feature",
      "id": "bike_lanes_97",
      "geometry": {
        "type": "LineString",
        "coordinates": [
          [
            -123.05257233018226,
            44.04441599637028
          ],
          [
            -123.05237038221175,
            44.044320258002614
          ],
          [
            -123.05218527119854,
            44.044274808705545
          ],
          [
            -123.05204230773631,
            44.04426150560089
          ],
          [
            -123.05194479164754,
            44.04425366612011
          ],
          [
            -123.05168753252292,
            44.04423148011146
          ],
          [
            -123.05143026014078,
            44.04421328886428
          ],
          [
            -123.0507795908916,
            44.04418756579189
          ],
          [
            -123.05034328669988,
            44.04419300341521
          ],
          [
            -123.05001925053367,
            44.04419413615612
          ]
        ]
      },
      "properties": {
        "OBJECTID": 220,
        "bike_segid": 326,
        "eug_id": null,
        "name": "Knickerbocker Path",
        "ftype": "Shared Use Path",
        "ftypedes": "Shared Use Path",
        "lane_type": null,
        "lane_typedes": null,
        "status": "Built",
        "maint": "UNKNOWN",
        "source": null,
        "easement": null,
        "lane_num": null,
        "lane_placement": null,
        "geofeature_id": "{437C3450-A6A7-4EA2-B228-E2FC2ABA9404}",
        "Shape_Length": 686.0716535834732,
        "layer": "bike_lanes"
      }
    },
    {
      "type": "Feature",
      "id": "bike_lanes_98",
      "geometry": {
        "type": "LineString",
        "coordinates": [
          [
            -123.08290108282075,
            44.05715897240467
          ],
          [
            -123.08279403714522,
            44.057204290243114
          ],
          [
            -123.08276096153486,
            44.05723855594469
          ],
          [
            -123.08274746773631,
            44.05726472272836
          ],
          [
            -123.08274218287258,
            44.0572964559178
          ],
          [
            -123.08273816724997,
            44.057357859542655
          ],
          [
            -123.08274299167604,
            44.05740852736389
          ],
          [
            -123.08275594315482,
            44.05746284646881
          ],
          [
            -123.08289277254522,
            44.05770114907829
          ]
        ]
      },
      "properties": {
        "OBJECTID": 221,
        "bike_segid": 333,
        "eug_id": null,
        "name": "Peter DeFazio Bridge",
        "ftype": "Shared Use Path",
        "ftypedes": "Shared Use Path",
        "lane_type": null,
        "lane_typedes": null,
        "status": "Built",
        "maint": "EUG",
        "source": null,
        "easement": null,
        "lane_num": null,
        "lane_placement": null,
        "geofeature_id": "{47ACFC0C-4330-405F-A2AC-CB9FBA25E45B}",
        "Shape_Length": 224.72454005210085,
        "layer": "bike_lanes"
      }
    },
    {
      "type": "Feature",
      "id": "bike_lanes_99",
      "geometry": {
        "type": "LineString",
        "coordinates": [
          [
            -123.08274874659743,
            44.057063895973116
          ],
          [
            -123.08268558346882,
            44.05708835939949
          ],
          [
            -123.08263829032263,
            44.057104086155874
          ],
          [
            -123.08258981277264,
            44.05712612940928
          ],
          [
            -123.08255734304942,
            44.057145138764234
          ],
          [
            -123.0825004780343,
            44.057178429929046
          ],
          [
            -123.0824736476213,
            44.05719684650758
          ],
          [
            -123.08243089059634,
            44.05721666541687
          ],
          [
            -123.08236449434136,
            44.05722757668302
          ],
          [
            -123.08231824856524,
            44.05723384565468
          ],
          [
            -123.0822558970795,
            44.05723732956021
          ],
          [
            -123.08220216640352,
            44.057238524663475
          ],
          [
            -123.0821410864021,
            44.05723778618097
          ],
          [
            -123.08197509320001,
            44.057230996524815
          ],
          [
            -123.08191678276631,
            44.05722705214533
          ],
          [
            -123.08187254647497,
            44.05721231322598
          ],
          [
            -123.0818338057203,
            44.057190113846396
          ],
          [
            -123.08179021531633,
            44.057156491831975
          ],
          [
            -123.0816397674378,
            44.05710533022708
          ],
          [
            -123.08154180199215,
            44.05709178597148
          ],
          [
            -123.08146907671629,
            44.057122026701386
          ]
        ]
      },
      "properties": {
        "OBJECTID": 222,
        "bike_segid": 334,
        "eug_id": null,
        "name": "MLK Conn",
        "ftype": "Shared Use Path",
        "ftypedes": "Shared Use Path",
        "lane_type": null,
        "lane_typedes": null,
        "status": "Built",
        "maint": "UNKNOWN",
        "source": null,
        "easement": null,
        "lane_num": null,
        "lane_placement": null,
        "geofeature_id": "{03984125-786B-4E27-9E11-B8C802F2A2AE}",
        "Shape_Length": 371.5905868933718,
        "layer": "bike_lanes"
      }
    },
    {
      "type": "Feature",
      "id": "bike_lanes_100",
      "geometry": {
        "type": "LineString",
        "coordinates": [
          [
            -123.08435616247803,
            44.05725242069656
          ],
          [
            -123.08429041448242,
            44.057213218755756
          ],
          [
            -123.08425290190127,
            44.057185751613545
          ],
          [
            -123.08422237891139,
            44.057151840501746
          ],
          [
            -123.08418964326637,
            44.057100158879265
          ],
          [
            -123.08416244645986,
            44.05704206378461
          ],
          [
            -123.08415289960399,
            44.05698881792268
          ],
          [
            -123.08414567520457,
            44.056921893755515
          ],
          [
            -123.08414963562619,
            44.0568106939092
          ],
          [
            -123.08415496923368,
            44.05676550311268
          ],
          [
            -123.084176705892,
            44.05669544918947
          ]
        ]
      },
      "properties": {
        "OBJECTID": 223,
        "bike_segid": 335,
        "eug_id": null,
        "name": "Ruth Bascom Path - South Bank",
        "ftype": "Shared Use Path",
        "ftypedes": "Shared Use Path",
        "lane_type": null,
        "lane_typedes": null,
        "status": "Built",
        "maint": "UNKNOWN",
        "source": null,
        "easement": null,
        "lane_num": null,
        "lane_placement": null,
        "geofeature_id": "{74699D9B-B676-4650-B1A7-22C2D42AE66D}",
        "Shape_Length": 221.58452606980987,
        "layer": "bike_lanes"
      }
    },
    {
      "type": "Feature",
      "id": "bike_lanes_101",
      "geometry": {
        "type": "LineString",
        "coordinates": [
          [
            -123.08465365573916,
            44.05657221347011
          ],
          [
            -123.0845859999113,
            44.05666042436732
          ],
          [
            -123.08455262799083,
            44.056695758781885
          ],
          [
            -123.08450708395479,
            44.05675232811252
          ],
          [
            -123.08448251438341,
            44.056789561766756
          ],
          [
            -123.0844595300077,
            44.056829906112576
          ],
          [
            -123.08444139696542,
            44.05688167203841
          ],
          [
            -123.08443302526716,
            44.05692378719687
          ],
          [
            -123.08442659859655,
            44.05697738953904
          ],
          [
            -123.08442564960586,
            44.05705707419254
          ],
          [
            -123.08442499569787,
            44.057177632997856
          ],
          [
            -123.08440231996411,
            44.0572128246819
          ],
          [
            -123.08435616247803,
            44.05725242069656
          ]
        ]
      },
      "properties": {
        "OBJECTID": 224,
        "bike_segid": 338,
        "eug_id": null,
        "name": "Peter DeFazio Path",
        "ftype": "Shared Use Path",
        "ftypedes": "Shared Use Path",
        "lane_type": null,
        "lane_typedes": null,
        "status": "Built",
        "maint": "UNKNOWN",
        "source": null,
        "easement": null,
        "lane_num": null,
        "lane_placement": null,
        "geofeature_id": "{FA72CD28-3B4B-483F-A072-ABA92AB660C8}",
        "Shape_Length": 267.7047143967881,
        "layer": "bike_lanes"
      }
    },
    {
      "type": "Feature",
      "id": "bike_lanes_102",
      "geometry": {
        "type": "LineString",
        "coordinates": [
          [
            -123.08349715993448,
            44.0583180397322
          ],
          [
            -123.08349927673719,
            44.05831495739139
          ],
          [
            -123.08353425952612,
            44.0582783962674
          ],
          [
            -123.083534678516,
            44.05827791693667
          ]
        ]
      },
      "properties": {
        "OBJECTID": 225,
        "bike_segid": 3402,
        "eug_id": null,
        "name": "Ferry St Bridge",
        "ftype": "Shared Use Path",
        "ftypedes": "Shared Use Path",
        "lane_type": null,
        "lane_typedes": null,
        "status": "Built",
        "maint": "Eugene",
        "source": null,
        "easement": null,
        "lane_num": null,
        "lane_placement": null,
        "geofeature_id": "{51584CCC-B888-47EF-ABBD-AC13A65DC449}",
        "Shape_Length": 17.653802390249773,
        "layer": "bike_lanes"
      }
    },
    {
      "type": "Feature",
      "id": "bike_lanes_103",
      "geometry": {
        "type": "LineString",
        "coordinates": [
          [
            -123.08124505206679,
            44.057356048794276
          ],
          [
            -123.08123070224927,
            44.0572947186434
          ],
          [
            -123.08123480871795,
            44.05725479562838
          ],
          [
            -123.08125247767491,
            44.057226101533686
          ],
          [
            -123.08131062817763,
            44.057192314208834
          ],
          [
            -123.08146907671629,
            44.057122026701386
          ]
        ]
      },
      "properties": {
        "OBJECTID": 226,
        "bike_segid": 340,
        "eug_id": null,
        "name": "MLK Conn",
        "ftype": "Shared Use Path",
        "ftypedes": "Shared Use Path",
        "lane_type": null,
        "lane_typedes": null,
        "status": "Built",
        "maint": "UNKNOWN",
        "source": null,
        "easement": null,
        "lane_num": null,
        "lane_placement": null,
        "geofeature_id": "{C0BDF2A2-1705-4743-ABFE-D25F79C1B95B}",
        "Shape_Length": 117.25067762689372,
        "layer": "bike_lanes"
      }
    },
    {
      "type": "Feature",
      "id": "bike_lanes_104",
      "geometry": {
        "type": "LineString",
        "coordinates": [
          [
            -123.06154890644835,
            44.044690650707615
          ],
          [
            -123.06155029871383,
            44.043280066151446
          ]
        ]
      },
      "properties": {
        "OBJECTID": 237,
        "bike_segid": 366,
        "eug_id": null,
        "name": null,
        "ftype": "Neighborhood Greenway",
        "ftypedes": "Neighborhood Greenway",
        "lane_type": null,
        "lane_typedes": null,
        "status": "Built",
        "maint": "UNKNOWN",
        "source": null,
        "easement": null,
        "lane_num": null,
        "lane_placement": null,
        "geofeature_id": "{E923C333-105C-41FD-A820-D9ED61B8C70D}",
        "Shape_Length": 514.226583215686,
        "layer": "bike_lanes"
      }
    },
    {
      "type": "Feature",
      "id": "bike_lanes_105",
      "geometry": {
        "type": "LineString",
        "coordinates": [
          [
            -123.06152027700551,
            44.04499050427565
          ],
          [
            -123.061540505084,
            44.04493598829058
          ],
          [
            -123.0615469636908,
            44.04492006544599
          ],
          [
            -123.06154890644835,
            44.044690650707615
          ]
        ]
      },
      "properties": {
        "OBJECTID": 238,
        "bike_segid": 373,
        "eug_id": null,
        "name": null,
        "ftype": "Neighborhood Greenway",
        "ftypedes": "Neighborhood Greenway",
        "lane_type": null,
        "lane_typedes": null,
        "status": "Built",
        "maint": "UNKNOWN",
        "source": null,
        "easement": null,
        "lane_num": null,
        "lane_placement": null,
        "geofeature_id": "{8561285B-8F61-48F1-B21A-C3098BD0F342}",
        "Shape_Length": 110.25555835700811,
        "layer": "bike_lanes"
      }
    },
    {
      "type": "Feature",
      "id": "bike_lanes_106",
      "geometry": {
        "type": "LineString",
        "coordinates": [
          [
            -123.06144233694322,
            44.04497396428036
          ],
          [
            -123.06143574780113,
            44.04497256641299
          ],
          [
            -123.06140767264398,
            44.04496165551931
          ],
          [
            -123.06085804832317,
            44.04484982946299
          ],
          [
            -123.06044669918909,
            44.04477924103819
          ],
          [
            -123.06029895064346,
            44.04475629422246
          ],
          [
            -123.06005489089944,
            44.04472394196092
          ],
          [
            -123.0598518835318,
            44.04470011814393
          ],
          [
            -123.05979653558207,
            44.04469714565731
          ],
          [
            -123.05975020957632,
            44.04470131238955
          ],
          [
            -123.05965228229931,
            44.04472233973219
          ],
          [
            -123.05959719941632,
            44.04472565055531
          ],
          [
            -123.05954484356552,
            44.04472470898341
          ],
          [
            -123.05950097696301,
            44.0447183389976
          ],
          [
            -123.05946120023494,
            44.0447055886594
          ],
          [
            -123.05943739301439,
            44.044692487069916
          ],
          [
            -123.05940782360105,
            44.044680561493706
          ],
          [
            -123.0593725338033,
            44.04467085726201
          ],
          [
            -123.05933733530227,
            44.044663248023646
          ],
          [
            -123.05912773453568,
            44.04465529010744
          ],
          [
            -123.0590420300866,
            44.04465613163619
          ],
          [
            -123.05898585061549,
            44.04466785261267
          ],
          [
            -123.0589352571039,
            44.04467420922028
          ],
          [
            -123.05873389207855,
            44.044689129902736
          ],
          [
            -123.05860266012094,
            44.04471298665454
          ],
          [
            -123.05847176298916,
            44.04471985175454
          ],
          [
            -123.05825867097145,
            44.04473002120907
          ],
          [
            -123.05812392681304,
            44.04473898488555
          ],
          [
            -123.05800214688215,
            44.04475548080973
          ],
          [
            -123.05786090231312,
            44.04478152653352
          ],
          [
            -123.05770205778607,
            44.04481004432183
          ],
          [
            -123.05758124225548,
            44.044832251349675
          ],
          [
            -123.05745820076959,
            44.044855839877115
          ],
          [
            -123.05732919953051,
            44.04487417432989
          ],
          [
            -123.05724222048474,
            44.04487923573504
          ],
          [
            -123.05719285778505,
            44.044880323270796
          ],
          [
            -123.05710556699177,
            44.044878052339
          ],
          [
            -123.05692165605893,
            44.04485904389419
          ],
          [
            -123.05683572958564,
            44.04485464749168
          ],
          [
            -123.05674285518329,
            44.044857741371935
          ],
          [
            -123.05663849802038,
            44.04486423317564
          ],
          [
            -123.05654883600388,
            44.04487459344245
          ],
          [
            -123.05640299626583,
            44.044896673310596
          ],
          [
            -123.05632666763461,
            44.04491302988465
          ],
          [
            -123.05625773145314,
            44.04493236687255
          ],
          [
            -123.05621000889087,
            44.04497220227729
          ],
          [
            -123.05618437273394,
            44.04501888766122
          ]
        ]
      },
      "properties": {
        "OBJECTID": 239,
        "bike_segid": 374,
        "eug_id": null,
        "name": "Knickerbocker Path",
        "ftype": "Shared Use Path",
        "ftypedes": "Shared Use Path",
        "lane_type": null,
        "lane_typedes": null,
        "status": "Built",
        "maint": "UNKNOWN",
        "source": null,
        "easement": null,
        "lane_num": null,
        "lane_placement": null,
        "geofeature_id": "{D8522882-17D6-4479-A98F-5C28F429FCE9}",
        "Shape_Length": 1432.0388896922677,
        "layer": "bike_lanes"
      }
    },
    {
      "type": "Feature",
      "id": "bike_lanes_107",
      "geometry": {
        "type": "LineString",
        "coordinates": [
          [
            -123.05618437273394,
            44.04501888766122
          ],
          [
            -123.05607602481301,
            44.04520575782008
          ],
          [
            -123.05605236220715,
            44.04523038781213
          ],
          [
            -123.05600643444492,
            44.04524397767598
          ],
          [
            -123.05595117357554,
            44.04524309754599
          ],
          [
            -123.05566822439833,
            44.0452189306333
          ],
          [
            -123.05560244608634,
            44.04520989655796
          ],
          [
            -123.05546904155811,
            44.045182436471826
          ],
          [
            -123.05489435617977,
            44.04502947030186
          ],
          [
            -123.05478640330035,
            44.04500249727085
          ],
          [
            -123.05458972630898,
            44.0449565121621
          ],
          [
            -123.05450100215651,
            44.044937500117165
          ],
          [
            -123.05424611745836,
            44.04488965039218
          ],
          [
            -123.05405151176434,
            44.044858294293164
          ],
          [
            -123.05397666980902,
            44.04484107339812
          ],
          [
            -123.05391933764218,
            44.04482556329921
          ],
          [
            -123.05385896933822,
            44.04480697580726
          ],
          [
            -123.05376296032843,
            44.04477030473845
          ],
          [
            -123.05339053617531,
            44.04462336334354
          ],
          [
            -123.0532785115157,
            44.04458599614931
          ]
        ]
      },
      "properties": {
        "OBJECTID": 240,
        "bike_segid": 379,
        "eug_id": null,
        "name": "Knickerbocker Path",
        "ftype": "Shared Use Path",
        "ftypedes": "Shared Use Path",
        "lane_type": null,
        "lane_typedes": null,
        "status": "Built",
        "maint": "UNKNOWN",
        "source": null,
        "easement": null,
        "lane_num": null,
        "lane_placement": null,
        "geofeature_id": "{2B70C8C9-6FB4-43B2-A305-1F0F2FD9EADB}",
        "Shape_Length": 859.5205412226477,
        "layer": "bike_lanes"
      }
    },
    {
      "type": "Feature",
      "id": "bike_lanes_108",
      "geometry": {
        "type": "LineString",
        "coordinates": [
          [
            -123.11252369384088,
            44.044432828589116
          ],
          [
            -123.11252081300434,
            44.04331495400188
          ],
          [
            -123.11253070149027,
            44.04235622744263
          ],
          [
            -123.11252717088425,
            44.04223981697251
          ]
        ]
      },
      "properties": {
        "OBJECTID": 243,
        "bike_segid": 387,
        "eug_id": null,
        "name": "Polk St",
        "ftype": "Route",
        "ftypedes": "Route",
        "lane_type": null,
        "lane_typedes": null,
        "status": "Built",
        "maint": "EUG",
        "source": null,
        "easement": null,
        "lane_num": null,
        "lane_placement": null,
        "geofeature_id": "{C6C3E3AB-581B-4778-89E1-193B74EBA811}",
        "Shape_Length": 799.4793477551241,
        "layer": "bike_lanes"
      }
    },
    {
      "type": "Feature",
      "id": "bike_lanes_109",
      "geometry": {
        "type": "LineString",
        "coordinates": [
          [
            -123.1180087015358,
            44.04444129503618
          ],
          [
            -123.11655240843719,
            44.04443902931346
          ],
          [
            -123.11644756156484,
            44.044433530448146
          ],
          [
            -123.1163031496146,
            44.044421062731686
          ],
          [
            -123.11514037365662,
            44.044416868303514
          ],
          [
            -123.11492712408544,
            44.04443282805313
          ],
          [
            -123.11470630284818,
            44.04443709864914
          ],
          [
            -123.11404247266861,
            44.04443639739243
          ],
          [
            -123.11252369384088,
            44.044432828589116
          ]
        ]
      },
      "properties": {
        "OBJECTID": 244,
        "bike_segid": 388,
        "eug_id": null,
        "name": null,
        "ftype": "Route",
        "ftypedes": "Route",
        "lane_type": null,
        "lane_typedes": null,
        "status": "Built",
        "maint": "UNKNOWN",
        "source": null,
        "easement": null,
        "lane_num": null,
        "lane_placement": null,
        "geofeature_id": "{4173CDA7-7CFB-4FEC-9D5A-21D15EAAEE3D}",
        "Shape_Length": 1442.9569804503935,
        "layer": "bike_lanes"
      }
    },
    {
      "type": "Feature",
      "id": "bike_lanes_110",
      "geometry": {
        "type": "LineString",
        "coordinates": [
          [
            -123.06154890644835,
            44.044690650707615
          ],
          [
            -123.0616630877678,
            44.04471957706679
          ],
          [
            -123.06297637035726,
            44.044986467037
          ],
          [
            -123.06441679672544,
            44.04526053769233
          ],
          [
            -123.06471926908236,
            44.04533675942978
          ],
          [
            -123.06517156347573,
            44.04544111394386
          ],
          [
            -123.06557577573325,
            44.04548649744802
          ],
          [
            -123.06628852322784,
            44.04561082019558
          ]
        ]
      },
      "properties": {
        "OBJECTID": 245,
        "bike_segid": 389,
        "eug_id": null,
        "name": null,
        "ftype": "Bike Lane",
        "ftypedes": "Bike Lane",
        "lane_type": null,
        "lane_typedes": null,
        "status": "Built",
        "maint": "UNKNOWN",
        "source": null,
        "easement": null,
        "lane_num": null,
        "lane_placement": "Curbside",
        "geofeature_id": "{E20BC514-78C8-4036-9A94-83023EC06892}",
        "Shape_Length": 1291.799559310266,
        "layer": "bike_lanes"
      }
    },
    {
      "type": "Feature",
      "id": "bike_lanes_111",
      "geometry": {
        "type": "LineString",
        "coordinates": [
          [
            -123.05257233018226,
            44.04441599637028
          ],
          [
            -123.05250195984483,
            44.04450454424143
          ],
          [
            -123.05204439930411,
            44.04587258531124
          ],
          [
            -123.05203287068684,
            44.04590692758145
          ]
        ]
      },
      "properties": {
        "OBJECTID": 246,
        "bike_segid": 390,
        "eug_id": null,
        "name": "Knickerbocker Path",
        "ftype": "Shared Use Path",
        "ftypedes": "Shared Use Path",
        "lane_type": null,
        "lane_typedes": null,
        "status": "Built",
        "maint": "UNKNOWN",
        "source": null,
        "easement": null,
        "lane_num": null,
        "lane_placement": null,
        "geofeature_id": "{2D087683-3D9B-454A-B12A-E28ED1A10745}",
        "Shape_Length": 563.1136741080882,
        "layer": "bike_lanes"
      }
    },
    {
      "type": "Feature",
      "id": "bike_lanes_112",
      "geometry": {
        "type": "LineString",
        "coordinates": [
          [
            -123.07349597187375,
            44.04550071658469
          ],
          [
            -123.07140861762404,
            44.04550625375897
          ],
          [
            -123.07127000602398,
            44.045502206785876
          ],
          [
            -123.07124805128868,
            44.045506677392694
          ],
          [
            -123.07123698497305,
            44.04550670644061
          ],
          [
            -123.07092691993499,
            44.045507525765565
          ],
          [
            -123.06976741633106,
            44.04550843605164
          ]
        ]
      },
      "properties": {
        "OBJECTID": 247,
        "bike_segid": 392,
        "eug_id": null,
        "name": null,
        "ftype": "Route",
        "ftypedes": "Route",
        "lane_type": null,
        "lane_typedes": null,
        "status": "Built",
        "maint": "UNKNOWN",
        "source": null,
        "easement": null,
        "lane_num": null,
        "lane_placement": null,
        "geofeature_id": "{CEEB4A7D-29DF-497A-AC65-3BFB67CCA79C}",
        "Shape_Length": 980.667214095591,
        "layer": "bike_lanes"
      }
    },
    {
      "type": "Feature",
      "id": "bike_lanes_113",
      "geometry": {
        "type": "LineString",
        "coordinates": [
          [
            -123.0746057588505,
            44.04550065304729
          ],
          [
            -123.07462351205037,
            44.044736607833165
          ],
          [
            -123.07464199388627,
            44.044026056897756
          ],
          [
            -123.07463429228527,
            44.04384462265257
          ]
        ]
      },
      "properties": {
        "OBJECTID": 248,
        "bike_segid": 393,
        "eug_id": null,
        "name": null,
        "ftype": "Route",
        "ftypedes": "Route",
        "lane_type": null,
        "lane_typedes": null,
        "status": "Built",
        "maint": "UNKNOWN",
        "source": null,
        "easement": null,
        "lane_num": null,
        "lane_placement": null,
        "geofeature_id": "{299E271C-F64A-49EA-A718-05CF8F8D618A}",
        "Shape_Length": 603.8192409216981,
        "layer": "bike_lanes"
      }
    },
    {
      "type": "Feature",
      "id": "bike_lanes_114",
      "geometry": {
        "type": "LineString",
        "coordinates": [
          [
            -123.0746057588505,
            44.04550065304729
          ],
          [
            -123.07349597187375,
            44.04550071658469
          ]
        ]
      },
      "properties": {
        "OBJECTID": 249,
        "bike_segid": 394,
        "eug_id": null,
        "name": null,
        "ftype": "Route",
        "ftypedes": "Route",
        "lane_type": null,
        "lane_typedes": null,
        "status": "Built",
        "maint": "UNKNOWN",
        "source": null,
        "easement": null,
        "lane_num": null,
        "lane_placement": null,
        "geofeature_id": "{6574EC71-9A84-48E6-A25E-292A7EADEEFC}",
        "Shape_Length": 291.8136238322479,
        "layer": "bike_lanes"
      }
    },
    {
      "type": "Feature",
      "id": "bike_lanes_115",
      "geometry": {
        "type": "LineString",
        "coordinates": [
          [
            -123.07863680151732,
            44.045542996215275
          ],
          [
            -123.07856112903278,
            44.04550632029823
          ],
          [
            -123.0746057588505,
            44.04550065304729
          ]
        ]
      },
      "properties": {
        "OBJECTID": 251,
        "bike_segid": 396,
        "eug_id": null,
        "name": null,
        "ftype": "Route",
        "ftypedes": "Route",
        "lane_type": null,
        "lane_typedes": null,
        "status": "Built",
        "maint": "UNKNOWN",
        "source": null,
        "easement": null,
        "lane_num": null,
        "lane_placement": null,
        "geofeature_id": "{9EFCF2E8-2495-4945-A4B8-A92C4D8074DC}",
        "Shape_Length": 1064.0217719484324,
        "layer": "bike_lanes"
      }
    },
    {
      "type": "Feature",
      "id": "bike_lanes_116",
      "geometry": {
        "type": "LineString",
        "coordinates": [
          [
            -123.08204898449223,
            44.04556405490392
          ],
          [
            -123.08204899971162,
            44.0455554188209
          ],
          [
            -123.08205037805848,
            44.04547242252296
          ],
          [
            -123.08206827808206,
            44.04496593324823
          ],
          [
            -123.08207047874932,
            44.04441771374426
          ],
          [
            -123.08207258359796,
            44.043868713788704
          ],
          [
            -123.08207369870607,
            44.04331729472763
          ]
        ]
      },
      "properties": {
        "OBJECTID": 253,
        "bike_segid": 401,
        "eug_id": null,
        "name": null,
        "ftype": "Bike Lane",
        "ftypedes": "Bike Lane",
        "lane_type": null,
        "lane_typedes": null,
        "status": "Built",
        "maint": "UNKNOWN",
        "source": null,
        "easement": null,
        "lane_num": null,
        "lane_placement": "Curbside",
        "geofeature_id": "{C4A6BB94-FB21-4AD2-BEDF-9E352F74AFAF}",
        "Shape_Length": 819.1171393966301,
        "layer": "bike_lanes"
      }
    },
    {
      "type": "Feature",
      "id": "bike_lanes_117",
      "geometry": {
        "type": "LineString",
        "coordinates": [
          [
            -123.07863680151732,
            44.045542996215275
          ],
          [
            -123.08016167762325,
            44.045550447914884
          ]
        ]
      },
      "properties": {
        "OBJECTID": 254,
        "bike_segid": 402,
        "eug_id": null,
        "name": "13th Ave",
        "ftype": "Bike Lane",
        "ftypedes": "Bike Lane",
        "lane_type": null,
        "lane_typedes": null,
        "status": "Built",
        "maint": "EUG",
        "source": null,
        "easement": null,
        "lane_num": 2,
        "lane_placement": "Curbside",
        "geofeature_id": "{D361206A-1D2C-430A-A407-25E895120528}",
        "Shape_Length": 400.9683872038111,
        "layer": "bike_lanes"
      }
    },
    {
      "type": "Feature",
      "id": "bike_lanes_118",
      "geometry": {
        "type": "LineString",
        "coordinates": [
          [
            -123.08670126735153,
            44.04555800329845
          ],
          [
            -123.08670217319884,
            44.04547834702106
          ],
          [
            -123.08672627161985,
            44.043318264858826
          ]
        ]
      },
      "properties": {
        "OBJECTID": 255,
        "bike_segid": 405,
        "eug_id": null,
        "name": "Mill St",
        "ftype": "Route",
        "ftypedes": "Route",
        "lane_type": null,
        "lane_typedes": null,
        "status": "Built",
        "maint": "EUG",
        "source": null,
        "easement": null,
        "lane_num": null,
        "lane_placement": null,
        "geofeature_id": "{AF5AD7E0-E2D3-41DF-BFA6-3CFE2EE05C38}",
        "Shape_Length": 816.5198753007166,
        "layer": "bike_lanes"
      }
    },
    {
      "type": "Feature",
      "id": "bike_lanes_119",
      "geometry": {
        "type": "LineString",
        "coordinates": [
          [
            -123.08822321532887,
            44.04441554920821
          ],
          [
            -123.08822718603045,
            44.04341427855196
          ],
          [
            -123.08822776259562,
            44.04332244341935
          ]
        ]
      },
      "properties": {
        "OBJECTID": 256,
        "bike_segid": 407,
        "eug_id": null,
        "name": "High St Protected Bikeway",
        "ftype": "Protected Bikeway",
        "ftypedes": "Protected Bikeway",
        "lane_type": null,
        "lane_typedes": null,
        "status": "Built",
        "maint": "EUG",
        "source": null,
        "easement": null,
        "lane_num": 2,
        "lane_placement": "Curbside",
        "geofeature_id": "{E24806E2-4B07-4AD5-AB4C-A59C0BEEEF7E}",
        "Shape_Length": 398.4918675465967,
        "layer": "bike_lanes"
      }
    },
    {
      "type": "Feature",
      "id": "bike_lanes_120",
      "geometry": {
        "type": "LineString",
        "coordinates": [
          [
            -123.08963285290265,
            44.04556240677705
          ],
          [
            -123.08963319941014,
            44.0454778898869
          ],
          [
            -123.08963269492992,
            44.04439949854986
          ],
          [
            -123.08963919140619,
            44.043318733699635
          ]
        ]
      },
      "properties": {
        "OBJECTID": 257,
        "bike_segid": 410,
        "eug_id": null,
        "name": null,
        "ftype": "Bike Lane",
        "ftypedes": "Bike Lane",
        "lane_type": null,
        "lane_typedes": null,
        "status": "Built",
        "maint": "UNKNOWN",
        "source": null,
        "easement": null,
        "lane_num": null,
        "lane_placement": "Curbside",
        "geofeature_id": "{1C9EF9F6-FAB5-4B79-8A0E-4D4D788B52B0}",
        "Shape_Length": 817.9316308411213,
        "layer": "bike_lanes"
      }
    },
    {
      "type": "Feature",
      "id": "bike_lanes_121",
      "geometry": {
        "type": "LineString",
        "coordinates": [
          [
            -123.0927380707673,
            44.04557519340659
          ],
          [
            -123.09267947812437,
            44.045488200446776
          ],
          [
            -123.09268974552275,
            44.044419194425856
          ],
          [
            -123.09268678811311,
            44.04388571923998
          ],
          [
            -123.09267201854864,
            44.043317853889604
          ]
        ]
      },
      "properties": {
        "OBJECTID": 258,
        "bike_segid": 413,
        "eug_id": null,
        "name": "Willamette St",
        "ftype": "Bike Lane",
        "ftypedes": "Bike Lane",
        "lane_type": null,
        "lane_typedes": null,
        "status": "Built",
        "maint": "EUG",
        "source": null,
        "easement": null,
        "lane_num": null,
        "lane_placement": "Setback",
        "geofeature_id": "{44E1D314-37FB-4468-9F41-852875994E0D}",
        "Shape_Length": 826.5015075319945,
        "layer": "bike_lanes"
      }
    },
    {
      "type": "Feature",
      "id": "bike_lanes_122",
      "geometry": {
        "type": "LineString",
        "coordinates": [
          [
            -123.09426271007851,
            44.04557505852916
          ],
          [
            -123.09426213191492,
            44.04547065059341
          ],
          [
            -123.09426776101262,
            44.044186466840166
          ],
          [
            -123.09426772310364,
            44.043314093493294
          ]
        ]
      },
      "properties": {
        "OBJECTID": 259,
        "bike_segid": 416,
        "eug_id": null,
        "name": null,
        "ftype": "Shared Lane",
        "ftypedes": "Shared Lane",
        "lane_type": null,
        "lane_typedes": null,
        "status": "Built",
        "maint": "EUG",
        "source": null,
        "easement": null,
        "lane_num": null,
        "lane_placement": null,
        "geofeature_id": "{A58E28A3-2F19-4980-B0B7-4471234ACA5C}",
        "Shape_Length": 824.2341739924084,
        "layer": "bike_lanes"
      }
    },
    {
      "type": "Feature",
      "id": "bike_lanes_123",
      "geometry": {
        "type": "LineString",
        "coordinates": [
          [
            -123.10339844509598,
            44.04547368675286
          ],
          [
            -123.10339325766972,
            44.04453270188984
          ],
          [
            -123.10336283305435,
            44.04382696792413
          ],
          [
            -123.10333117727315,
            44.04364676604378
          ],
          [
            -123.10313696098382,
            44.04343575061373
          ],
          [
            -123.10272259863017,
            44.04310475803835
          ],
          [
            -123.10258538435484,
            44.04310783491888
          ],
          [
            -123.10223787928777,
            44.04321095196345
          ]
        ]
      },
      "properties": {
        "OBJECTID": 261,
        "bike_segid": 425,
        "eug_id": null,
        "name": "Monroe St/Fairgrounds",
        "ftype": "Route",
        "ftypedes": "Route",
        "lane_type": null,
        "lane_typedes": null,
        "status": "Built",
        "maint": "EUG",
        "source": null,
        "easement": null,
        "lane_num": null,
        "lane_placement": null,
        "geofeature_id": "{E7849546-8758-43F4-908B-91CE020EBF0B}",
        "Shape_Length": 1056.4731454298178,
        "layer": "bike_lanes"
      }
    },
    {
      "type": "Feature",
      "id": "bike_lanes_124",
      "geometry": {
        "type": "LineString",
        "coordinates": [
          [
            -123.11251380447699,
            44.045485667938614
          ],
          [
            -123.11252369384088,
            44.044432828589116
          ]
        ]
      },
      "properties": {
        "OBJECTID": 262,
        "bike_segid": 432,
        "eug_id": null,
        "name": "Polk St",
        "ftype": "Route",
        "ftypedes": "Route",
        "lane_type": null,
        "lane_typedes": null,
        "status": "Built",
        "maint": "EUG",
        "source": null,
        "easement": null,
        "lane_num": null,
        "lane_placement": null,
        "geofeature_id": "{ECD155F6-9F1D-471B-AEAE-5A46C5ACD629}",
        "Shape_Length": 383.8199570590601,
        "layer": "bike_lanes"
      }
    },
    {
      "type": "Feature",
      "id": "bike_lanes_125",
      "geometry": {
        "type": "LineString",
        "coordinates": [
          [
            -123.0660285802698,
            44.04695252315476
          ],
          [
            -123.06590599468977,
            44.046912634468
          ],
          [
            -123.06560296053078,
            44.046878152384345
          ],
          [
            -123.06480544760342,
            44.04678739482031
          ],
          [
            -123.06387382204359,
            44.04668136933324
          ],
          [
            -123.06378063272183,
            44.04667090499875
          ],
          [
            -123.0613762873626,
            44.04561679327609
          ],
          [
            -123.06132667785471,
            44.04556848878829
          ],
          [
            -123.06130794658583,
            44.0455193300322
          ],
          [
            -123.0614239871989,
            44.045250051917286
          ],
          [
            -123.06152027700551,
            44.04499050427565
          ]
        ]
      },
      "properties": {
        "OBJECTID": 263,
        "bike_segid": 448,
        "eug_id": null,
        "name": null,
        "ftype": "Neighborhood Greenway",
        "ftypedes": "Neighborhood Greenway",
        "lane_type": null,
        "lane_typedes": null,
        "status": "Built",
        "maint": "UNKNOWN",
        "source": null,
        "easement": null,
        "lane_num": null,
        "lane_placement": null,
        "geofeature_id": "{C024A3D9-65AE-4CD9-BCA8-907437AD1C7F}",
        "Shape_Length": 1582.184955883635,
        "layer": "bike_lanes"
      }
    },
    {
      "type": "Feature",
      "id": "bike_lanes_126",
      "geometry": {
        "type": "LineString",
        "coordinates": [
          [
            -123.0835899958009,
            44.0466129154019
          ],
          [
            -123.08361478323715,
            44.045565491573356
          ]
        ]
      },
      "properties": {
        "OBJECTID": 264,
        "bike_segid": 3214,
        "eug_id": null,
        "name": null,
        "ftype": "Bike Lane",
        "ftypedes": "Bike Lane",
        "lane_type": null,
        "lane_typedes": null,
        "status": "Built",
        "maint": "UNKNOWN",
        "source": null,
        "easement": null,
        "lane_num": null,
        "lane_placement": "Setback",
        "geofeature_id": "{989BFB68-6BD1-49BC-857D-83FD4D427EA1}",
        "Shape_Length": 381.8927408955325,
        "layer": "bike_lanes"
      }
    },
    {
      "type": "Feature",
      "id": "bike_lanes_127",
      "geometry": {
        "type": "LineString",
        "coordinates": [
          [
            -123.0835899958009,
            44.0466129154019
          ],
          [
            -123.08219096006486,
            44.04661277340295
          ]
        ]
      },
      "properties": {
        "OBJECTID": 265,
        "bike_segid": 3047,
        "eug_id": null,
        "name": null,
        "ftype": "Neighborhood Greenway",
        "ftypedes": "Neighborhood Greenway",
        "lane_type": null,
        "lane_typedes": null,
        "status": "Built",
        "maint": "EUG",
        "source": null,
        "easement": null,
        "lane_num": null,
        "lane_placement": null,
        "geofeature_id": "{AB0FAB6F-C3C0-4AE5-A018-4588768E2958}",
        "Shape_Length": 367.86354747466237,
        "layer": "bike_lanes"
      }
    },
    {
      "type": "Feature",
      "id": "bike_lanes_128",
      "geometry": {
        "type": "LineString",
        "coordinates": [
          [
            -123.08668927296287,
            44.04661236781462
          ],
          [
            -123.08670126735153,
            44.04555800329845
          ]
        ]
      },
      "properties": {
        "OBJECTID": 266,
        "bike_segid": 3215,
        "eug_id": null,
        "name": "Mill St",
        "ftype": "Route",
        "ftypedes": "Route",
        "lane_type": null,
        "lane_typedes": null,
        "status": "Built",
        "maint": "EUG",
        "source": null,
        "easement": null,
        "lane_num": null,
        "lane_placement": null,
        "geofeature_id": "{2A2B4621-DA27-43FF-B247-209C98898485}",
        "Shape_Length": 384.3802765063693,
        "layer": "bike_lanes"
      }
    },
    {
      "type": "Feature",
      "id": "bike_lanes_129",
      "geometry": {
        "type": "LineString",
        "coordinates": [
          [
            -123.08668927296287,
            44.04661236781462
          ],
          [
            -123.08592039435415,
            44.046612369539304
          ],
          [
            -123.08515987436822,
            44.04661233037858
          ],
          [
            -123.08439937267727,
            44.04661262618082
          ],
          [
            -123.0835899958009,
            44.0466129154019
          ]
        ]
      },
      "properties": {
        "OBJECTID": 267,
        "bike_segid": 3048,
        "eug_id": null,
        "name": null,
        "ftype": "Neighborhood Greenway",
        "ftypedes": "Neighborhood Greenway",
        "lane_type": null,
        "lane_typedes": null,
        "status": "Built",
        "maint": "EUG",
        "source": null,
        "easement": null,
        "lane_num": null,
        "lane_placement": null,
        "geofeature_id": "{C80D6490-20B5-4E32-95E7-424340AA36ED}",
        "Shape_Length": 814.9264063013266,
        "layer": "bike_lanes"
      }
    },
    {
      "type": "Feature",
      "id": "bike_lanes_130",
      "geometry": {
        "type": "LineString",
        "coordinates": [
          [
            -123.08821115123487,
            44.04661144619978
          ],
          [
            -123.08821136251667,
            44.04651609696937
          ],
          [
            -123.08821421000451,
            44.046082450011326
          ],
          [
            -123.08821444227227,
            44.046046802391956
          ],
          [
            -123.08821552203588,
            44.0458816606628
          ],
          [
            -123.08821562865879,
            44.045865391609006
          ],
          [
            -123.0882157988449,
            44.045839304946725
          ],
          [
            -123.08821594310018,
            44.04581736071518
          ],
          [
            -123.08821608735543,
            44.045795416483415
          ],
          [
            -123.08821619260027,
            44.04577926091049
          ],
          [
            -123.08821724162269,
            44.045773474941015
          ],
          [
            -123.08821921072338,
            44.045762622597884
          ],
          [
            -123.08822380683209,
            44.04573727821921
          ],
          [
            -123.08822384047379,
            44.04561317404495
          ],
          [
            -123.08822443809419,
            44.04556310011974
          ]
        ]
      },
      "properties": {
        "OBJECTID": 268,
        "bike_segid": 3216,
        "eug_id": null,
        "name": "High St Protected Bikeway",
        "ftype": "Protected Bikeway",
        "ftypedes": "Protected Bikeway",
        "lane_type": null,
        "lane_typedes": null,
        "status": "Built",
        "maint": "EUG",
        "source": null,
        "easement": null,
        "lane_num": 2,
        "lane_placement": "Curbside",
        "geofeature_id": "{B945D65B-7548-4314-9351-0030948EC322}",
        "Shape_Length": 382.3074485052187,
        "layer": "bike_lanes"
      }
    },
    {
      "type": "Feature",
      "id": "bike_lanes_131",
      "geometry": {
        "type": "LineString",
        "coordinates": [
          [
            -123.08821115123487,
            44.04661144619978
          ],
          [
            -123.08812421138754,
            44.046611559641846
          ],
          [
            -123.08740813227536,
            44.04661249185688
          ],
          [
            -123.08668927296287,
            44.04661236781462
          ]
        ]
      },
      "properties": {
        "OBJECTID": 269,
        "bike_segid": 3049,
        "eug_id": null,
        "name": null,
        "ftype": "Neighborhood Greenway",
        "ftypedes": "Neighborhood Greenway",
        "lane_type": null,
        "lane_typedes": null,
        "status": "Built",
        "maint": "EUG",
        "source": null,
        "easement": null,
        "lane_num": null,
        "lane_placement": null,
        "geofeature_id": "{B7F2C075-77B2-4B11-9CEE-8A5A76A57E1B}",
        "Shape_Length": 400.1642095870106,
        "layer": "bike_lanes"
      }
    },
    {
      "type": "Feature",
      "id": "bike_lanes_132",
      "geometry": {
        "type": "LineString",
        "coordinates": [
          [
            -123.07349597187375,
            44.04550071658469
          ],
          [
            -123.07349762325364,
            44.04553946641652
          ],
          [
            -123.07349899056884,
            44.04557155059674
          ],
          [
            -123.07355614067407,
            44.04574512275297
          ],
          [
            -123.07356675997181,
            44.04581231270037
          ],
          [
            -123.073562995197,
            44.045882468740594
          ],
          [
            -123.07354425292873,
            44.0459513631542
          ],
          [
            -123.07352230849641,
            44.04598220391372
          ],
          [
            -123.07346285219927,
            44.04602772807542
          ],
          [
            -123.07338487528506,
            44.04605508220735
          ],
          [
            -123.0733381971624,
            44.04607923298502
          ],
          [
            -123.07333820168449,
            44.046725381625585
          ],
          [
            -123.07329402462443,
            44.04674182624104
          ],
          [
            -123.07326460878635,
            44.04675791028136
          ],
          [
            -123.07326460899111,
            44.04682277310747
          ],
          [
            -123.07322704011835,
            44.04684368933503
          ],
          [
            -123.073186336269,
            44.04686102303551
          ],
          [
            -123.07316849115831,
            44.04690874441861
          ]
        ]
      },
      "properties": {
        "OBJECTID": 270,
        "bike_segid": 460,
        "eug_id": null,
        "name": null,
        "ftype": "Shared Use Path",
        "ftypedes": "Shared Use Path",
        "lane_type": null,
        "lane_typedes": null,
        "status": "Built",
        "maint": "UNKNOWN",
        "source": null,
        "easement": null,
        "lane_num": null,
        "lane_placement": null,
        "geofeature_id": "{6DD65B1B-2C7A-41D5-B3AD-2FA6B65E12A7}",
        "Shape_Length": 564.955339769641,
        "layer": "bike_lanes"
      }
    },
    {
      "type": "Feature",
      "id": "bike_lanes_133",
      "geometry": {
        "type": "LineString",
        "coordinates": [
          [
            -123.08962857774792,
            44.046603281756724
          ],
          [
            -123.08963285290265,
            44.04556240677705
          ]
        ]
      },
      "properties": {
        "OBJECTID": 271,
        "bike_segid": 3217,
        "eug_id": null,
        "name": null,
        "ftype": "Bike Lane",
        "ftypedes": "Bike Lane",
        "lane_type": null,
        "lane_typedes": null,
        "status": "Built",
        "maint": "UNKNOWN",
        "source": null,
        "easement": null,
        "lane_num": null,
        "lane_placement": "Curbside",
        "geofeature_id": "{BBE9E89E-CAB1-432C-9EB1-7083D61CB0E3}",
        "Shape_Length": 379.4514077896535,
        "layer": "bike_lanes"
      }
    },
    {
      "type": "Feature",
      "id": "bike_lanes_134",
      "geometry": {
        "type": "LineString",
        "coordinates": [
          [
            -123.08962857774792,
            44.046603281756724
          ],
          [
            -123.08821115123487,
            44.04661144619978
          ]
        ]
      },
      "properties": {
        "OBJECTID": 272,
        "bike_segid": 3050,
        "eug_id": null,
        "name": null,
        "ftype": "Neighborhood Greenway",
        "ftypedes": "Neighborhood Greenway",
        "lane_type": null,
        "lane_typedes": null,
        "status": "Built",
        "maint": "EUG",
        "source": null,
        "easement": null,
        "lane_num": null,
        "lane_placement": null,
        "geofeature_id": "{CE4D4A66-754D-4791-A966-B3A3A2C23366}",
        "Shape_Length": 372.71114703544947,
        "layer": "bike_lanes"
      }
    },
    {
      "type": "Feature",
      "id": "bike_lanes_135",
      "geometry": {
        "type": "LineString",
        "coordinates": [
          [
            -123.09261628454477,
            44.04657079119027
          ],
          [
            -123.09250152330897,
            44.04657112144518
          ],
          [
            -123.09207160398628,
            44.04656974790299
          ],
          [
            -123.09202485968375,
            44.04659804517796
          ],
          [
            -123.09197283511352,
            44.04666633832332
          ],
          [
            -123.09128441808734,
            44.04666777251154
          ]
        ]
      },
      "properties": {
        "OBJECTID": 273,
        "bike_segid": 464,
        "eug_id": null,
        "name": null,
        "ftype": "Accessway",
        "ftypedes": "Accessway",
        "lane_type": null,
        "lane_typedes": null,
        "status": "Built",
        "maint": "UNKNOWN",
        "source": null,
        "easement": null,
        "lane_num": null,
        "lane_placement": null,
        "geofeature_id": "{FD270DC0-2220-4D6B-B347-4A276D29EC5C}",
        "Shape_Length": 368.68674305471063,
        "layer": "bike_lanes"
      }
    },
    {
      "type": "Feature",
      "id": "bike_lanes_136",
      "geometry": {
        "type": "LineString",
        "coordinates": [
          [
            -123.09273674602309,
            44.04668112550166
          ],
          [
            -123.09273466634916,
            44.045843575536225
          ],
          [
            -123.0927380707673,
            44.04557519340659
          ]
        ]
      },
      "properties": {
        "OBJECTID": 274,
        "bike_segid": 465,
        "eug_id": null,
        "name": "Willamette St",
        "ftype": "Route",
        "ftypedes": "Route",
        "lane_type": null,
        "lane_typedes": null,
        "status": "Built",
        "maint": "EUG",
        "source": null,
        "easement": null,
        "lane_num": null,
        "lane_placement": null,
        "geofeature_id": "{6D847A2A-87C2-4941-95E9-7FFDCEB6AD31}",
        "Shape_Length": 403.1708300532391,
        "layer": "bike_lanes"
      }
    },
    {
      "type": "Feature",
      "id": "bike_lanes_137",
      "geometry": {
        "type": "LineString",
        "coordinates": [
          [
            -123.09108685703826,
            44.04661345308959
          ],
          [
            -123.08962857774792,
            44.046603281756724
          ]
        ]
      },
      "properties": {
        "OBJECTID": 275,
        "bike_segid": 3051,
        "eug_id": null,
        "name": null,
        "ftype": "Neighborhood Greenway",
        "ftypedes": "Neighborhood Greenway",
        "lane_type": null,
        "lane_typedes": null,
        "status": "Built",
        "maint": "EUG",
        "source": null,
        "easement": null,
        "lane_num": null,
        "lane_placement": null,
        "geofeature_id": "{540C0F4B-C881-4D6F-8498-6CBED5511B47}",
        "Shape_Length": 383.4590463328026,
        "layer": "bike_lanes"
      }
    },
    {
      "type": "Feature",
      "id": "bike_lanes_138",
      "geometry": {
        "type": "LineString",
        "coordinates": [
          [
            -123.09426845950978,
            44.04661219622396
          ],
          [
            -123.09426271007851,
            44.04557505852916
          ]
        ]
      },
      "properties": {
        "OBJECTID": 276,
        "bike_segid": 3218,
        "eug_id": null,
        "name": null,
        "ftype": "Shared Lane",
        "ftypedes": "Shared Lane",
        "lane_type": null,
        "lane_typedes": null,
        "status": "Built",
        "maint": "EUG",
        "source": null,
        "easement": null,
        "lane_num": null,
        "lane_placement": null,
        "geofeature_id": "{EF432563-472D-4C97-84FB-CA636E62EE32}",
        "Shape_Length": 378.09034408500133,
        "layer": "bike_lanes"
      }
    },
    {
      "type": "Feature",
      "id": "bike_lanes_139",
      "geometry": {
        "type": "LineString",
        "coordinates": [
          [
            -123.09584282649598,
            44.046612210119804
          ],
          [
            -123.09584755478437,
            44.04629192033446
          ],
          [
            -123.0958535328495,
            44.045549922018466
          ]
        ]
      },
      "properties": {
        "OBJECTID": 277,
        "bike_segid": 3219,
        "eug_id": null,
        "name": null,
        "ftype": "Bike Lane",
        "ftypedes": "Bike Lane",
        "lane_type": null,
        "lane_typedes": null,
        "status": "Built",
        "maint": "UNKNOWN",
        "source": null,
        "easement": null,
        "lane_num": null,
        "lane_placement": "Curbside",
        "geofeature_id": "{3AF3B8AD-43C4-4D06-A388-8BBC8E91D4C4}",
        "Shape_Length": 387.2670566891421,
        "layer": "bike_lanes"
      }
    },
    {
      "type": "Feature",
      "id": "bike_lanes_140",
      "geometry": {
        "type": "LineString",
        "coordinates": [
          [
            -123.09584282649598,
            44.046612210119804
          ],
          [
            -123.09502990036653,
            44.04661146902745
          ],
          [
            -123.09426845950978,
            44.04661219622396
          ],
          [
            -123.09414342520334,
            44.04657506317403
          ],
          [
            -123.09356334935565,
            44.046576245075514
          ],
          [
            -123.09282752701657,
            44.04656113575876
          ]
        ]
      },
      "properties": {
        "OBJECTID": 278,
        "bike_segid": 3053,
        "eug_id": null,
        "name": null,
        "ftype": "Neighborhood Greenway",
        "ftypedes": "Neighborhood Greenway",
        "lane_type": null,
        "lane_typedes": null,
        "status": "Built",
        "maint": "EUG",
        "source": null,
        "easement": null,
        "lane_num": null,
        "lane_placement": null,
        "geofeature_id": "{64DA5DEA-A9B8-419F-8E63-D330ED7096C3}",
        "Shape_Length": 795.6025932856587,
        "layer": "bike_lanes"
      }
    },
    {
      "type": "Feature",
      "id": "bike_lanes_141",
      "geometry": {
        "type": "LineString",
        "coordinates": [
          [
            -123.09730857983526,
            44.046611104422546
          ],
          [
            -123.09731174198598,
            44.04556440747811
          ]
        ]
      },
      "properties": {
        "OBJECTID": 279,
        "bike_segid": 3054,
        "eug_id": null,
        "name": "Lincoln/Lawrence",
        "ftype": "Shared Lane",
        "ftypedes": "Shared Lane",
        "lane_type": null,
        "lane_typedes": null,
        "status": "Built",
        "maint": "EUG",
        "source": null,
        "easement": null,
        "lane_num": null,
        "lane_placement": null,
        "geofeature_id": "{E86D5890-C286-46EC-B7FB-6D41EE7ABFAF}",
        "Shape_Length": 381.5730397922602,
        "layer": "bike_lanes"
      }
    },
    {
      "type": "Feature",
      "id": "bike_lanes_142",
      "geometry": {
        "type": "LineString",
        "coordinates": [
          [
            -123.09730857983526,
            44.046611104422546
          ],
          [
            -123.09655043199807,
            44.046610913911906
          ],
          [
            -123.09584282649598,
            44.046612210119804
          ]
        ]
      },
      "properties": {
        "OBJECTID": 280,
        "bike_segid": 3055,
        "eug_id": null,
        "name": null,
        "ftype": "Neighborhood Greenway",
        "ftypedes": "Neighborhood Greenway",
        "lane_type": null,
        "lane_typedes": null,
        "status": "Built",
        "maint": "EUG",
        "source": null,
        "easement": null,
        "lane_num": null,
        "lane_placement": null,
        "geofeature_id": "{A64DD02C-1EAD-44B0-A2AA-6BDFE5BF4FBD}",
        "Shape_Length": 385.4069444390017,
        "layer": "bike_lanes"
      }
    },
    {
      "type": "Feature",
      "id": "bike_lanes_143",
      "geometry": {
        "type": "LineString",
        "coordinates": [
          [
            -123.10327613175166,
            44.04661355410495
          ],
          [
            -123.1018645796282,
            44.04661164103799
          ],
          [
            -123.10034306444494,
            44.0466116016705
          ],
          [
            -123.09882628626386,
            44.046611095952244
          ],
          [
            -123.09730857983526,
            44.046611104422546
          ]
        ]
      },
      "properties": {
        "OBJECTID": 281,
        "bike_segid": 3056,
        "eug_id": null,
        "name": null,
        "ftype": "Neighborhood Greenway",
        "ftypedes": "Neighborhood Greenway",
        "lane_type": null,
        "lane_typedes": null,
        "status": "Built",
        "maint": "EUG",
        "source": null,
        "easement": null,
        "lane_num": null,
        "lane_placement": null,
        "geofeature_id": "{5C578D85-DE68-499B-B974-7D80625B65DE}",
        "Shape_Length": 1569.1134683032467,
        "layer": "bike_lanes"
      }
    },
    {
      "type": "Feature",
      "id": "bike_lanes_144",
      "geometry": {
        "type": "LineString",
        "coordinates": [
          [
            -123.07316849115831,
            44.04690874441861
          ],
          [
            -123.07316867375897,
            44.04696007832629
          ],
          [
            -123.07315898606551,
            44.04699144143041
          ],
          [
            -123.07312060821027,
            44.04711568713649
          ],
          [
            -123.07303216388509,
            44.04734282534838
          ]
        ]
      },
      "properties": {
        "OBJECTID": 282,
        "bike_segid": 478,
        "eug_id": null,
        "name": null,
        "ftype": "Routing Connection",
        "ftypedes": "Routing Connection",
        "lane_type": null,
        "lane_typedes": null,
        "status": "Built",
        "maint": "UNKNOWN",
        "source": null,
        "easement": null,
        "lane_num": null,
        "lane_placement": null,
        "geofeature_id": "{FC1D4AC7-AD32-44FF-81C4-67AE095963AE}",
        "Shape_Length": 162.83831183639728,
        "layer": "bike_lanes"
      }
    },
    {
      "type": "Feature",
      "id": "bike_lanes_145",
      "geometry": {
        "type": "LineString",
        "coordinates": [
          [
            -123.10491172781288,
            44.04661584448496
          ],
          [
            -123.10491310977838,
            44.04606658881605
          ],
          [
            -123.10491189222844,
            44.045474984814064
          ]
        ]
      },
      "properties": {
        "OBJECTID": 283,
        "bike_segid": 3059,
        "eug_id": null,
        "name": "Monroe St/Fairgrounds",
        "ftype": "Neighborhood Greenway",
        "ftypedes": "Neighborhood Greenway",
        "lane_type": null,
        "lane_typedes": null,
        "status": "Built",
        "maint": "EUG",
        "source": null,
        "easement": null,
        "lane_num": null,
        "lane_placement": null,
        "geofeature_id": "{26100B50-D89F-42F8-9942-3A6B306EA2BC}",
        "Shape_Length": 415.8996040399586,
        "layer": "bike_lanes"
      }
    },
    {
      "type": "Feature",
      "id": "bike_lanes_146",
      "geometry": {
        "type": "LineString",
        "coordinates": [
          [
            -123.0714594310912,
            44.04702153984486
          ],
          [
            -123.07144409415278,
            44.04744028403449
          ],
          [
            -123.07144556578017,
            44.047616376199976
          ],
          [
            -123.07143782632896,
            44.04772913142827
          ]
        ]
      },
      "properties": {
        "OBJECTID": 284,
        "bike_segid": 484,
        "eug_id": null,
        "name": "Autzen Conn",
        "ftype": "Shared Use Path",
        "ftypedes": "Shared Use Path",
        "lane_type": null,
        "lane_typedes": null,
        "status": "Built",
        "maint": "UNKNOWN",
        "source": null,
        "easement": null,
        "lane_num": null,
        "lane_placement": null,
        "geofeature_id": "{7BD45574-E997-4151-8A80-90D550BF1C97}",
        "Shape_Length": 258.0565879778381,
        "layer": "bike_lanes"
      }
    },
    {
      "type": "Feature",
      "id": "bike_lanes_147",
      "geometry": {
        "type": "LineString",
        "coordinates": [
          [
            -123.11251028226651,
            44.0466256681896
          ],
          [
            -123.11250742053952,
            44.046171542951896
          ],
          [
            -123.11251380447699,
            44.045485667938614
          ]
        ]
      },
      "properties": {
        "OBJECTID": 285,
        "bike_segid": 487,
        "eug_id": null,
        "name": "Polk St",
        "ftype": "Route",
        "ftypedes": "Route",
        "lane_type": null,
        "lane_typedes": null,
        "status": "Built",
        "maint": "EUG",
        "source": null,
        "easement": null,
        "lane_num": null,
        "lane_placement": null,
        "geofeature_id": "{484FAACA-C953-466E-AA22-319E458E5EF4}",
        "Shape_Length": 415.59308281269585,
        "layer": "bike_lanes"
      }
    },
    {
      "type": "Feature",
      "id": "bike_lanes_148",
      "geometry": {
        "type": "LineString",
        "coordinates": [
          [
            -123.11251028226651,
            44.0466256681896
          ],
          [
            -123.11099944544542,
            44.046624013622264
          ],
          [
            -123.10947831625211,
            44.046622026937705
          ],
          [
            -123.10795623695232,
            44.04662004437598
          ],
          [
            -123.1064336751362,
            44.04661787982028
          ],
          [
            -123.10491172781288,
            44.04661584448496
          ]
        ]
      },
      "properties": {
        "OBJECTID": 286,
        "bike_segid": 3061,
        "eug_id": null,
        "name": null,
        "ftype": "Neighborhood Greenway",
        "ftypedes": "Neighborhood Greenway",
        "lane_type": null,
        "lane_typedes": null,
        "status": "Built",
        "maint": "EUG",
        "source": null,
        "easement": null,
        "lane_num": null,
        "lane_placement": null,
        "geofeature_id": "{D4242E87-E8A6-47A5-A51F-E1958933EC0E}",
        "Shape_Length": 1997.9727780393118,
        "layer": "bike_lanes"
      }
    },
    {
      "type": "Feature",
      "id": "bike_lanes_149",
      "geometry": {
        "type": "LineString",
        "coordinates": [
          [
            -123.06988513067111,
            44.04738154566878
          ],
          [
            -123.06995093723395,
            44.0473816553957
          ],
          [
            -123.07002270641489,
            44.04739474103403
          ],
          [
            -123.0704611928182,
            44.047555890879096
          ],
          [
            -123.07050387839018,
            44.04756857220869
          ],
          [
            -123.07055514181928,
            44.04757791937874
          ],
          [
            -123.07061335176223,
            44.047579774459834
          ],
          [
            -123.07067274722357,
            44.0475753148892
          ],
          [
            -123.07072220228147,
            44.04757631574432
          ],
          [
            -123.0707662504878,
            44.04758687067813
          ],
          [
            -123.07082218242066,
            44.04760345076566
          ],
          [
            -123.07093176350436,
            44.04765133878285
          ],
          [
            -123.07099245200678,
            44.047677247791064
          ],
          [
            -123.07104253137265,
            44.04769290934334
          ],
          [
            -123.07115662905888,
            44.04771029883092
          ],
          [
            -123.071228085512,
            44.04771605333368
          ],
          [
            -123.07137622812671,
            44.04771381975727
          ],
          [
            -123.07143782632896,
            44.04772913142827
          ]
        ]
      },
      "properties": {
        "OBJECTID": 287,
        "bike_segid": 489,
        "eug_id": null,
        "name": "Millrace Path",
        "ftype": "Shared Use Path",
        "ftypedes": "Shared Use Path",
        "lane_type": null,
        "lane_typedes": null,
        "status": "Built",
        "maint": "UNKNOWN",
        "source": null,
        "easement": null,
        "lane_num": null,
        "lane_placement": null,
        "geofeature_id": "{6E48E898-5660-43BD-8D48-F3A37CCEB573}",
        "Shape_Length": 436.586754888934,
        "layer": "bike_lanes"
      }
    },
    {
      "type": "Feature",
      "id": "bike_lanes_150",
      "geometry": {
        "type": "LineString",
        "coordinates": [
          [
            -123.06573757869734,
            44.047670417190254
          ],
          [
            -123.06581566523603,
            44.04749885510166
          ],
          [
            -123.0660285802698,
            44.04695252315476
          ]
        ]
      },
      "properties": {
        "OBJECTID": 288,
        "bike_segid": 493,
        "eug_id": null,
        "name": null,
        "ftype": "Shared Use Path",
        "ftypedes": "Shared Use Path",
        "lane_type": null,
        "lane_typedes": null,
        "status": "Built",
        "maint": "UNKNOWN",
        "source": null,
        "easement": null,
        "lane_num": null,
        "lane_placement": null,
        "geofeature_id": "{B7EF0CCC-300F-48BA-B124-A174FEEFB68F}",
        "Shape_Length": 272.7101468552776,
        "layer": "bike_lanes"
      }
    },
    {
      "type": "Feature",
      "id": "bike_lanes_151",
      "geometry": {
        "type": "LineString",
        "coordinates": [
          [
            -123.11800914309708,
            44.046634727704934
          ],
          [
            -123.11580830201129,
            44.046630835177844
          ],
          [
            -123.11480227978788,
            44.04662914546841
          ],
          [
            -123.11404170401285,
            44.0466279245091
          ],
          [
            -123.11328017783005,
            44.046626717264814
          ],
          [
            -123.11251028226651,
            44.0466256681896
          ]
        ]
      },
      "properties": {
        "OBJECTID": 289,
        "bike_segid": 3062,
        "eug_id": null,
        "name": null,
        "ftype": "Neighborhood Greenway",
        "ftypedes": "Neighborhood Greenway",
        "lane_type": null,
        "lane_typedes": null,
        "status": "Built",
        "maint": "EUG",
        "source": null,
        "easement": null,
        "lane_num": null,
        "lane_placement": null,
        "geofeature_id": "{7F4F6EDC-D3F6-443A-A858-45000285134A}",
        "Shape_Length": 1445.8781272453932,
        "layer": "bike_lanes"
      }
    },
    {
      "type": "Feature",
      "id": "bike_lanes_152",
      "geometry": {
        "type": "LineString",
        "coordinates": [
          [
            -123.06573757869734,
            44.047670417190254
          ],
          [
            -123.06579398001709,
            44.04768708923899
          ],
          [
            -123.06587214397561,
            44.04771019522887
          ],
          [
            -123.06592772607554,
            44.04773105955241
          ],
          [
            -123.06601200594834,
            44.04775399153739
          ],
          [
            -123.06608653774327,
            44.04776720670886
          ],
          [
            -123.06616239152831,
            44.04777431044098
          ],
          [
            -123.0662729234472,
            44.04777527389167
          ],
          [
            -123.0666848900813,
            44.047769975663826
          ],
          [
            -123.06679964040022,
            44.04777214730657
          ],
          [
            -123.06689268104543,
            44.047779118117106
          ],
          [
            -123.06701254919436,
            44.04778436197234
          ],
          [
            -123.06707363179724,
            44.04778440043142
          ],
          [
            -123.06716070594517,
            44.04776883373398
          ],
          [
            -123.067296601973,
            44.04773596925407
          ],
          [
            -123.06734627796205,
            44.04772678049235
          ],
          [
            -123.06743555416182,
            44.0477178809279
          ],
          [
            -123.06759319631979,
            44.04772344747843
          ],
          [
            -123.0677077878241,
            44.04772549568012
          ],
          [
            -123.06781361010253,
            44.047720597625904
          ],
          [
            -123.06805382612143,
            44.0476919640251
          ],
          [
            -123.06813057697084,
            44.047684756453016
          ],
          [
            -123.0682042016571,
            44.047694860568896
          ],
          [
            -123.06826665172315,
            44.04770048931159
          ],
          [
            -123.06831647401785,
            44.04770310918147
          ],
          [
            -123.06841602200797,
            44.047703817503574
          ],
          [
            -123.06848996524467,
            44.04770787904015
          ],
          [
            -123.06852459707143,
            44.04771104564186
          ],
          [
            -123.06865917668291,
            44.04773611581575
          ],
          [
            -123.06869594773138,
            44.047737451344226
          ],
          [
            -123.06872403412241,
            44.04773526942011
          ],
          [
            -123.06875161129248,
            44.047728512143095
          ],
          [
            -123.06917509740113,
            44.04756966677099
          ],
          [
            -123.06918459664222,
            44.047564397194286
          ],
          [
            -123.06925661685194,
            44.04749506812262
          ],
          [
            -123.06929004399925,
            44.04748104288946
          ],
          [
            -123.06946161646867,
            44.04742468355803
          ],
          [
            -123.06956746893808,
            44.04739715717123
          ],
          [
            -123.06965016719707,
            44.047383073857524
          ],
          [
            -123.06969687929423,
            44.047380609917695
          ]
        ]
      },
      "properties": {
        "OBJECTID": 290,
        "bike_segid": 496,
        "eug_id": null,
        "name": "Millrace Path",
        "ftype": "Shared Use Path",
        "ftypedes": "Shared Use Path",
        "lane_type": null,
        "lane_typedes": null,
        "status": "Built",
        "maint": "UNKNOWN",
        "source": null,
        "easement": null,
        "lane_num": null,
        "lane_placement": null,
        "geofeature_id": "{15BBF7A5-41FC-4FF6-8FF8-5645912CB5E5}",
        "Shape_Length": 1090.6314329327047,
        "layer": "bike_lanes"
      }
    },
    {
      "type": "Feature",
      "id": "bike_lanes_153",
      "geometry": {
        "type": "LineString",
        "coordinates": [
          [
            -123.12534963755598,
            44.04664621349497
          ],
          [
            -123.12469133407309,
            44.046646914342894
          ],
          [
            -123.12392349797939,
            44.04664496693872
          ],
          [
            -123.12316984862946,
            44.046643050410566
          ],
          [
            -123.12240547516639,
            44.04664188811795
          ],
          [
            -123.12164607182183,
            44.04664072919299
          ],
          [
            -123.12088637628129,
            44.046639505269006
          ],
          [
            -123.12012719884147,
            44.04663827638532
          ],
          [
            -123.11881934361327,
            44.04663609065053
          ],
          [
            -123.11813902208311,
            44.04663495146387
          ]
        ]
      },
      "properties": {
        "OBJECTID": 292,
        "bike_segid": 3063,
        "eug_id": null,
        "name": null,
        "ftype": "Neighborhood Greenway",
        "ftypedes": "Neighborhood Greenway",
        "lane_type": null,
        "lane_typedes": null,
        "status": "Built",
        "maint": "EUG",
        "source": null,
        "easement": null,
        "lane_num": null,
        "lane_placement": null,
        "geofeature_id": "{C9E68A26-F6BB-4977-B5C5-0BE008A71AE8}",
        "Shape_Length": 1895.9699208910893,
        "layer": "bike_lanes"
      }
    },
    {
      "type": "Feature",
      "id": "bike_lanes_154",
      "geometry": {
        "type": "LineString",
        "coordinates": [
          [
            -123.07862898030105,
            44.04741334891669
          ],
          [
            -123.07865410891435,
            44.04697342745058
          ],
          [
            -123.07865945684357,
            44.04661470664541
          ],
          [
            -123.07865266847114,
            44.045543074106085
          ]
        ]
      },
      "properties": {
        "OBJECTID": 293,
        "bike_segid": 501,
        "eug_id": null,
        "name": null,
        "ftype": "Shared Lane",
        "ftypedes": "Shared Lane",
        "lane_type": null,
        "lane_typedes": null,
        "status": "Built",
        "maint": "UNKNOWN",
        "source": null,
        "easement": null,
        "lane_num": null,
        "lane_placement": null,
        "geofeature_id": "{F2C89B14-FCCB-4273-A274-1F31D4F82AA1}",
        "Shape_Length": 681.9542779082757,
        "layer": "bike_lanes"
      }
    },
    {
      "type": "Feature",
      "id": "bike_lanes_155",
      "geometry": {
        "type": "LineString",
        "coordinates": [
          [
            -123.0801291239121,
            44.04776842397069
          ],
          [
            -123.07862795011918,
            44.04776993336511
          ]
        ]
      },
      "properties": {
        "OBJECTID": 294,
        "bike_segid": 503,
        "eug_id": null,
        "name": null,
        "ftype": "Bike Lane",
        "ftypedes": "Bike Lane",
        "lane_type": null,
        "lane_typedes": null,
        "status": "Built",
        "maint": "UNKNOWN",
        "source": null,
        "easement": null,
        "lane_num": null,
        "lane_placement": "Curbside",
        "geofeature_id": "{691A1B9B-A505-453B-881C-25870F181EE6}",
        "Shape_Length": 394.71263134348925,
        "layer": "bike_lanes"
      }
    },
    {
      "type": "Feature",
      "id": "bike_lanes_156",
      "geometry": {
        "type": "LineString",
        "coordinates": [
          [
            -123.07303216388509,
            44.04734282534838
          ],
          [
            -123.0729211963047,
            44.04741410245608
          ],
          [
            -123.07279153106965,
            44.04744064977566
          ],
          [
            -123.07266329044889,
            44.047478310486525
          ],
          [
            -123.07264277255288,
            44.04756607042578
          ],
          [
            -123.0726578385612,
            44.047816880608785
          ],
          [
            -123.07265907726189,
            44.04785084853717
          ]
        ]
      },
      "properties": {
        "OBJECTID": 296,
        "bike_segid": 507,
        "eug_id": null,
        "name": null,
        "ftype": "Route",
        "ftypedes": "Route",
        "lane_type": null,
        "lane_typedes": null,
        "status": "Built",
        "maint": "UNKNOWN",
        "source": null,
        "easement": null,
        "lane_num": null,
        "lane_placement": null,
        "geofeature_id": "{A36CA4BB-0B55-40D6-8003-B3CCE13467E0}",
        "Shape_Length": 247.26840066736867,
        "layer": "bike_lanes"
      }
    },
    {
      "type": "Feature",
      "id": "bike_lanes_157",
      "geometry": {
        "type": "LineString",
        "coordinates": [
          [
            -123.07143082245801,
            44.047871795929424
          ],
          [
            -123.07154070944596,
            44.047871410860544
          ],
          [
            -123.07167309611476,
            44.04786523197724
          ],
          [
            -123.0717800341895,
            44.047842534459974
          ],
          [
            -123.07200633224691,
            44.04781729658144
          ],
          [
            -123.07213885948453,
            44.04780940959765
          ],
          [
            -123.07225610557069,
            44.04781773058603
          ],
          [
            -123.07237101897704,
            44.04783646581726
          ],
          [
            -123.07248739528049,
            44.04784877749932
          ],
          [
            -123.07256706581008,
            44.04784877748779
          ],
          [
            -123.07265907726189,
            44.04785084853717
          ]
        ]
      },
      "properties": {
        "OBJECTID": 297,
        "bike_segid": 508,
        "eug_id": null,
        "name": "Millrace Path",
        "ftype": "Shared Use Path",
        "ftypedes": "Shared Use Path",
        "lane_type": null,
        "lane_typedes": null,
        "status": "Built",
        "maint": "UNKNOWN",
        "source": null,
        "easement": null,
        "lane_num": null,
        "lane_placement": null,
        "geofeature_id": "{5EAB645F-6A3A-423F-95AB-2DED8BDE7F2C}",
        "Shape_Length": 326.2929530061833,
        "layer": "bike_lanes"
      }
    },
    {
      "type": "Feature",
      "id": "bike_lanes_158",
      "geometry": {
        "type": "LineString",
        "coordinates": [
          [
            -123.08207338455502,
            44.04776481102272
          ],
          [
            -123.0801291239121,
            44.04776842397069
          ]
        ]
      },
      "properties": {
        "OBJECTID": 298,
        "bike_segid": 510,
        "eug_id": null,
        "name": null,
        "ftype": "Bike Lane",
        "ftypedes": "Bike Lane",
        "lane_type": null,
        "lane_typedes": null,
        "status": "Built",
        "maint": "UNKNOWN",
        "source": null,
        "easement": null,
        "lane_num": null,
        "lane_placement": "Curbside",
        "geofeature_id": "{6602B5F9-FC7F-4AB9-ABD8-06CDABE4B242}",
        "Shape_Length": 511.21733663707545,
        "layer": "bike_lanes"
      }
    },
    {
      "type": "Feature",
      "id": "bike_lanes_159",
      "geometry": {
        "type": "LineString",
        "coordinates": [
          [
            -123.08667353841737,
            44.04775958894378
          ],
          [
            -123.08668927296287,
            44.04661236781462
          ]
        ]
      },
      "properties": {
        "OBJECTID": 300,
        "bike_segid": 512,
        "eug_id": null,
        "name": "Mill St",
        "ftype": "Route",
        "ftypedes": "Route",
        "lane_type": null,
        "lane_typedes": null,
        "status": "Built",
        "maint": "EUG",
        "source": null,
        "easement": null,
        "lane_num": null,
        "lane_placement": null,
        "geofeature_id": "{017BDAA1-8C03-4C22-9062-C2702426BD49}",
        "Shape_Length": 418.2387737876748,
        "layer": "bike_lanes"
      }
    },
    {
      "type": "Feature",
      "id": "bike_lanes_160",
      "geometry": {
        "type": "LineString",
        "coordinates": [
          [
            -123.08667353841737,
            44.04775958894378
          ],
          [
            -123.08590600664463,
            44.047761443873824
          ],
          [
            -123.08460073303768,
            44.04776287999092
          ],
          [
            -123.08416219100933,
            44.04776502026709
          ],
          [
            -123.0826957236415,
            44.04776621207084
          ],
          [
            -123.08207338455502,
            44.04776481102272
          ]
        ]
      },
      "properties": {
        "OBJECTID": 301,
        "bike_segid": 513,
        "eug_id": null,
        "name": null,
        "ftype": "Bike Lane",
        "ftypedes": "Bike Lane",
        "lane_type": null,
        "lane_typedes": null,
        "status": "Built",
        "maint": "UNKNOWN",
        "source": null,
        "easement": null,
        "lane_num": null,
        "lane_placement": "Curbside",
        "geofeature_id": "{BAE47C6D-CFCD-4671-A8AA-2430FC7F8E93}",
        "Shape_Length": 1209.550202627052,
        "layer": "bike_lanes"
      }
    },
    {
      "type": "Feature",
      "id": "bike_lanes_161",
      "geometry": {
        "type": "LineString",
        "coordinates": [
          [
            -123.08821763022993,
            44.04773454902399
          ],
          [
            -123.08820785040504,
            44.04761489926919
          ],
          [
            -123.08821004490754,
            44.04688114048985
          ],
          [
            -123.08821115123487,
            44.04661144619978
          ]
        ]
      },
      "properties": {
        "OBJECTID": 302,
        "bike_segid": 514,
        "eug_id": null,
        "name": "High St Protected Bikeway",
        "ftype": "Protected Bikeway",
        "ftypedes": "Protected Bikeway",
        "lane_type": null,
        "lane_typedes": null,
        "status": "Built",
        "maint": "EUG",
        "source": null,
        "easement": null,
        "lane_num": 2,
        "lane_placement": "Curbside",
        "geofeature_id": "{33D3861D-9698-4288-92F4-7FE0EBD78223}",
        "Shape_Length": 409.5027906351622,
        "layer": "bike_lanes"
      }
    },
    {
      "type": "Feature",
      "id": "bike_lanes_162",
      "geometry": {
        "type": "LineString",
        "coordinates": [
          [
            -123.08821763022993,
            44.04773454902399
          ],
          [
            -123.08811992836986,
            44.04773455844074
          ],
          [
            -123.0874202501589,
            44.047734370207024
          ],
          [
            -123.08680984262038,
            44.04776250126302
          ],
          [
            -123.08667353841737,
            44.04775958894378
          ]
        ]
      },
      "properties": {
        "OBJECTID": 303,
        "bike_segid": 515,
        "eug_id": null,
        "name": null,
        "ftype": "Bike Lane",
        "ftypedes": "Bike Lane",
        "lane_type": null,
        "lane_typedes": null,
        "status": "Built",
        "maint": "UNKNOWN",
        "source": null,
        "easement": null,
        "lane_num": null,
        "lane_placement": "Setback",
        "geofeature_id": "{5963268A-28DF-49C8-9E5A-A92D012626F7}",
        "Shape_Length": 406.3401414441026,
        "layer": "bike_lanes"
      }
    },
    {
      "type": "Feature",
      "id": "bike_lanes_163",
      "geometry": {
        "type": "LineString",
        "coordinates": [
          [
            -123.08961359868908,
            44.04773398240112
          ],
          [
            -123.0896123623055,
            44.047642333703315
          ],
          [
            -123.0896278453098,
            44.04704831500229
          ],
          [
            -123.08962857774792,
            44.046603281756724
          ]
        ]
      },
      "properties": {
        "OBJECTID": 304,
        "bike_segid": 516,
        "eug_id": null,
        "name": null,
        "ftype": "Bike Lane",
        "ftypedes": "Bike Lane",
        "lane_type": null,
        "lane_typedes": null,
        "status": "Built",
        "maint": "UNKNOWN",
        "source": null,
        "easement": null,
        "lane_num": null,
        "lane_placement": "Curbside",
        "geofeature_id": "{D4AA28F5-4D0B-4AFE-9923-97907BA4553E}",
        "Shape_Length": 412.2357412785999,
        "layer": "bike_lanes"
      }
    },
    {
      "type": "Feature",
      "id": "bike_lanes_164",
      "geometry": {
        "type": "LineString",
        "coordinates": [
          [
            -123.08961359868908,
            44.04773398240112
          ],
          [
            -123.08932990137868,
            44.04773187269303
          ],
          [
            -123.08821763022993,
            44.04773454902399
          ]
        ]
      },
      "properties": {
        "OBJECTID": 305,
        "bike_segid": 517,
        "eug_id": null,
        "name": null,
        "ftype": "Bike Lane",
        "ftypedes": "Bike Lane",
        "lane_type": null,
        "lane_typedes": null,
        "status": "Built",
        "maint": "UNKNOWN",
        "source": null,
        "easement": null,
        "lane_num": null,
        "lane_placement": "Setback",
        "geofeature_id": "{125F0431-6841-497D-BF85-C90D684A9481}",
        "Shape_Length": 367.05581615715096,
        "layer": "bike_lanes"
      }
    },
    {
      "type": "Feature",
      "id": "bike_lanes_165",
      "geometry": {
        "type": "LineString",
        "coordinates": [
          [
            -123.09273882532288,
            44.047732828049014
          ],
          [
            -123.09273674602309,
            44.04668112550166
          ]
        ]
      },
      "properties": {
        "OBJECTID": 307,
        "bike_segid": 519,
        "eug_id": null,
        "name": "Willamette St",
        "ftype": "Route",
        "ftypedes": "Route",
        "lane_type": null,
        "lane_typedes": null,
        "status": "Built",
        "maint": "EUG",
        "source": null,
        "easement": null,
        "lane_num": null,
        "lane_placement": null,
        "geofeature_id": "{3D0F4E0B-7775-4CB5-9324-373BD7A22816}",
        "Shape_Length": 383.39750095571446,
        "layer": "bike_lanes"
      }
    },
    {
      "type": "Feature",
      "id": "bike_lanes_166",
      "geometry": {
        "type": "LineString",
        "coordinates": [
          [
            -123.09273882532288,
            44.047732828049014
          ],
          [
            -123.09202134052815,
            44.04773098444734
          ],
          [
            -123.0912406806788,
            44.047734835354596
          ],
          [
            -123.08961359868908,
            44.04773398240112
          ]
        ]
      },
      "properties": {
        "OBJECTID": 308,
        "bike_segid": 520,
        "eug_id": null,
        "name": null,
        "ftype": "Bike Lane",
        "ftypedes": "Bike Lane",
        "lane_type": null,
        "lane_typedes": null,
        "status": "Built",
        "maint": "UNKNOWN",
        "source": null,
        "easement": null,
        "lane_num": null,
        "lane_placement": "Setback",
        "geofeature_id": "{7A2D33C4-1BC1-4490-82F3-3C53A03B5DCA}",
        "Shape_Length": 821.7403861219619,
        "layer": "bike_lanes"
      }
    },
    {
      "type": "Feature",
      "id": "bike_lanes_167",
      "geometry": {
        "type": "LineString",
        "coordinates": [
          [
            -123.09426907874777,
            44.04774008907849
          ],
          [
            -123.09426864752254,
            44.046992982047705
          ],
          [
            -123.09426845950978,
            44.04661219622396
          ]
        ]
      },
      "properties": {
        "OBJECTID": 309,
        "bike_segid": 521,
        "eug_id": null,
        "name": null,
        "ftype": "Shared Lane",
        "ftypedes": "Shared Lane",
        "lane_type": null,
        "lane_typedes": null,
        "status": "Built",
        "maint": "EUG",
        "source": null,
        "easement": null,
        "lane_num": null,
        "lane_placement": null,
        "geofeature_id": "{00D88E5F-031A-41B5-B429-1F74B36D7BCB}",
        "Shape_Length": 411.17223814543615,
        "layer": "bike_lanes"
      }
    },
    {
      "type": "Feature",
      "id": "bike_lanes_168",
      "geometry": {
        "type": "LineString",
        "coordinates": [
          [
            -123.09426907874777,
            44.04774008907849
          ],
          [
            -123.09412099276553,
            44.0477298196925
          ],
          [
            -123.0933610621382,
            44.04773179264778
          ],
          [
            -123.09273882532288,
            44.047732828049014
          ]
        ]
      },
      "properties": {
        "OBJECTID": 310,
        "bike_segid": 522,
        "eug_id": null,
        "name": null,
        "ftype": "Bike Lane",
        "ftypedes": "Bike Lane",
        "lane_type": null,
        "lane_typedes": null,
        "status": "Built",
        "maint": "UNKNOWN",
        "source": null,
        "easement": null,
        "lane_num": null,
        "lane_placement": "Curbside",
        "geofeature_id": "{60825C82-A75D-4D84-9349-BBC017FD1275}",
        "Shape_Length": 402.53986009934147,
        "layer": "bike_lanes"
      }
    },
    {
      "type": "Feature",
      "id": "bike_lanes_169",
      "geometry": {
        "type": "LineString",
        "coordinates": [
          [
            -123.09583468961127,
            44.047744471014084
          ],
          [
            -123.09584282649598,
            44.046612210119804
          ]
        ]
      },
      "properties": {
        "OBJECTID": 312,
        "bike_segid": 524,
        "eug_id": null,
        "name": null,
        "ftype": "Bike Lane",
        "ftypedes": "Bike Lane",
        "lane_type": null,
        "lane_typedes": null,
        "status": "Built",
        "maint": "UNKNOWN",
        "source": null,
        "easement": null,
        "lane_num": null,
        "lane_placement": "Curbside",
        "geofeature_id": "{3BDB1976-C56A-409E-B131-048C324BB640}",
        "Shape_Length": 412.7701154680542,
        "layer": "bike_lanes"
      }
    },
    {
      "type": "Feature",
      "id": "bike_lanes_170",
      "geometry": {
        "type": "LineString",
        "coordinates": [
          [
            -123.09583468961127,
            44.047744471014084
          ],
          [
            -123.09503593878092,
            44.047737956165655
          ],
          [
            -123.09426907874777,
            44.04774008907849
          ]
        ]
      },
      "properties": {
        "OBJECTID": 313,
        "bike_segid": 525,
        "eug_id": null,
        "name": null,
        "ftype": "Bike Lane",
        "ftypedes": "Bike Lane",
        "lane_type": null,
        "lane_typedes": null,
        "status": "Built",
        "maint": "UNKNOWN",
        "source": null,
        "easement": null,
        "lane_num": null,
        "lane_placement": "Setback",
        "geofeature_id": "{8CA25288-4270-48D9-94D1-B8E811ACB06F}",
        "Shape_Length": 411.6701821206939,
        "layer": "bike_lanes"
      }
    },
    {
      "type": "Feature",
      "id": "bike_lanes_171",
      "geometry": {
        "type": "LineString",
        "coordinates": [
          [
            -123.09725609199354,
            44.047747456716515
          ],
          [
            -123.09729564768604,
            44.047553603114864
          ],
          [
            -123.09730857983526,
            44.046611104422546
          ]
        ]
      },
      "properties": {
        "OBJECTID": 316,
        "bike_segid": 529,
        "eug_id": null,
        "name": "Lincoln/Lawrence",
        "ftype": "Shared Lane",
        "ftypedes": "Shared Lane",
        "lane_type": null,
        "lane_typedes": null,
        "status": "Built",
        "maint": "EUG",
        "source": null,
        "easement": null,
        "lane_num": null,
        "lane_placement": null,
        "geofeature_id": "{F7770B4A-8598-4AD7-B190-F76C7F53B4C9}",
        "Shape_Length": 415.034160303106,
        "layer": "bike_lanes"
      }
    },
    {
      "type": "Feature",
      "id": "bike_lanes_172",
      "geometry": {
        "type": "LineString",
        "coordinates": [
          [
            -123.09725609199354,
            44.047747456716515
          ],
          [
            -123.09679205999538,
            44.04774830890023
          ],
          [
            -123.09619598359409,
            44.047750922336185
          ],
          [
            -123.09583468961127,
            44.047744471014084
          ]
        ]
      },
      "properties": {
        "OBJECTID": 317,
        "bike_segid": 530,
        "eug_id": null,
        "name": null,
        "ftype": "Bike Lane",
        "ftypedes": "Bike Lane",
        "lane_type": null,
        "lane_typedes": null,
        "status": "Built",
        "maint": "UNKNOWN",
        "source": null,
        "easement": null,
        "lane_num": null,
        "lane_placement": "Curbside",
        "geofeature_id": "{1D596ECD-BBAA-4831-887D-00D9232A4066}",
        "Shape_Length": 373.77001869652184,
        "layer": "bike_lanes"
      }
    },
    {
      "type": "Feature",
      "id": "bike_lanes_173",
      "geometry": {
        "type": "LineString",
        "coordinates": [
          [
            -123.10491135990925,
            44.047712948335636
          ],
          [
            -123.10338154001703,
            44.04772307772811
          ],
          [
            -123.1018628136234,
            44.0477111610561
          ],
          [
            -123.10032377073723,
            44.047713404555665
          ],
          [
            -123.09914062087792,
            44.047718461256466
          ],
          [
            -123.09883795420434,
            44.04771460344225
          ],
          [
            -123.09749724614807,
            44.047709898924836
          ],
          [
            -123.09725609199354,
            44.047747456716515
          ]
        ]
      },
      "properties": {
        "OBJECTID": 318,
        "bike_segid": 531,
        "eug_id": null,
        "name": "11th Ave",
        "ftype": "Route",
        "ftypedes": "Route",
        "lane_type": null,
        "lane_typedes": null,
        "status": "Built",
        "maint": "EUG",
        "source": null,
        "easement": null,
        "lane_num": null,
        "lane_placement": null,
        "geofeature_id": "{B9CD12D4-9C28-41B0-B8BF-0F1E3776967E}",
        "Shape_Length": 2014.370185959308,
        "layer": "bike_lanes"
      }
    },
    {
      "type": "Feature",
      "id": "bike_lanes_174",
      "geometry": {
        "type": "LineString",
        "coordinates": [
          [
            -123.05097758434468,
            44.048906767714
          ],
          [
            -123.0509744566139,
            44.04878855321028
          ],
          [
            -123.05097028465386,
            44.0485659227844
          ],
          [
            -123.05096904221178,
            44.048498156168804
          ],
          [
            -123.05096933551253,
            44.048436305574626
          ]
        ]
      },
      "properties": {
        "OBJECTID": 319,
        "bike_segid": 532,
        "eug_id": null,
        "name": "Garden Way Path",
        "ftype": "Shared Use Path",
        "ftypedes": "Shared Use Path",
        "lane_type": null,
        "lane_typedes": null,
        "status": "Built",
        "maint": "UNKNOWN",
        "source": null,
        "easement": null,
        "lane_num": null,
        "lane_placement": null,
        "geofeature_id": "{9C5D8DDC-7AD7-4AC6-BD42-E80663241A8B}",
        "Shape_Length": 171.52416413711316,
        "layer": "bike_lanes"
      }
    },
    {
      "type": "Feature",
      "id": "bike_lanes_175",
      "geometry": {
        "type": "LineString",
        "coordinates": [
          [
            -123.10491135990925,
            44.047712948335636
          ],
          [
            -123.10491194580946,
            44.04716422223191
          ],
          [
            -123.10491172781288,
            44.04661584448496
          ]
        ]
      },
      "properties": {
        "OBJECTID": 320,
        "bike_segid": 3065,
        "eug_id": null,
        "name": "Monroe St/Fairgrounds",
        "ftype": "Neighborhood Greenway",
        "ftypedes": "Neighborhood Greenway",
        "lane_type": null,
        "lane_typedes": null,
        "status": "Built",
        "maint": "EUG",
        "source": null,
        "easement": null,
        "lane_num": null,
        "lane_placement": null,
        "geofeature_id": "{726B484B-468B-409A-A626-3DF7E5CC8DBF}",
        "Shape_Length": 399.94817079190295,
        "layer": "bike_lanes"
      }
    },
    {
      "type": "Feature",
      "id": "bike_lanes_176",
      "geometry": {
        "type": "LineString",
        "coordinates": [
          [
            -123.07265141861899,
            44.04851698947907
          ],
          [
            -123.07265750390769,
            44.048202103866934
          ],
          [
            -123.07265907726189,
            44.04785084853717
          ]
        ]
      },
      "properties": {
        "OBJECTID": 321,
        "bike_segid": 539,
        "eug_id": null,
        "name": null,
        "ftype": "Route",
        "ftypedes": "Route",
        "lane_type": null,
        "lane_typedes": null,
        "status": "Built",
        "maint": "UNKNOWN",
        "source": null,
        "easement": null,
        "lane_num": null,
        "lane_placement": null,
        "geofeature_id": "{59FF002A-C82A-4032-820C-EF42D101E206}",
        "Shape_Length": 242.85293789860705,
        "layer": "bike_lanes"
      }
    },
    {
      "type": "Feature",
      "id": "bike_lanes_177",
      "geometry": {
        "type": "LineString",
        "coordinates": [
          [
            -123.0714302583698,
            44.048544294587145
          ],
          [
            -123.07178512997187,
            44.04854665038531
          ],
          [
            -123.0720174945844,
            44.04854150194405
          ],
          [
            -123.07229208671737,
            44.04850042337114
          ],
          [
            -123.07242768975168,
            44.048490387116146
          ],
          [
            -123.0726256376233,
            44.04851392416425
          ]
        ]
      },
      "properties": {
        "OBJECTID": 322,
        "bike_segid": 540,
        "eug_id": null,
        "name": null,
        "ftype": "Shared Use Path",
        "ftypedes": "Shared Use Path",
        "lane_type": null,
        "lane_typedes": null,
        "status": "Built",
        "maint": "UNKNOWN",
        "source": null,
        "easement": null,
        "lane_num": null,
        "lane_placement": null,
        "geofeature_id": "{C4BF5BE0-24CE-4AF1-A9FD-3A4732EDBD3E}",
        "Shape_Length": 316.76321197583513,
        "layer": "bike_lanes"
      }
    },
    {
      "type": "Feature",
      "id": "bike_lanes_178",
      "geometry": {
        "type": "LineString",
        "coordinates": [
          [
            -123.11250335378335,
            44.04993278121054
          ],
          [
            -123.1125005361223,
            44.048826783438095
          ],
          [
            -123.11250638806303,
            44.04773075742776
          ],
          [
            -123.11251028226651,
            44.0466256681896
          ]
        ]
      },
      "properties": {
        "OBJECTID": 324,
        "bike_segid": 543,
        "eug_id": null,
        "name": "Polk St",
        "ftype": "Route",
        "ftypedes": "Route",
        "lane_type": null,
        "lane_typedes": null,
        "status": "Built",
        "maint": "EUG",
        "source": null,
        "easement": null,
        "lane_num": null,
        "lane_placement": null,
        "geofeature_id": "{784232CD-FA06-4050-9983-E79BA02D816A}",
        "Shape_Length": 1205.6102615698862,
        "layer": "bike_lanes"
      }
    },
    {
      "type": "Feature",
      "id": "bike_lanes_179",
      "geometry": {
        "type": "LineString",
        "coordinates": [
          [
            -123.07862795011918,
            44.04776993336511
          ],
          [
            -123.07865274690764,
            44.048883470907555
          ]
        ]
      },
      "properties": {
        "OBJECTID": 328,
        "bike_segid": 557,
        "eug_id": null,
        "name": null,
        "ftype": "Route",
        "ftypedes": "Route",
        "lane_type": null,
        "lane_typedes": null,
        "status": "Built",
        "maint": "UNKNOWN",
        "source": null,
        "easement": null,
        "lane_num": null,
        "lane_placement": null,
        "geofeature_id": "{7AC65A6E-910A-4477-8095-CE397F338D3F}",
        "Shape_Length": 405.99155440817515,
        "layer": "bike_lanes"
      }
    },
    {
      "type": "Feature",
      "id": "bike_lanes_180",
      "geometry": {
        "type": "LineString",
        "coordinates": [
          [
            -123.07265675681306,
            44.04901069179822
          ],
          [
            -123.07265141861899,
            44.04851698947907
          ]
        ]
      },
      "properties": {
        "OBJECTID": 329,
        "bike_segid": 558,
        "eug_id": null,
        "name": null,
        "ftype": "Route",
        "ftypedes": "Route",
        "lane_type": null,
        "lane_typedes": null,
        "status": "Built",
        "maint": "UNKNOWN",
        "source": null,
        "easement": null,
        "lane_num": null,
        "lane_placement": null,
        "geofeature_id": "{A5CC0862-E0B6-4691-A282-02493301BC2B}",
        "Shape_Length": 179.9842838353895,
        "layer": "bike_lanes"
      }
    },
    {
      "type": "Feature",
      "id": "bike_lanes_181",
      "geometry": {
        "type": "LineString",
        "coordinates": [
          [
            -123.07265675681306,
            44.04901069179822
          ],
          [
            -123.07223544201403,
            44.049012997468566
          ],
          [
            -123.07172072106194,
            44.04899987006264
          ],
          [
            -123.0714202059476,
            44.04896079737752
          ]
        ]
      },
      "properties": {
        "OBJECTID": 330,
        "bike_segid": 559,
        "eug_id": null,
        "name": null,
        "ftype": "Route",
        "ftypedes": "Route",
        "lane_type": null,
        "lane_typedes": null,
        "status": "Built",
        "maint": "UNKNOWN",
        "source": null,
        "easement": null,
        "lane_num": null,
        "lane_placement": null,
        "geofeature_id": "{01F0C897-A76E-4950-BC3F-ADEE486722B8}",
        "Shape_Length": 326.4881673505853,
        "layer": "bike_lanes"
      }
    },
    {
      "type": "Feature",
      "id": "bike_lanes_182",
      "geometry": {
        "type": "LineString",
        "coordinates": [
          [
            -123.08666445659217,
            44.048796810495055
          ],
          [
            -123.08667353841737,
            44.04775958894378
          ]
        ]
      },
      "properties": {
        "OBJECTID": 331,
        "bike_segid": 562,
        "eug_id": null,
        "name": "Mill St",
        "ftype": "Route",
        "ftypedes": "Route",
        "lane_type": null,
        "lane_typedes": null,
        "status": "Built",
        "maint": "EUG",
        "source": null,
        "easement": null,
        "lane_num": null,
        "lane_placement": null,
        "geofeature_id": "{30CDF73A-0ACB-46C8-9AEB-3472F0E4B0F6}",
        "Shape_Length": 378.125798666137,
        "layer": "bike_lanes"
      }
    },
    {
      "type": "Feature",
      "id": "bike_lanes_183",
      "geometry": {
        "type": "LineString",
        "coordinates": [
          [
            -123.08821913628799,
            44.04877182874871
          ],
          [
            -123.08821937615058,
            44.04870833968423
          ],
          [
            -123.08822393635239,
            44.04781221124846
          ],
          [
            -123.08821763022993,
            44.04773454902399
          ]
        ]
      },
      "properties": {
        "OBJECTID": 332,
        "bike_segid": 563,
        "eug_id": null,
        "name": "High St Protected Bikeway",
        "ftype": "Protected Bikeway",
        "ftypedes": "Protected Bikeway",
        "lane_type": null,
        "lane_typedes": null,
        "status": "Built",
        "maint": "EUG",
        "source": null,
        "easement": null,
        "lane_num": 2,
        "lane_placement": "Curbside",
        "geofeature_id": "{33A8DD96-758B-4BD5-A890-B65EF2904CC7}",
        "Shape_Length": 378.1902605808838,
        "layer": "bike_lanes"
      }
    },
    {
      "type": "Feature",
      "id": "bike_lanes_184",
      "geometry": {
        "type": "LineString",
        "coordinates": [
          [
            -123.08961584906363,
            44.04877466846571
          ],
          [
            -123.08961666625329,
            44.0482664038254
          ],
          [
            -123.08961359868908,
            44.04773398240112
          ]
        ]
      },
      "properties": {
        "OBJECTID": 333,
        "bike_segid": 564,
        "eug_id": null,
        "name": null,
        "ftype": "Bike Lane",
        "ftypedes": "Bike Lane",
        "lane_type": null,
        "lane_typedes": null,
        "status": "Built",
        "maint": "UNKNOWN",
        "source": null,
        "easement": null,
        "lane_num": null,
        "lane_placement": "Curbside",
        "geofeature_id": "{37BBF888-9FF3-4B49-A67A-C886B7C93868}",
        "Shape_Length": 379.38304046816563,
        "layer": "bike_lanes"
      }
    },
    {
      "type": "Feature",
      "id": "bike_lanes_185",
      "geometry": {
        "type": "LineString",
        "coordinates": [
          [
            -123.08961584906363,
            44.04877466846571
          ],
          [
            -123.08879415945542,
            44.04876941179286
          ],
          [
            -123.08830471930973,
            44.0487710351427
          ],
          [
            -123.08821913628799,
            44.04877182874871
          ]
        ]
      },
      "properties": {
        "OBJECTID": 334,
        "bike_segid": 565,
        "eug_id": null,
        "name": "10th Ave",
        "ftype": "Bike Lane",
        "ftypedes": "Bike Lane",
        "lane_type": null,
        "lane_typedes": null,
        "status": "Built",
        "maint": "EUG",
        "source": null,
        "easement": null,
        "lane_num": null,
        "lane_placement": "Curbside",
        "geofeature_id": "{2018C7A7-CE93-41B5-B680-B775AA392C58}",
        "Shape_Length": 367.2513383960644,
        "layer": "bike_lanes"
      }
    },
    {
      "type": "Feature",
      "id": "bike_lanes_186",
      "geometry": {
        "type": "LineString",
        "coordinates": [
          [
            -123.07143082245801,
            44.047871795929424
          ],
          [
            -123.07142597143523,
            44.047970679577595
          ],
          [
            -123.07143345482872,
            44.04841189165329
          ],
          [
            -123.0714302583698,
            44.048544294587145
          ]
        ]
      },
      "properties": {
        "OBJECTID": 335,
        "bike_segid": 566,
        "eug_id": null,
        "name": "Autzen Conn",
        "ftype": "Shared Use Path",
        "ftypedes": "Shared Use Path",
        "lane_type": null,
        "lane_typedes": null,
        "status": "Built",
        "maint": "UNKNOWN",
        "source": null,
        "easement": null,
        "lane_num": null,
        "lane_placement": null,
        "geofeature_id": "{22C4E8D1-8E6F-48E6-9464-67111EDBCD2F}",
        "Shape_Length": 245.20073209996536,
        "layer": "bike_lanes"
      }
    },
    {
      "type": "Feature",
      "id": "bike_lanes_187",
      "geometry": {
        "type": "LineString",
        "coordinates": [
          [
            -123.09275025406346,
            44.04877831198374
          ],
          [
            -123.09273882532288,
            44.047732828049014
          ]
        ]
      },
      "properties": {
        "OBJECTID": 336,
        "bike_segid": 569,
        "eug_id": null,
        "name": "Willamette St",
        "ftype": "Route",
        "ftypedes": "Route",
        "lane_type": null,
        "lane_typedes": null,
        "status": "Built",
        "maint": "EUG",
        "source": null,
        "easement": null,
        "lane_num": null,
        "lane_placement": null,
        "geofeature_id": "{7C9D3EC8-5A98-4F24-A9A6-19EC9D2F4418}",
        "Shape_Length": 381.14214598874486,
        "layer": "bike_lanes"
      }
    },
    {
      "type": "Feature",
      "id": "bike_lanes_188",
      "geometry": {
        "type": "LineString",
        "coordinates": [
          [
            -123.09189295621252,
            44.04877458840609
          ],
          [
            -123.09141342607137,
            44.04875313335206
          ],
          [
            -123.09104590553873,
            44.048755620056966
          ],
          [
            -123.09034640988624,
            44.048757652903305
          ]
        ]
      },
      "properties": {
        "OBJECTID": 337,
        "bike_segid": 570,
        "eug_id": null,
        "name": "10th Ave",
        "ftype": "Bike Lane",
        "ftypedes": "Bike Lane",
        "lane_type": null,
        "lane_typedes": null,
        "status": "Built",
        "maint": "EUG",
        "source": null,
        "easement": null,
        "lane_num": null,
        "lane_placement": "Curbside",
        "geofeature_id": "{EB46DE06-6118-4FDE-B22C-50E1531519CC}",
        "Shape_Length": 406.8837574589418,
        "layer": "bike_lanes"
      }
    },
    {
      "type": "Feature",
      "id": "bike_lanes_189",
      "geometry": {
        "type": "LineString",
        "coordinates": [
          [
            -123.09426549751775,
            44.048812780561406
          ],
          [
            -123.09365710197439,
            44.04880522307618
          ],
          [
            -123.0932905101811,
            44.04880626718863
          ],
          [
            -123.09278790263897,
            44.04877818596508
          ],
          [
            -123.09275025406346,
            44.04877831198374
          ]
        ]
      },
      "properties": {
        "OBJECTID": 338,
        "bike_segid": 572,
        "eug_id": null,
        "name": "10th Ave",
        "ftype": "Bike Lane",
        "ftypedes": "Bike Lane",
        "lane_type": null,
        "lane_typedes": null,
        "status": "Built",
        "maint": "EUG",
        "source": null,
        "easement": null,
        "lane_num": null,
        "lane_placement": "Setback",
        "geofeature_id": "{9292C2EB-7FA6-4661-9ACB-13EBA721A974}",
        "Shape_Length": 398.8253416997829,
        "layer": "bike_lanes"
      }
    },
    {
      "type": "Feature",
      "id": "bike_lanes_190",
      "geometry": {
        "type": "LineString",
        "coordinates": [
          [
            -123.09582558317483,
            44.04881576504145
          ],
          [
            -123.09583612328285,
            44.04829261057685
          ],
          [
            -123.09583468961127,
            44.047744471014084
          ]
        ]
      },
      "properties": {
        "OBJECTID": 339,
        "bike_segid": 573,
        "eug_id": null,
        "name": null,
        "ftype": "Bike Lane",
        "ftypedes": "Bike Lane",
        "lane_type": null,
        "lane_typedes": null,
        "status": "Built",
        "maint": "UNKNOWN",
        "source": null,
        "easement": null,
        "lane_num": null,
        "lane_placement": "Setback",
        "geofeature_id": "{D9FB9B5A-76DD-44CB-A3DF-03D8F88E1CC3}",
        "Shape_Length": 390.5598418606929,
        "layer": "bike_lanes"
      }
    },
    {
      "type": "Feature",
      "id": "bike_lanes_191",
      "geometry": {
        "type": "LineString",
        "coordinates": [
          [
            -123.09582558317483,
            44.04881576504145
          ],
          [
            -123.09574095464404,
            44.048804382889834
          ],
          [
            -123.09434991406515,
            44.048809037237355
          ],
          [
            -123.09426549751775,
            44.048812780561406
          ]
        ]
      },
      "properties": {
        "OBJECTID": 340,
        "bike_segid": 574,
        "eug_id": null,
        "name": "10th Ave",
        "ftype": "Bike Lane",
        "ftypedes": "Bike Lane",
        "lane_type": null,
        "lane_typedes": null,
        "status": "Built",
        "maint": "EUG",
        "source": null,
        "easement": null,
        "lane_num": null,
        "lane_placement": "Setback",
        "geofeature_id": "{CCE03626-9038-4CD4-82A9-191CB427A043}",
        "Shape_Length": 410.6246500645053,
        "layer": "bike_lanes"
      }
    },
    {
      "type": "Feature",
      "id": "bike_lanes_192",
      "geometry": {
        "type": "LineString",
        "coordinates": [
          [
            -123.0972522204953,
            44.0488175069788
          ],
          [
            -123.09725609199354,
            44.047747456716515
          ]
        ]
      },
      "properties": {
        "OBJECTID": 341,
        "bike_segid": 575,
        "eug_id": null,
        "name": "Lincoln St",
        "ftype": "Buffered Bike Lane",
        "ftypedes": "Buffered Bike Lane",
        "lane_type": null,
        "lane_typedes": null,
        "status": "Built",
        "maint": "EUG",
        "source": null,
        "easement": null,
        "lane_num": 1,
        "lane_placement": "Curbside",
        "geofeature_id": "{C5F46397-D4A7-4D29-A07E-AD5B85AED0DC}",
        "Shape_Length": 390.0872669503758,
        "layer": "bike_lanes"
      }
    },
    {
      "type": "Feature",
      "id": "bike_lanes_193",
      "geometry": {
        "type": "LineString",
        "coordinates": [
          [
            -123.0713975092552,
            44.04998937382625
          ],
          [
            -123.07112792384557,
            44.05001333973075
          ],
          [
            -123.07081550445558,
            44.05002294512698
          ],
          [
            -123.07056204416016,
            44.05001781467288
          ],
          [
            -123.07036544919657,
            44.049979669376775
          ],
          [
            -123.07024609501507,
            44.04995564156434
          ],
          [
            -123.07012225405482,
            44.049913045079805
          ],
          [
            -123.07000725204296,
            44.04986091747639
          ],
          [
            -123.06990836297503,
            44.049796431671
          ],
          [
            -123.06973076920963,
            44.049620339201915
          ],
          [
            -123.06969909341421,
            44.04952769465875
          ],
          [
            -123.06968869876938,
            44.04945724914959
          ],
          [
            -123.06969163213502,
            44.0493958420883
          ],
          [
            -123.06969233837982,
            44.049290726019144
          ],
          [
            -123.06969414898687,
            44.04912235253519
          ],
          [
            -123.0697382336344,
            44.04903951896023
          ],
          [
            -123.06972927462118,
            44.04896209060584
          ],
          [
            -123.06969681487213,
            44.04887457224129
          ],
          [
            -123.0697560221905,
            44.048735151656906
          ]
        ]
      },
      "properties": {
        "OBJECTID": 342,
        "bike_segid": 591,
        "eug_id": null,
        "name": null,
        "ftype": "Shared Use Path",
        "ftypedes": "Shared Use Path",
        "lane_type": null,
        "lane_typedes": null,
        "status": "Built",
        "maint": "UNKNOWN",
        "source": null,
        "easement": null,
        "lane_num": null,
        "lane_placement": null,
        "geofeature_id": "{1F10D0DB-906D-4D50-A2A7-15AB353D828F}",
        "Shape_Length": 822.1970361370978,
        "layer": "bike_lanes"
      }
    },
    {
      "type": "Feature",
      "id": "bike_lanes_194",
      "geometry": {
        "type": "LineString",
        "coordinates": [
          [
            -123.08204400400845,
            44.0497841576707
          ],
          [
            -123.0820377915812,
            44.049499848945686
          ],
          [
            -123.08207832260956,
            44.0493817378982
          ],
          [
            -123.08207120458806,
            44.04916891756886
          ],
          [
            -123.08207338455502,
            44.04776481102272
          ]
        ]
      },
      "properties": {
        "OBJECTID": 344,
        "bike_segid": 594,
        "eug_id": null,
        "name": null,
        "ftype": "Bike Lane",
        "ftypedes": "Bike Lane",
        "lane_type": null,
        "lane_typedes": null,
        "status": "Built",
        "maint": "UNKNOWN",
        "source": null,
        "easement": null,
        "lane_num": null,
        "lane_placement": "Curbside",
        "geofeature_id": "{BFDD107E-9B3A-46A3-8E1E-01A3C9182CC3}",
        "Shape_Length": 737.4862576166624,
        "layer": "bike_lanes"
      }
    },
    {
      "type": "Feature",
      "id": "bike_lanes_195",
      "geometry": {
        "type": "LineString",
        "coordinates": [
          [
            -123.09582670519933,
            44.04991756239545
          ],
          [
            -123.09582514616153,
            44.04965077792164
          ],
          [
            -123.09582558317483,
            44.04881576504145
          ]
        ]
      },
      "properties": {
        "OBJECTID": 345,
        "bike_segid": 601,
        "eug_id": null,
        "name": null,
        "ftype": "Bike Lane",
        "ftypedes": "Bike Lane",
        "lane_type": null,
        "lane_typedes": null,
        "status": "Built",
        "maint": "UNKNOWN",
        "source": null,
        "easement": null,
        "lane_num": null,
        "lane_placement": "Setback",
        "geofeature_id": "{113EDFE6-B29A-450A-99DD-C068E5A9A453}",
        "Shape_Length": 401.6603940948868,
        "layer": "bike_lanes"
      }
    },
    {
      "type": "Feature",
      "id": "bike_lanes_196",
      "geometry": {
        "type": "LineString",
        "coordinates": [
          [
            -123.09725863775887,
            44.049918947813325
          ],
          [
            -123.0972522204953,
            44.0488175069788
          ]
        ]
      },
      "properties": {
        "OBJECTID": 346,
        "bike_segid": 602,
        "eug_id": null,
        "name": "Lincoln St",
        "ftype": "Buffered Bike Lane",
        "ftypedes": "Buffered Bike Lane",
        "lane_type": null,
        "lane_typedes": null,
        "status": "Built",
        "maint": "EUG",
        "source": null,
        "easement": null,
        "lane_num": 1,
        "lane_placement": "Curbside",
        "geofeature_id": "{051E8366-2A6A-4E86-9DFC-87765910DB6C}",
        "Shape_Length": 401.5330849856469,
        "layer": "bike_lanes"
      }
    },
    {
      "type": "Feature",
      "id": "bike_lanes_197",
      "geometry": {
        "type": "LineString",
        "coordinates": [
          [
            -123.09725863775887,
            44.049918947813325
          ],
          [
            -123.09582670519933,
            44.04991756239545
          ]
        ]
      },
      "properties": {
        "OBJECTID": 347,
        "bike_segid": 603,
        "eug_id": null,
        "name": null,
        "ftype": "Route",
        "ftypedes": "Route",
        "lane_type": null,
        "lane_typedes": null,
        "status": "Built",
        "maint": "UNKNOWN",
        "source": null,
        "easement": null,
        "lane_num": null,
        "lane_placement": null,
        "geofeature_id": "{97A5C9FD-164F-4C92-8589-9A9C4182D7CF}",
        "Shape_Length": 376.49319590492064,
        "layer": "bike_lanes"
      }
    },
    {
      "type": "Feature",
      "id": "bike_lanes_198",
      "geometry": {
        "type": "LineString",
        "coordinates": [
          [
            -123.09884093069975,
            44.049918885207006
          ],
          [
            -123.09725863775887,
            44.049918947813325
          ]
        ]
      },
      "properties": {
        "OBJECTID": 348,
        "bike_segid": 3066,
        "eug_id": null,
        "name": null,
        "ftype": "Neighborhood Greenway",
        "ftypedes": "Neighborhood Greenway",
        "lane_type": null,
        "lane_typedes": null,
        "status": "Built",
        "maint": "EUG",
        "source": null,
        "easement": null,
        "lane_num": null,
        "lane_placement": null,
        "geofeature_id": "{57737B94-6FA8-4EB5-A4A8-02CB8107C53C}",
        "Shape_Length": 416.026565326938,
        "layer": "bike_lanes"
      }
    },
    {
      "type": "Feature",
      "id": "bike_lanes_199",
      "geometry": {
        "type": "LineString",
        "coordinates": [
          [
            -123.06220906071952,
            44.050804733737266
          ],
          [
            -123.06222055849368,
            44.05048663338534
          ],
          [
            -123.06222696719156,
            44.05045263717742
          ],
          [
            -123.06224597806728,
            44.050418275465745
          ],
          [
            -123.06228755121775,
            44.050376229699566
          ],
          [
            -123.06237520372257,
            44.05033605162977
          ],
          [
            -123.06248275844399,
            44.05031544087386
          ],
          [
            -123.06272152335988,
            44.05029344693017
          ],
          [
            -123.06290390131366,
            44.05028360210129
          ],
          [
            -123.063046488044,
            44.05028627134637
          ],
          [
            -123.06325931259872,
            44.05029708220327
          ],
          [
            -123.06343746992752,
            44.05031447477457
          ],
          [
            -123.06361856063266,
            44.05033761882976
          ],
          [
            -123.0637785777302,
            44.05037092256977
          ],
          [
            -123.06402560541346,
            44.05042750712153
          ],
          [
            -123.06421090932066,
            44.05048226454118
          ]
        ]
      },
      "properties": {
        "OBJECTID": 349,
        "bike_segid": 608,
        "eug_id": null,
        "name": "Canoe Canal Path",
        "ftype": "Shared Use Path",
        "ftypedes": "Shared Use Path",
        "lane_type": null,
        "lane_typedes": null,
        "status": "Built",
        "maint": "UNKNOWN",
        "source": null,
        "easement": null,
        "lane_num": null,
        "lane_placement": null,
        "geofeature_id": "{AADF07AB-399D-4666-AFF7-A16602480588}",
        "Shape_Length": 682.5716354843361,
        "layer": "bike_lanes"
      }
    },
    {
      "type": "Feature",
      "id": "bike_lanes_200",
      "geometry": {
        "type": "LineString",
        "coordinates": [
          [
            -123.0608239136284,
            44.05050966320137
          ],
          [
            -123.06220906071952,
            44.050804733737266
          ]
        ]
      },
      "properties": {
        "OBJECTID": 350,
        "bike_segid": 609,
        "eug_id": null,
        "name": null,
        "ftype": "Shared Use Path",
        "ftypedes": "Shared Use Path",
        "lane_type": null,
        "lane_typedes": null,
        "status": "Built",
        "maint": "UNKNOWN",
        "source": null,
        "easement": null,
        "lane_num": null,
        "lane_placement": null,
        "geofeature_id": "{836572D3-C383-44B4-8919-C96273EC3D90}",
        "Shape_Length": 379.7409704086017,
        "layer": "bike_lanes"
      }
    },
    {
      "type": "Feature",
      "id": "bike_lanes_201",
      "geometry": {
        "type": "LineString",
        "coordinates": [
          [
            -123.10490966022873,
            44.04992278010865
          ],
          [
            -123.10491009074855,
            44.049370451902305
          ],
          [
            -123.10491051380986,
            44.04881795084922
          ],
          [
            -123.10491092952927,
            44.04826527964789
          ],
          [
            -123.10491135990925,
            44.047712948335636
          ]
        ]
      },
      "properties": {
        "OBJECTID": 351,
        "bike_segid": 3069,
        "eug_id": null,
        "name": "Monroe St/Fairgrounds",
        "ftype": "Neighborhood Greenway",
        "ftypedes": "Neighborhood Greenway",
        "lane_type": null,
        "lane_typedes": null,
        "status": "Built",
        "maint": "EUG",
        "source": null,
        "easement": null,
        "lane_num": null,
        "lane_placement": null,
        "geofeature_id": "{C4C36DC8-51CE-4400-B2DE-D1F8F445C8D8}",
        "Shape_Length": 805.5926624058735,
        "layer": "bike_lanes"
      }
    },
    {
      "type": "Feature",
      "id": "bike_lanes_202",
      "geometry": {
        "type": "LineString",
        "coordinates": [
          [
            -123.10490966022873,
            44.04992278010865
          ],
          [
            -123.1033865326357,
            44.04992041355208
          ],
          [
            -123.10186483828731,
            44.049918170472644
          ],
          [
            -123.1003432545724,
            44.049918473831795
          ],
          [
            -123.09884093069975,
            44.049918885207006
          ]
        ]
      },
      "properties": {
        "OBJECTID": 352,
        "bike_segid": 3070,
        "eug_id": null,
        "name": "Broadway",
        "ftype": "Neighborhood Greenway",
        "ftypedes": "Neighborhood Greenway",
        "lane_type": null,
        "lane_typedes": null,
        "status": "Built",
        "maint": "EUG",
        "source": null,
        "easement": null,
        "lane_num": null,
        "lane_placement": null,
        "geofeature_id": "{2B0E6E1A-5DA0-498F-BAB7-A9D6910E0103}",
        "Shape_Length": 1595.6309171763007,
        "layer": "bike_lanes"
      }
    },
    {
      "type": "Feature",
      "id": "bike_lanes_203",
      "geometry": {
        "type": "LineString",
        "coordinates": [
          [
            -123.11250335378335,
            44.04993278121054
          ],
          [
            -123.11110535382085,
            44.04993126259339
          ],
          [
            -123.11106795581856,
            44.04992438642055
          ],
          [
            -123.11102830128269,
            44.049909324954285
          ],
          [
            -123.11100409019897,
            44.049929149996466
          ],
          [
            -123.1109566257313,
            44.049956736456444
          ],
          [
            -123.11091188595421,
            44.04993407192932
          ],
          [
            -123.11079746678217,
            44.04992806905269
          ],
          [
            -123.11066846829448,
            44.049928181786036
          ],
          [
            -123.10947236123569,
            44.04992921861282
          ],
          [
            -123.1079497086074,
            44.049926903928665
          ],
          [
            -123.10673273336424,
            44.04992514711391
          ],
          [
            -123.10664000129006,
            44.04992857562081
          ],
          [
            -123.10658061121998,
            44.04992492819644
          ],
          [
            -123.10642848899916,
            44.049924707280596
          ],
          [
            -123.10490966022873,
            44.04992278010865
          ]
        ]
      },
      "properties": {
        "OBJECTID": 353,
        "bike_segid": 3071,
        "eug_id": null,
        "name": null,
        "ftype": "Neighborhood Greenway",
        "ftypedes": "Neighborhood Greenway",
        "lane_type": null,
        "lane_typedes": null,
        "status": "Built",
        "maint": "EUG",
        "source": null,
        "easement": null,
        "lane_num": null,
        "lane_placement": null,
        "geofeature_id": "{BD20B228-8F7A-48EA-9D65-83A354799D5C}",
        "Shape_Length": 2007.8495841529696,
        "layer": "bike_lanes"
      }
    },
    {
      "type": "Feature",
      "id": "bike_lanes_204",
      "geometry": {
        "type": "LineString",
        "coordinates": [
          [
            -123.11801593357525,
            44.04994290163323
          ],
          [
            -123.1173433778926,
            44.04993931906527
          ],
          [
            -123.11673345386409,
            44.04993609004233
          ],
          [
            -123.11581360428113,
            44.0499374382295
          ],
          [
            -123.11403741693884,
            44.0499349115916
          ],
          [
            -123.11360530353171,
            44.04993431223727
          ],
          [
            -123.11250335378335,
            44.04993278121054
          ]
        ]
      },
      "properties": {
        "OBJECTID": 354,
        "bike_segid": 3072,
        "eug_id": null,
        "name": null,
        "ftype": "Neighborhood Greenway",
        "ftypedes": "Neighborhood Greenway",
        "lane_type": null,
        "lane_typedes": null,
        "status": "Built",
        "maint": "EUG",
        "source": null,
        "easement": null,
        "lane_num": null,
        "lane_placement": null,
        "geofeature_id": "{C25B64D7-33ED-49E1-9D40-C7EC18E6AFFA}",
        "Shape_Length": 1449.4135618526527,
        "layer": "bike_lanes"
      }
    },
    {
      "type": "Feature",
      "id": "bike_lanes_205",
      "geometry": {
        "type": "LineString",
        "coordinates": [
          [
            -123.07746479051491,
            44.050446999538366
          ],
          [
            -123.07741168537844,
            44.050437409018706
          ],
          [
            -123.07735035753946,
            44.050430845399234
          ],
          [
            -123.07730073422617,
            44.05042695717288
          ],
          [
            -123.07725816081846,
            44.050425790972454
          ],
          [
            -123.07720881690156,
            44.05042713231409
          ],
          [
            -123.07720608067395,
            44.05042711022661
          ],
          [
            -123.07720145367516,
            44.050427189543676
          ],
          [
            -123.07719682339648,
            44.05042733826399
          ],
          [
            -123.07719218903163,
            44.05042753749701
          ],
          [
            -123.07718755390003,
            44.050427777264844
          ],
          [
            -123.07718292276016,
            44.050428052059296
          ],
          [
            -123.07717447912832,
            44.050428594277264
          ],
          [
            -123.07716985115526,
            44.05042891402077
          ],
          [
            -123.07716522293313,
            44.05042925717992
          ],
          [
            -123.07716101370572,
            44.05042958923592
          ],
          [
            -123.07715639223852,
            44.050429973663
          ],
          [
            -123.0771521882884,
            44.05043034161735
          ],
          [
            -123.0771479876006,
            44.05043072750708
          ],
          [
            -123.07714337486493,
            44.05043117026568
          ],
          [
            -123.07713876660043,
            44.050431630032314
          ],
          [
            -123.07713457554581,
            44.05043206612993
          ],
          [
            -123.0771299738826,
            44.0504325635664
          ],
          [
            -123.077125789199,
            44.05043303193655
          ],
          [
            -123.07712171684341,
            44.05043349961354
          ],
          [
            -123.07711722752778,
            44.050434026069134
          ],
          [
            -123.07711680413966,
            44.05043408048865
          ],
          [
            -123.0771125244376,
            44.050434662617064
          ],
          [
            -123.07710866722182,
            44.05043519844944
          ],
          [
            -123.0771047076371,
            44.0504357635663
          ],
          [
            -123.07710031814054,
            44.05043640575723
          ],
          [
            -123.0770963648116,
            44.05043700044803
          ],
          [
            -123.07709201902625,
            44.0504376722817
          ],
          [
            -123.07708766286032,
            44.05043836415445
          ],
          [
            -123.07708372528549,
            44.05043900621608
          ],
          [
            -123.07707937938568,
            44.050439733876445
          ],
          [
            -123.07707545192345,
            44.050440408127656
          ],
          [
            -123.07707153017951,
            44.050441099359276
          ],
          [
            -123.07706720151135,
            44.05044187976008
          ],
          [
            -123.07706329108886,
            44.05044260225399
          ],
          [
            -123.07705897521966,
            44.0504434192866
          ],
          [
            -123.07705466627766,
            44.05044425237243
          ],
          [
            -123.07705077285645,
            44.05044502220953
          ],
          [
            -123.0770468851919,
            44.05044580992664
          ],
          [
            -123.07704259726154,
            44.050446696569374
          ],
          [
            -123.07703831633516,
            44.05044760106441
          ],
          [
            -123.07703444812789,
            44.050448435169805
          ],
          [
            -123.07703018117087,
            44.050449374469906
          ],
          [
            -123.07702632681787,
            44.050450240681755
          ],
          [
            -123.07702207386865,
            44.050451215686444
          ],
          [
            -123.07701823333143,
            44.05045211310519
          ],
          [
            -123.07701399680764,
            44.05045312196007
          ],
          [
            -123.07701017137191,
            44.05045405145757
          ],
          [
            -123.07700595127352,
            44.05045509416255
          ],
          [
            -123.07700213965363,
            44.050456054867034
          ],
          [
            -123.07699833616968,
            44.05045703069748
          ],
          [
            -123.07699414078613,
            44.050458125976824
          ],
          [
            -123.07698995361535,
            44.05045923818119
          ],
          [
            -123.07698617329198,
            44.05046025941733
          ],
          [
            -123.0769824011813,
            44.0504612975786
          ],
          [
            -123.07697824242871,
            44.05046246137469
          ],
          [
            -123.07697411777364,
            44.050463634318085
          ],
          [
            -123.07697037007073,
            44.05046471785733
          ],
          [
            -123.07696621256582,
            44.050465940151085
          ],
          [
            -123.07696248366761,
            44.05046705478655
          ],
          [
            -123.07695837096736,
            44.05046830309732
          ],
          [
            -123.07695465962662,
            44.050469448856624
          ],
          [
            -123.0769505683023,
            44.05047073000728
          ],
          [
            -123.07694687319497,
            44.05047190511906
          ],
          [
            -123.07694318996526,
            44.05047309527378
          ],
          [
            -123.07693912830628,
            44.05047442798851
          ],
          [
            -123.0769350772777,
            44.050475775773826
          ],
          [
            -123.07693142098853,
            44.050477012150765
          ],
          [
            -123.07692739262147,
            44.05047839364784
          ],
          [
            -123.07692375630741,
            44.050479659294204
          ],
          [
            -123.07691974931618,
            44.05048107363116
          ],
          [
            -123.07691613293886,
            44.05048236764741
          ],
          [
            -123.07691252723028,
            44.050483677633885
          ],
          [
            -123.07690855353093,
            44.05048514075324
          ],
          [
            -123.07690496775908,
            44.050486479109516
          ],
          [
            -123.07690101793,
            44.050487975013425
          ],
          [
            -123.07689750129335,
            44.050489324440335
          ],
          [
            -123.0768935433671,
            44.050490864643145
          ],
          [
            -123.07688969314412,
            44.05049238354657
          ],
          [
            -123.07688606719276,
            44.050493833543094
          ],
          [
            -123.07688214629995,
            44.05049542244528
          ],
          [
            -123.07687868515595,
            44.050496843571864
          ],
          [
            -123.07687482002426,
            44.050498451945096
          ],
          [
            -123.07687133468414,
            44.050499920429246
          ],
          [
            -123.07686786125997,
            44.05050140485591
          ],
          [
            -123.0768640355794,
            44.050503060074014
          ],
          [
            -123.07686022302366,
            44.05050473030736
          ],
          [
            -123.07685678507866,
            44.050506256264796
          ],
          [
            -123.07685299760202,
            44.05050795835549
          ],
          [
            -123.07684958333536,
            44.05050951259976
          ],
          [
            -123.0768461808696,
            44.05051108008789
          ],
          [
            -123.07684243533856,
            44.05051282896813
          ],
          [
            -123.07683870414111,
            44.050514591936434
          ],
          [
            -123.07683533968732,
            44.05051620179947
          ],
          [
            -123.07683163477782,
            44.050517995697895
          ],
          [
            -123.07682829642009,
            44.050519631993346
          ],
          [
            -123.07682496990147,
            44.05052128243224
          ],
          [
            -123.07682130803127,
            44.05052311949438
          ],
          [
            -123.0768177348104,
            44.05052492757657
          ],
          [
            -123.07681435500618,
            44.05052664582738
          ],
          [
            -123.07681012236435,
            44.05052879899315
          ],
          [
            -123.07680575868615,
            44.050531011792515
          ],
          [
            -123.07680158867355,
            44.05053311134462
          ],
          [
            -123.07679712462094,
            44.050535341678554
          ],
          [
            -123.07679293112098,
            44.050537417441
          ],
          [
            -123.07678843960892,
            44.05053961867104
          ],
          [
            -123.07678422118246,
            44.050541666173736
          ],
          [
            -123.07677970217252,
            44.050543837400305
          ],
          [
            -123.07677517003724,
            44.050545993611266
          ],
          [
            -123.07677091110284,
            44.05054799879362
          ],
          [
            -123.0767666402905,
            44.05054998893273
          ],
          [
            -123.07676206499926,
            44.050552099280495
          ],
          [
            -123.07675776929875,
            44.050554062059405
          ],
          [
            -123.07675315177318,
            44.050556148133204
          ],
          [
            -123.07674882986045,
            44.050558081780494
          ],
          [
            -123.07674421914561,
            44.050560122682896
          ],
          [
            -123.07673957811282,
            44.050562155254106
          ],
          [
            -123.0767352193956,
            44.050564045598385
          ],
          [
            -123.07673084751477,
            44.05056592002757
          ],
          [
            -123.0767261682766,
            44.05056790572523
          ],
          [
            -123.07672177267808,
            44.05056975096745
          ],
          [
            -123.07671706715097,
            44.0505717057344
          ],
          [
            -123.07671234970746,
            44.050573644558476
          ],
          [
            -123.0767079197606,
            44.05057544554272
          ],
          [
            -123.07670347793574,
            44.05057723148372
          ],
          [
            -123.07669872345737,
            44.050579121607456
          ],
          [
            -123.07669395713936,
            44.05058099758747
          ],
          [
            -123.07668948096611,
            44.05058273927048
          ],
          [
            -123.07668499287652,
            44.05058446501066
          ],
          [
            -123.07668019073257,
            44.05058629136311
          ],
          [
            -123.07667537546334,
            44.05058810269991
          ],
          [
            -123.0766708554815,
            44.05058978322717
          ],
          [
            -123.07666632486885,
            44.05059144868355
          ],
          [
            -123.0766614763066,
            44.050593211236944
          ],
          [
            -123.07665692443248,
            44.05059484655133
          ],
          [
            -123.07665205324629,
            44.0505965762918
          ],
          [
            -123.07664748011076,
            44.050598181464224
          ],
          [
            -123.07664258626231,
            44.05059987749221
          ],
          [
            -123.07663768178313,
            44.05060155844923
          ],
          [
            -123.07663307796425,
            44.050603117481515
          ],
          [
            -123.0766284646851,
            44.05060465961606
          ],
          [
            -123.07662352812174,
            44.05060629086238
          ],
          [
            -123.07661858085092,
            44.05060790523857
          ],
          [
            -123.07661393688845,
            44.05060940123296
          ],
          [
            -123.07660896944984,
            44.050610981841345
          ],
          [
            -123.07660430792933,
            44.050612446711135
          ],
          [
            -123.07659932036135,
            44.05061399445116
          ],
          [
            -123.07659463882666,
            44.05061542915136
          ],
          [
            -123.07658994907902,
            44.050616846926026
          ],
          [
            -123.07658493188313,
            44.05061834400044
          ],
          [
            -123.07658022333011,
            44.050619730678264
          ],
          [
            -123.07657518230158,
            44.05062119586697
          ],
          [
            -123.07657045619055,
            44.050622551420204
          ],
          [
            -123.07656540606592,
            44.050623978993706
          ],
          [
            -123.07656034285449,
            44.05062539245104
          ],
          [
            -123.07655559093408,
            44.0506266990547
          ],
          [
            -123.07655050876384,
            44.050628077816974
          ],
          [
            -123.07654574053267,
            44.05062935326834
          ],
          [
            -123.07654096412699,
            44.05063061269382
          ],
          [
            -123.0765358560706,
            44.05063194070735
          ],
          [
            -123.07653106331576,
            44.050633168081035
          ],
          [
            -123.07652593879509,
            44.05063446134405
          ],
          [
            -123.07652113093833,
            44.05063565663821
          ],
          [
            -123.07651598870612,
            44.05063691517846
          ],
          [
            -123.07651083950822,
            44.050638156765494
          ],
          [
            -123.07650600833672,
            44.050639303054666
          ],
          [
            -123.0765008426745,
            44.050640509891224
          ],
          [
            -123.0764959976484,
            44.05064162407315
          ],
          [
            -123.07649081676924,
            44.05064279613155
          ],
          [
            -123.07648595664128,
            44.05064387823397
          ],
          [
            -123.0764810907566,
            44.05064494245598
          ],
          [
            -123.07647588765636,
            44.05064606188352
          ],
          [
            -123.07647067762879,
            44.05064716525737
          ],
          [
            -123.07646579092385,
            44.05064818041904
          ],
          [
            -123.07646056688823,
            44.050649248087446
          ],
          [
            -123.07645566757598,
            44.05065023111421
          ],
          [
            -123.07645042957061,
            44.05065126397676
          ],
          [
            -123.07644551761273,
            44.0506522139691
          ],
          [
            -123.07644059997484,
            44.050653147880084
          ],
          [
            -123.076435342243,
            44.050654128056365
          ],
          [
            -123.07643041195949,
            44.05065502893293
          ],
          [
            -123.0764251427141,
            44.050655973348384
          ],
          [
            -123.07641986771198,
            44.050656899883485
          ],
          [
            -123.07641492031163,
            44.050657750717015
          ],
          [
            -123.07640963258709,
            44.0506586424185
          ],
          [
            -123.07640467503566,
            44.05065946016225
          ],
          [
            -123.07639937700648,
            44.0506603151757
          ],
          [
            -123.07639440930397,
            44.050661099829625
          ],
          [
            -123.07638910849195,
            44.05066191888844
          ],
          [
            -123.07638413059993,
            44.050662669553006
          ],
          [
            -123.07637880213711,
            44.05066345500998
          ],
          [
            -123.07637381534128,
            44.050664172556964
          ],
          [
            -123.07636848534288,
            44.05066492203169
          ],
          [
            -123.07636348964323,
            44.05066560646119
          ],
          [
            -123.0763584882253,
            44.05066627390986
          ],
          [
            -123.07635314466008,
            44.050666968760765
          ],
          [
            -123.0763477965854,
            44.050667645703534
          ],
          [
            -123.07634278432543,
            44.050668263870314
          ],
          [
            -123.07633776755605,
            44.05066886412899
          ],
          [
            -123.076332405953,
            44.05066948734751
          ],
          [
            -123.07632738152704,
            44.05067005446101
          ],
          [
            -123.07632201339959,
            44.05067064180797
          ],
          [
            -123.07631664200989,
            44.05067121121912
          ],
          [
            -123.07631160670365,
            44.05067172815115
          ],
          [
            -123.07630656813524,
            44.050672227147444
          ],
          [
            -123.07630118567336,
            44.050672741879424
          ],
          [
            -123.07629579998768,
            44.05067323957516
          ],
          [
            -123.07629075303346,
            44.050673688334626
          ],
          [
            -123.0762857028555,
            44.050674120057906
          ],
          [
            -123.07628030734493,
            44.05067456304677
          ],
          [
            -123.07627525196662,
            44.05067496066992
          ],
          [
            -123.07626985117898,
            44.050675367759474
          ],
          [
            -123.07626479184762,
            44.05067573125482
          ],
          [
            -123.0762593857829,
            44.050676102445195
          ],
          [
            -123.07625397891213,
            44.05067645474484
          ],
          [
            -123.07624891119508,
            44.05067676800338
          ],
          [
            -123.07624384271044,
            44.05067706327075
          ],
          [
            -123.07623842850936,
            44.05067736080815
          ],
          [
            -123.07623301233177,
            44.05067764128163
          ],
          [
            -123.07622793791761,
            44.05067788535733
          ],
          [
            -123.07622251891915,
            44.050678128976635
          ],
          [
            -123.0762174418376,
            44.050678339796335
          ],
          [
            -123.076212018771,
            44.05067854658917
          ],
          [
            -123.07620693898374,
            44.05067872325346
          ],
          [
            -123.07620185846727,
            44.05067888282607
          ],
          [
            -123.07619643305947,
            44.05067903474591
          ],
          [
            -123.07619102812546,
            44.0506791691036
          ],
          [
            -123.07618594542133,
            44.050679277401514
          ],
          [
            -123.07618049526036,
            44.05067937584616
          ],
          [
            -123.07617540985053,
            44.05067944998855
          ],
          [
            -123.07616998181358,
            44.05067951102543
          ],
          [
            -123.0761648961926,
            44.05067955095695
          ],
          [
            -123.07615946537327,
            44.050679576039244
          ],
          [
            -123.07615438082672,
            44.05067958263177
          ],
          [
            -123.07614929551265,
            44.0506795712332
          ],
          [
            -123.07614386609396,
            44.05067954135943
          ],
          [
            -123.07613843715492,
            44.050679493466845
          ],
          [
            -123.07613335093892,
            44.05067943166537
          ],
          [
            -123.07612826773547,
            44.05067935268928
          ],
          [
            -123.0761228389883,
            44.0506792507679
          ],
          [
            -123.0761177555738,
            44.05067913758096
          ],
          [
            -123.07611233024213,
            44.05067899866701
          ],
          [
            -123.07610690418129,
            44.05067884266143
          ],
          [
            -123.07610182356828,
            44.050678678088985
          ],
          [
            -123.076096744759,
            44.05067849726917
          ],
          [
            -123.0760913225551,
            44.05067828535272
          ],
          [
            -123.07608624478198,
            44.050678070294325
          ],
          [
            -123.07608082607038,
            44.05067782318441
          ],
          [
            -123.07607575182801,
            44.05067757383215
          ],
          [
            -123.07607033774087,
            44.05067728880242
          ],
          [
            -123.07606492417185,
            44.05067698665341
          ],
          [
            -123.07605985526396,
            44.05067668675985
          ],
          [
            -123.07605478933026,
            44.05067636879215
          ],
          [
            -123.07604938090391,
            44.050676011604125
          ],
          [
            -123.07604397673742,
            44.05067563721372
          ],
          [
            -123.0760389161767,
            44.05067526960426
          ],
          [
            -123.07603385983742,
            44.05067488389299
          ],
          [
            -123.07602846206085,
            44.050674454435864
          ],
          [
            -123.07602340929073,
            44.05067403533023
          ],
          [
            -123.07601801870996,
            44.05067356969711
          ],
          [
            -123.07601263114188,
            44.050673086889304
          ],
          [
            -123.07600758620087,
            44.05067261718701
          ],
          [
            -123.07600254676701,
            44.0506721302548
          ],
          [
            -123.07599714427064,
            44.05067159015217
          ],
          [
            -123.07599211090053,
            44.05067106977021
          ],
          [
            -123.07598676197827,
            44.05067049786479
          ],
          [
            -123.07598139475043,
            44.050669906556536
          ],
          [
            -123.07597637170393,
            44.050669335522635
          ],
          [
            -123.07597135167012,
            44.05066874731411
          ],
          [
            -123.07596599706858,
            44.05066810080078
          ],
          [
            -123.07596064547977,
            44.05066743711284
          ],
          [
            -123.07595563705527,
            44.05066679912417
          ],
          [
            -123.07595029515684,
            44.050666099204854
          ],
          [
            -123.07594529525227,
            44.050665426811626
          ],
          [
            -123.075940299646,
            44.05066473811563
          ],
          [
            -123.07593497165959,
            44.05066398386309
          ],
          [
            -123.07592964921875,
            44.050663213280096
          ],
          [
            -123.07592466771635,
            44.050662474748684
          ],
          [
            -123.075919690474,
            44.05066171901497
          ],
          [
            -123.07591438319244,
            44.05066089407108
          ],
          [
            -123.0759090801325,
            44.05066005102532
          ],
          [
            -123.07590411824128,
            44.050659245428456
          ],
          [
            -123.07589882744304,
            44.05065836789507
          ],
          [
            -123.07589387660465,
            44.05065752873787
          ],
          [
            -123.07588893135025,
            44.050656674149806
          ],
          [
            -123.0758836570738,
            44.05065574492648
          ],
          [
            -123.07587885770862,
            44.050654886200284
          ],
          [
            -123.07587367545973,
            44.05065394863162
          ],
          [
            -123.07587323489574,
            44.05065386386618
          ],
          [
            -123.07586784547102,
            44.05065278142868
          ],
          [
            -123.0758628383163,
            44.05065176344045
          ],
          [
            -123.07585769952988,
            44.05065070335312
          ],
          [
            -123.07585224638137,
            44.05064956110202
          ],
          [
            -123.07584680002587,
            44.05064840249269
          ],
          [
            -123.07584167920048,
            44.05064729518548
          ],
          [
            -123.07583656637684,
            44.05064617059295
          ],
          [
            -123.07583114274104,
            44.0506449592558
          ],
          [
            -123.07582604350326,
            44.050643801947025
          ],
          [
            -123.07582063583277,
            44.05064255513967
          ],
          [
            -123.07581524878998,
            44.05064129436834
          ],
          [
            -123.07581017113989,
            44.05064008705805
          ],
          [
            -123.07580477231605,
            44.05063878422905
          ],
          [
            -123.07579971074635,
            44.05063754414723
          ],
          [
            -123.07579434304655,
            44.050636210013636
          ],
          [
            -123.07578929630995,
            44.05063493718794
          ],
          [
            -123.0757842588608,
            44.0506336479488
          ],
          [
            -123.07577891637544,
            44.050632261032
          ],
          [
            -123.07577358317751,
            44.05063085770172
          ],
          [
            -123.07576856860175,
            44.050629519332944
          ],
          [
            -123.07576325261641,
            44.0506280805048
          ],
          [
            -123.07575825665391,
            44.050626710208675
          ],
          [
            -123.07575295436968,
            44.05062524136295
          ],
          [
            -123.07574797233849,
            44.050623846446605
          ],
          [
            -123.0757464127519,
            44.05062340024057
          ],
          [
            -123.0757414571436,
            44.05062195161425
          ],
          [
            -123.07573650821318,
            44.05062048393114
          ],
          [
            -123.07573157486391,
            44.05061903030852
          ],
          [
            -123.07566032162524,
            44.05059843635271
          ],
          [
            -123.07562083165162,
            44.05058359974116
          ],
          [
            -123.0755813752023,
            44.050565948633064
          ],
          [
            -123.0755170960479,
            44.050536317439054
          ],
          [
            -123.0754360787087,
            44.05049481577968
          ],
          [
            -123.07536723747354,
            44.05046555313928
          ],
          [
            -123.07526094360911,
            44.050430432304495
          ],
          [
            -123.07517314918246,
            44.050407641592265
          ],
          [
            -123.07508335141631,
            44.050389629541264
          ],
          [
            -123.07491403009644,
            44.050367179510495
          ],
          [
            -123.07472956879974,
            44.050346853235084
          ],
          [
            -123.074614842581,
            44.05033026803263
          ],
          [
            -123.0745054262968,
            44.050310294711885
          ],
          [
            -123.07443107466811,
            44.05029065202289
          ],
          [
            -123.07435915441096,
            44.050264670599056
          ],
          [
            -123.0743014535124,
            44.050238246837075
          ],
          [
            -123.07422291645027,
            44.05019404308352
          ],
          [
            -123.074168517856,
            44.05015069600711
          ],
          [
            -123.07393081251449,
            44.049933467394936
          ],
          [
            -123.0738338815179,
            44.04985758922378
          ],
          [
            -123.0737592088041,
            44.04981203082525
          ],
          [
            -123.07369427208617,
            44.04977835424261
          ],
          [
            -123.07361647103396,
            44.04974351500412
          ],
          [
            -123.07354059820422,
            44.04971507530146
          ],
          [
            -123.0734553645572,
            44.049690434758325
          ],
          [
            -123.0733819147082,
            44.049674085783245
          ],
          [
            -123.07332193749262,
            44.04966382640613
          ],
          [
            -123.07323270517209,
            44.04965312514341
          ],
          [
            -123.07319594262198,
            44.049649793757425
          ],
          [
            -123.07310229058407,
            44.04964763698644
          ],
          [
            -123.0722651404264,
            44.04964742294281
          ],
          [
            -123.07222525308286,
            44.049650858539884
          ],
          [
            -123.07216906632263,
            44.04966052948003
          ],
          [
            -123.07212365371004,
            44.0496720577787
          ],
          [
            -123.07207988123827,
            44.04968645259351
          ],
          [
            -123.07204270242144,
            44.04970177636514
          ],
          [
            -123.0719985977413,
            44.049723965132415
          ],
          [
            -123.07188810595711,
            44.0497918882419
          ],
          [
            -123.07175506549446,
            44.049861634388115
          ]
        ]
      },
      "properties": {
        "OBJECTID": 355,
        "bike_segid": 621,
        "eug_id": null,
        "name": "Ruth Bascom Path - South Bank",
        "ftype": "Shared Use Path",
        "ftypedes": "Shared Use Path",
        "lane_type": null,
        "lane_typedes": null,
        "status": "Built",
        "maint": "UNKNOWN",
        "source": null,
        "easement": null,
        "lane_num": null,
        "lane_placement": null,
        "geofeature_id": "{0B772A73-B7A4-47CB-97A5-531DC6DB80FC}",
        "Shape_Length": 1660.5479704886106,
        "layer": "bike_lanes"
      }
    },
    {
      "type": "Feature",
      "id": "bike_lanes_206",
      "geometry": {
        "type": "LineString",
        "coordinates": [
          [
            -123.1229560831104,
            44.0499748448078
          ],
          [
            -123.12164488371631,
            44.049966573599114
          ],
          [
            -123.12012220798177,
            44.0499564377745
          ],
          [
            -123.1181517495847,
            44.04994369845863
          ]
        ]
      },
      "properties": {
        "OBJECTID": 356,
        "bike_segid": 622,
        "eug_id": null,
        "name": null,
        "ftype": "Route",
        "ftypedes": "Route",
        "lane_type": null,
        "lane_typedes": null,
        "status": "Built",
        "maint": "UNKNOWN",
        "source": null,
        "easement": null,
        "lane_num": null,
        "lane_placement": null,
        "geofeature_id": "{E8C4203D-B76B-4B9E-920C-11C94F249641}",
        "Shape_Length": 1263.236257845947,
        "layer": "bike_lanes"
      }
    },
    {
      "type": "Feature",
      "id": "bike_lanes_207",
      "geometry": {
        "type": "LineString",
        "coordinates": [
          [
            -123.0882080246858,
            44.051068488380245
          ],
          [
            -123.08820697741123,
            44.050967864040366
          ]
        ]
      },
      "properties": {
        "OBJECTID": 357,
        "bike_segid": 625,
        "eug_id": null,
        "name": "High St Protected Bikeway",
        "ftype": "Protected Bikeway",
        "ftypedes": "Protected Bikeway",
        "lane_type": null,
        "lane_typedes": null,
        "status": "Built",
        "maint": "EUG",
        "source": null,
        "easement": null,
        "lane_num": 2,
        "lane_placement": "Curbside",
        "geofeature_id": "{162AD368-B0B6-4217-8D2D-D0B3EBB7E31C}",
        "Shape_Length": 36.68359803565945,
        "layer": "bike_lanes"
      }
    },
    {
      "type": "Feature",
      "id": "bike_lanes_208",
      "geometry": {
        "type": "LineString",
        "coordinates": [
          [
            -123.08963998515279,
            44.04991920974396
          ],
          [
            -123.08963441810903,
            44.04982022943328
          ],
          [
            -123.08962458924097,
            44.048913263248835
          ],
          [
            -123.08961584906363,
            44.04877466846571
          ]
        ]
      },
      "properties": {
        "OBJECTID": 358,
        "bike_segid": 626,
        "eug_id": null,
        "name": null,
        "ftype": "Bike Lane",
        "ftypedes": "Bike Lane",
        "lane_type": null,
        "lane_typedes": null,
        "status": "Built",
        "maint": "UNKNOWN",
        "source": null,
        "easement": null,
        "lane_num": null,
        "lane_placement": "Setback",
        "geofeature_id": "{58F70D76-809E-4024-8272-7BCA2184BF70}",
        "Shape_Length": 417.33378572529875,
        "layer": "bike_lanes"
      }
    },
    {
      "type": "Feature",
      "id": "bike_lanes_209",
      "geometry": {
        "type": "LineString",
        "coordinates": [
          [
            -123.0882080246858,
            44.051068488380245
          ],
          [
            -123.0883829366894,
            44.051066269397374
          ],
          [
            -123.08952662020275,
            44.05106531510055
          ],
          [
            -123.08962397298059,
            44.051066238020276
          ]
        ]
      },
      "properties": {
        "OBJECTID": 359,
        "bike_segid": 627,
        "eug_id": null,
        "name": "8th Ave Protected Bikeway",
        "ftype": "Protected Bikeway",
        "ftypedes": "Protected Bikeway",
        "lane_type": null,
        "lane_typedes": null,
        "status": "Built",
        "maint": "EUG",
        "source": null,
        "easement": null,
        "lane_num": 1,
        "lane_placement": "Curbside",
        "geofeature_id": "{A927AD86-78C2-46C0-93B8-53995449B28C}",
        "Shape_Length": 372.29262440132084,
        "layer": "bike_lanes"
      }
    },
    {
      "type": "Feature",
      "id": "bike_lanes_210",
      "geometry": {
        "type": "LineString",
        "coordinates": [
          [
            -123.09724831644743,
            44.050873678075824
          ],
          [
            -123.09725286242791,
            44.05018399122703
          ],
          [
            -123.09725863775887,
            44.049918947813325
          ]
        ]
      },
      "properties": {
        "OBJECTID": 360,
        "bike_segid": 628,
        "eug_id": null,
        "name": "Lincoln St",
        "ftype": "Buffered Bike Lane",
        "ftypedes": "Buffered Bike Lane",
        "lane_type": null,
        "lane_typedes": null,
        "status": "Built",
        "maint": "EUG",
        "source": null,
        "easement": null,
        "lane_num": 1,
        "lane_placement": "Curbside",
        "geofeature_id": "{6D6B2375-729C-4006-996C-5242757E7ACC}",
        "Shape_Length": 348.06122796824263,
        "layer": "bike_lanes"
      }
    },
    {
      "type": "Feature",
      "id": "bike_lanes_211",
      "geometry": {
        "type": "LineString",
        "coordinates": [
          [
            -123.09273163551987,
            44.05096378901631
          ],
          [
            -123.09273164963166,
            44.05106582047794
          ]
        ]
      },
      "properties": {
        "OBJECTID": 361,
        "bike_segid": 629,
        "eug_id": null,
        "name": null,
        "ftype": "Route",
        "ftypedes": "Route",
        "lane_type": null,
        "lane_typedes": null,
        "status": "Built",
        "maint": "UNKNOWN",
        "source": null,
        "easement": null,
        "lane_num": null,
        "lane_placement": null,
        "geofeature_id": "{BB1C2D93-46AA-4D8B-9BAC-EFE05B7E58DA}",
        "Shape_Length": 37.19553044699837,
        "layer": "bike_lanes"
      }
    },
    {
      "type": "Feature",
      "id": "bike_lanes_212",
      "geometry": {
        "type": "LineString",
        "coordinates": [
          [
            -123.08962397298059,
            44.051066238020276
          ],
          [
            -123.08990710734987,
            44.05106373455496
          ],
          [
            -123.09035856710909,
            44.051065329460044
          ],
          [
            -123.09071904648596,
            44.051066067358924
          ],
          [
            -123.0911329823609,
            44.05106976267064
          ],
          [
            -123.09141778995486,
            44.05106935842678
          ],
          [
            -123.09193700783035,
            44.051070226897195
          ],
          [
            -123.09210175802642,
            44.05106403243351
          ],
          [
            -123.0923211357438,
            44.05106379041954
          ],
          [
            -123.09273164963166,
            44.05106582047794
          ]
        ]
      },
      "properties": {
        "OBJECTID": 362,
        "bike_segid": 630,
        "eug_id": null,
        "name": "8th Ave Protected Bikeway",
        "ftype": "Protected Bikeway",
        "ftypedes": "Protected Bikeway",
        "lane_type": null,
        "lane_typedes": null,
        "status": "Built",
        "maint": "EUG",
        "source": null,
        "easement": null,
        "lane_num": 1,
        "lane_placement": "Curbside",
        "geofeature_id": "{8A430914-035D-430E-8EDB-8EA052F0F3A5}",
        "Shape_Length": 817.1523414692366,
        "layer": "bike_lanes"
      }
    },
    {
      "type": "Feature",
      "id": "bike_lanes_213",
      "geometry": {
        "type": "LineString",
        "coordinates": [
          [
            -123.09426241687012,
            44.04991694293842
          ],
          [
            -123.09426242324687,
            44.04991473770856
          ],
          [
            -123.09426324662503,
            44.04961987867303
          ],
          [
            -123.09426549751775,
            44.048812780561406
          ]
        ]
      },
      "properties": {
        "OBJECTID": 363,
        "bike_segid": 631,
        "eug_id": null,
        "name": null,
        "ftype": "Shared Lane",
        "ftypedes": "Shared Lane",
        "lane_type": null,
        "lane_typedes": null,
        "status": "Built",
        "maint": "EUG",
        "source": null,
        "easement": null,
        "lane_num": null,
        "lane_placement": null,
        "geofeature_id": "{BC1A5A7D-68A6-455A-A39B-F391A4F4C8E7}",
        "Shape_Length": 402.52249080228194,
        "layer": "bike_lanes"
      }
    },
    {
      "type": "Feature",
      "id": "bike_lanes_214",
      "geometry": {
        "type": "LineString",
        "coordinates": [
          [
            -123.09273164963166,
            44.05106582047794
          ],
          [
            -123.09295116600299,
            44.051064939393314
          ],
          [
            -123.09426170251736,
            44.05106801779202
          ]
        ]
      },
      "properties": {
        "OBJECTID": 364,
        "bike_segid": 632,
        "eug_id": null,
        "name": "8th Ave Protected Bikeway",
        "ftype": "Protected Bikeway",
        "ftypedes": "Protected Bikeway",
        "lane_type": null,
        "lane_typedes": null,
        "status": "Built",
        "maint": "EUG",
        "source": null,
        "easement": null,
        "lane_num": 1,
        "lane_placement": "Curbside",
        "geofeature_id": "{C933E61D-245A-4B3C-8598-F27BF79FB25A}",
        "Shape_Length": 402.286355054126,
        "layer": "bike_lanes"
      }
    },
    {
      "type": "Feature",
      "id": "bike_lanes_215",
      "geometry": {
        "type": "LineString",
        "coordinates": [
          [
            -123.0504259972822,
            44.051442612531154
          ],
          [
            -123.0505425586548,
            44.05144144715901
          ],
          [
            -123.05066236823556,
            44.051422042266395
          ],
          [
            -123.0508008782947,
            44.051398035923
          ],
          [
            -123.05083718004953,
            44.051397238230614
          ],
          [
            -123.05091026644149,
            44.05140716167193
          ],
          [
            -123.05132776071223,
            44.05145039640737
          ],
          [
            -123.05142689658214,
            44.051457651796575
          ],
          [
            -123.05148937789706,
            44.05145732654557
          ],
          [
            -123.05170982044434,
            44.0514461918635
          ],
          [
            -123.05177643716738,
            44.05144053439331
          ],
          [
            -123.05183605910977,
            44.051441320763125
          ],
          [
            -123.05188587111414,
            44.051450708074164
          ],
          [
            -123.05193740047488,
            44.05146634592427
          ],
          [
            -123.05198039352679,
            44.05148636542355
          ],
          [
            -123.05200006640224,
            44.051504800577284
          ],
          [
            -123.05202089131132,
            44.05155046336176
          ],
          [
            -123.05204013795039,
            44.05162760690864
          ],
          [
            -123.05205221529727,
            44.05170700506869
          ],
          [
            -123.05205834881171,
            44.05178338884064
          ],
          [
            -123.05206017363628,
            44.05186091628687
          ],
          [
            -123.0520609279106,
            44.0518929994522
          ],
          [
            -123.05206779999966,
            44.05190743016327
          ],
          [
            -123.05207996538064,
            44.05192002746236
          ],
          [
            -123.0520926705637,
            44.051925901397624
          ]
        ]
      },
      "properties": {
        "OBJECTID": 365,
        "bike_segid": 633,
        "eug_id": null,
        "name": null,
        "ftype": "Accessway",
        "ftypedes": "Accessway",
        "lane_type": null,
        "lane_typedes": null,
        "status": "Built",
        "maint": "UNKNOWN",
        "source": null,
        "easement": null,
        "lane_num": null,
        "lane_placement": null,
        "geofeature_id": "{3EC9994F-DFCD-4349-ACD9-2E5E7B60CD5E}",
        "Shape_Length": 582.7949132427585,
        "layer": "bike_lanes"
      }
    },
    {
      "type": "Feature",
      "id": "bike_lanes_216",
      "geometry": {
        "type": "LineString",
        "coordinates": [
          [
            -123.09581939128756,
            44.051056378848166
          ],
          [
            -123.09724769365629,
            44.05096824250733
          ]
        ]
      },
      "properties": {
        "OBJECTID": 366,
        "bike_segid": 634,
        "eug_id": null,
        "name": "8th Ave Protected Bikeway",
        "ftype": "Protected Bikeway",
        "ftypedes": "Protected Bikeway",
        "lane_type": null,
        "lane_typedes": null,
        "status": "Built",
        "maint": "EUG",
        "source": null,
        "easement": null,
        "lane_num": 1,
        "lane_placement": "Curbside",
        "geofeature_id": "{CF547D64-B451-4567-B616-E2D925BE34A5}",
        "Shape_Length": 376.90358248396194,
        "layer": "bike_lanes"
      }
    },
    {
      "type": "Feature",
      "id": "bike_lanes_217",
      "geometry": {
        "type": "LineString",
        "coordinates": [
          [
            -123.09581939128756,
            44.051056378848166
          ],
          [
            -123.0958203199401,
            44.05095720297617
          ]
        ]
      },
      "properties": {
        "OBJECTID": 367,
        "bike_segid": 635,
        "eug_id": null,
        "name": null,
        "ftype": "Bike Lane",
        "ftypedes": "Bike Lane",
        "lane_type": null,
        "lane_typedes": null,
        "status": "Built",
        "maint": "UNKNOWN",
        "source": null,
        "easement": null,
        "lane_num": null,
        "lane_placement": "Setback",
        "geofeature_id": "{BC742F1F-5B7E-4BFF-8627-633E6197D3B4}",
        "Shape_Length": 36.15535046275684,
        "layer": "bike_lanes"
      }
    },
    {
      "type": "Feature",
      "id": "bike_lanes_218",
      "geometry": {
        "type": "LineString",
        "coordinates": [
          [
            -123.09426170251736,
            44.05106801779202
          ],
          [
            -123.09449824993312,
            44.0510679146818
          ],
          [
            -123.09560581868757,
            44.05106690452868
          ],
          [
            -123.09581939128756,
            44.051056378848166
          ]
        ]
      },
      "properties": {
        "OBJECTID": 368,
        "bike_segid": 636,
        "eug_id": null,
        "name": "8th Ave Protected Bikeway",
        "ftype": "Protected Bikeway",
        "ftypedes": "Protected Bikeway",
        "lane_type": null,
        "lane_typedes": null,
        "status": "Built",
        "maint": "EUG",
        "source": null,
        "easement": null,
        "lane_num": 1,
        "lane_placement": "Curbside",
        "geofeature_id": "{C2BDB4E6-268B-4DB8-B9D8-9394CAB80A23}",
        "Shape_Length": 409.68089079630374,
        "layer": "bike_lanes"
      }
    },
    {
      "type": "Feature",
      "id": "bike_lanes_219",
      "geometry": {
        "type": "LineString",
        "coordinates": [
          [
            -123.08202441153196,
            44.05191213028855
          ],
          [
            -123.0820636389225,
            44.05187434773
          ],
          [
            -123.08207873468093,
            44.05185389975553
          ],
          [
            -123.08208954476244,
            44.051832085759955
          ],
          [
            -123.08209584058413,
            44.051809370032075
          ],
          [
            -123.08209748795507,
            44.051786234569555
          ],
          [
            -123.08209298834404,
            44.051760422091625
          ],
          [
            -123.08208384222462,
            44.05173525680775
          ],
          [
            -123.08206297577591,
            44.05169111700979
          ]
        ]
      },
      "properties": {
        "OBJECTID": 370,
        "bike_segid": 638,
        "eug_id": null,
        "name": "Hilyard Conn",
        "ftype": "Shared Use Path",
        "ftypedes": "Shared Use Path",
        "lane_type": null,
        "lane_typedes": null,
        "status": "Built",
        "maint": "UNKNOWN",
        "source": null,
        "easement": null,
        "lane_num": null,
        "lane_placement": null,
        "geofeature_id": "{88580123-A4B5-40D0-8FAF-AE1F194AC42B}",
        "Shape_Length": 86.95562619373511,
        "layer": "bike_lanes"
      }
    },
    {
      "type": "Feature",
      "id": "bike_lanes_220",
      "geometry": {
        "type": "LineString",
        "coordinates": [
          [
            -123.06142994161465,
            44.052199924387345
          ],
          [
            -123.06147820497978,
            44.052193352647734
          ],
          [
            -123.06218396696939,
            44.05205408799432
          ],
          [
            -123.06221711173475,
            44.05098814148982
          ],
          [
            -123.06220450381326,
            44.05093076856829
          ],
          [
            -123.06220906071952,
            44.050804733737266
          ]
        ]
      },
      "properties": {
        "OBJECTID": 371,
        "bike_segid": 639,
        "eug_id": null,
        "name": "Canoe Canal Path",
        "ftype": "Shared Use Path",
        "ftypedes": "Shared Use Path",
        "lane_type": null,
        "lane_typedes": null,
        "status": "Built",
        "maint": "UNKNOWN",
        "source": null,
        "easement": null,
        "lane_num": null,
        "lane_placement": null,
        "geofeature_id": "{F4AF387E-82D2-4316-92A4-BEFB3EE1EE33}",
        "Shape_Length": 661.1161053225828,
        "layer": "bike_lanes"
      }
    },
    {
      "type": "Feature",
      "id": "bike_lanes_221",
      "geometry": {
        "type": "LineString",
        "coordinates": [
          [
            -123.08110596989124,
            44.05147618493527
          ],
          [
            -123.08100497023773,
            44.05141649943156
          ],
          [
            -123.08097155392966,
            44.05138742572473
          ],
          [
            -123.08088449226967,
            44.051278381934736
          ],
          [
            -123.08086955930571,
            44.05126055561077
          ],
          [
            -123.08086741781554,
            44.051258004673464
          ],
          [
            -123.08085077262795,
            44.051238206726296
          ],
          [
            -123.08083399381076,
            44.05121826138128
          ],
          [
            -123.08081733208476,
            44.051198455693516
          ],
          [
            -123.08080066737539,
            44.051178638364625
          ],
          [
            -123.0807839087395,
            44.051158697065894
          ],
          [
            -123.08078234603572,
            44.05115683556984
          ],
          [
            -123.08078073491538,
            44.05115492202669
          ],
          [
            -123.08077899038562,
            44.05115286648542
          ],
          [
            -123.08077753495942,
            44.05115117818194
          ],
          [
            -123.08077572756751,
            44.05114911233298
          ],
          [
            -123.08077423779525,
            44.05114743829902
          ],
          [
            -123.0807723993977,
            44.05114540645412
          ],
          [
            -123.08077087293859,
            44.05114375034328
          ],
          [
            -123.08076932811684,
            44.05114210274428
          ],
          [
            -123.08076742121924,
            44.05114010393618
          ],
          [
            -123.08076549357988,
            44.051138116393844
          ],
          [
            -123.08076389499443,
            44.051136496101606
          ],
          [
            -123.08076192333861,
            44.05113453024703
          ],
          [
            -123.08076028931362,
            44.0511329278502
          ],
          [
            -123.08075863579404,
            44.05113133669153
          ],
          [
            -123.08075659700091,
            44.0511294065446
          ],
          [
            -123.08075453996048,
            44.05112748760808
          ],
          [
            -123.08075283517172,
            44.05112592370068
          ],
          [
            -123.08075111213564,
            44.05112437100371
          ],
          [
            -123.08074898928203,
            44.051122489546216
          ],
          [
            -123.08074684814264,
            44.05112061839953
          ],
          [
            -123.08074507520001,
            44.05111909562477
          ],
          [
            -123.08074328272438,
            44.05111758318859
          ],
          [
            -123.08074107713436,
            44.051115752191826
          ],
          [
            -123.08073887787918,
            44.05111395256811
          ],
          [
            -123.08073703682106,
            44.05111247182545
          ],
          [
            -123.08073474707211,
            44.051110658006365
          ],
          [
            -123.08073287322279,
            44.05110919870186
          ],
          [
            -123.08073098237338,
            44.05110775058004
          ],
          [
            -123.08072865653601,
            44.051105997889785
          ],
          [
            -123.0807263137755,
            44.051104258181326
          ],
          [
            -123.08072437566781,
            44.05110284352435
          ],
          [
            -123.08072199286335,
            44.051101130817614
          ],
          [
            -123.0807200244589,
            44.05109973754327
          ],
          [
            -123.08071803913134,
            44.05109835725072
          ],
          [
            -123.08071560068386,
            44.05109668629879
          ],
          [
            -123.080713585098,
            44.05109532828842
          ],
          [
            -123.0807111092163,
            44.05109368698139
          ],
          [
            -123.08070861516434,
            44.051092058683835
          ],
          [
            -123.08070655613876,
            44.05109073585419
          ],
          [
            -123.0807040258998,
            44.051089137173754
          ],
          [
            -123.08070193794008,
            44.05108783839767
          ],
          [
            -123.08069983430447,
            44.05108655257562
          ],
          [
            -123.08069725103239,
            44.05108499829315
          ],
          [
            -123.08069511970987,
            44.0510837364969
          ],
          [
            -123.08069246432828,
            44.05108218921987
          ],
          [
            -123.08069030407157,
            44.05108095147714
          ],
          [
            -123.08068769315584,
            44.05107948064568
          ],
          [
            -123.0806850270152,
            44.05107800293832
          ],
          [
            -123.08068282596713,
            44.051076803918995
          ],
          [
            -123.0806801261725,
            44.05107535667286
          ],
          [
            -123.0806779000089,
            44.05107418342298
          ],
          [
            -123.08067565820778,
            44.051073024026664
          ],
          [
            -123.08067291056123,
            44.05107162556529
          ],
          [
            -123.08067014856294,
            44.05107024182924
          ],
          [
            -123.08066786967376,
            44.05106912017362
          ],
          [
            -123.08066507659288,
            44.05106776864242
          ],
          [
            -123.08066277515952,
            44.051066674499836
          ],
          [
            -123.08066045933595,
            44.0510655941831
          ],
          [
            -123.08065762093601,
            44.05106429228075
          ],
          [
            -123.08065476947006,
            44.051063005975536
          ],
          [
            -123.08065241792094,
            44.05106196607039
          ],
          [
            -123.08064953794373,
            44.051060713713674
          ],
          [
            -123.08064716385041,
            44.05105970132152
          ],
          [
            -123.0806442553235,
            44.05105848201363
          ],
          [
            -123.08064185985639,
            44.051057495307724
          ],
          [
            -123.08063945381774,
            44.051056524143554
          ],
          [
            -123.08063647452697,
            44.05105534332503
          ],
          [
            -123.08063404722982,
            44.05105440054565
          ],
          [
            -123.08063110543812,
            44.05105327922002
          ],
          [
            -123.08062812010814,
            44.05105216156339
          ],
          [
            -123.0806256620744,
            44.05105125908466
          ],
          [
            -123.080623193469,
            44.05105037214775
          ],
          [
            -123.0806201717045,
            44.051049307523996
          ],
          [
            -123.08061768312628,
            44.05104844984368
          ],
          [
            -123.08061463663063,
            44.05104741998469
          ],
          [
            -123.0806115808876,
            44.051046407438754
          ],
          [
            -123.08060906667714,
            44.05104559264681
          ],
          [
            -123.0806065406094,
            44.05104479252479
          ],
          [
            -123.0806034497943,
            44.051043835682606
          ],
          [
            -123.08060034965487,
            44.05104289435442
          ],
          [
            -123.08059779924046,
            44.051042137992596
          ],
          [
            -123.08059523950173,
            44.05104139714468
          ],
          [
            -123.08059210807046,
            44.051040512336634
          ],
          [
            -123.08058896731482,
            44.05103964304254
          ],
          [
            -123.0805863844767,
            44.05103894592708
          ],
          [
            -123.08058379356149,
            44.05103826429797
          ],
          [
            -123.08058062525573,
            44.05103745144075
          ],
          [
            -123.08057801939505,
            44.051036799856874
          ],
          [
            -123.08057481252311,
            44.051036019370805
          ],
          [
            -123.08057170860043,
            44.05103528161597
          ],
          [
            -123.08056901159698,
            44.05103465906996
          ],
          [
            -123.0805466904943,
            44.051029567406495
          ],
          [
            -123.08052437726336,
            44.05102448456775
          ],
          [
            -123.08050203632759,
            44.05101939603793
          ],
          [
            -123.08047974423042,
            44.051014310920145
          ],
          [
            -123.08047444749552,
            44.05101309247429
          ],
          [
            -123.08046890420304,
            44.051011801174475
          ],
          [
            -123.08046365904566,
            44.05101056267325
          ],
          [
            -123.08045814321021,
            44.051009241949764
          ],
          [
            -123.08045291292194,
            44.0510079716036
          ],
          [
            -123.08044738912083,
            44.05100661053879
          ],
          [
            -123.08044187211146,
            44.051005233115596
          ],
          [
            -123.08043666469295,
            44.051003913638795
          ],
          [
            -123.08043116364631,
            44.05100250074479
          ],
          [
            -123.08042597359147,
            44.0510011493676
          ],
          [
            -123.08042079029,
            44.0509997807325
          ],
          [
            -123.08041531577797,
            44.050998316825584
          ],
          [
            -123.08041014987867,
            44.05099691718965
          ],
          [
            -123.08040469386235,
            44.05099541865598
          ],
          [
            -123.08039954407947,
            44.05099398714739
          ],
          [
            -123.08039410535008,
            44.05099245491417
          ],
          [
            -123.08038897410134,
            44.05099098967842
          ],
          [
            -123.08038355515332,
            44.05098942369029
          ],
          [
            -123.08037814420587,
            44.05098784041656
          ],
          [
            -123.08037303964564,
            44.05098632776614
          ],
          [
            -123.08036764847961,
            44.05098471073747
          ],
          [
            -123.08036256128315,
            44.050983166186654
          ],
          [
            -123.08035748465869,
            44.0509816060939
          ],
          [
            -123.08035212376927,
            44.05097993796917
          ],
          [
            -123.08034677220458,
            44.05097825433019
          ],
          [
            -123.08034172347745,
            44.050976645895545
          ],
          [
            -123.08033639294146,
            44.050974928473906
          ],
          [
            -123.0803313641111,
            44.050973288983
          ],
          [
            -123.08032634460557,
            44.05097163397783
          ],
          [
            -123.08032104563185,
            44.05096986633201
          ],
          [
            -123.08031575719176,
            44.050968082244694
          ],
          [
            -123.08031076815494,
            44.05096638064129
          ],
          [
            -123.08030578965179,
            44.05096466259641
          ],
          [
            -123.0803005340597,
            44.05096282915671
          ],
          [
            -123.0802955754533,
            44.05096108005558
          ],
          [
            -123.08029034217566,
            44.050959213705106
          ],
          [
            -123.08028511947012,
            44.05095733181266
          ],
          [
            -123.0802801938655,
            44.050955536957396
          ],
          [
            -123.08027527883286,
            44.050953726560195
          ],
          [
            -123.08027009022264,
            44.05095179528768
          ],
          [
            -123.08026519633414,
            44.05094995380651
          ],
          [
            -123.08026003253289,
            44.05094798956784
          ],
          [
            -123.08025489707269,
            44.050946016595375
          ],
          [
            -123.08025003871893,
            44.05094413020419
          ],
          [
            -123.08024489128256,
            44.050942110676786
          ],
          [
            -123.08024005532019,
            44.050940193173986
          ],
          [
            -123.08023495053865,
            44.05093814928768
          ],
          [
            -123.08023013700605,
            44.050936201572775
          ],
          [
            -123.08022533533122,
            44.05093423918772
          ],
          [
            -123.08022026971094,
            44.05093214760961
          ],
          [
            -123.08021521462437,
            44.050930039590035
          ],
          [
            -123.08021044848437,
            44.050928032295054
          ],
          [
            -123.08020541953094,
            44.05092589308059
          ],
          [
            -123.08020067835366,
            44.05092385641761
          ],
          [
            -123.08019594899575,
            44.050921804184945
          ],
          [
            -123.08019095920363,
            44.05091961727879
          ],
          [
            -123.08018598255498,
            44.05091741657425
          ],
          [
            -123.08018129001766,
            44.0509153203035
          ],
          [
            -123.08017661187094,
            44.05091321020671
          ],
          [
            -123.08017167438369,
            44.05091096181046
          ],
          [
            -123.08016701991411,
            44.05090882147389
          ],
          [
            -123.08016211109299,
            44.05090654272693
          ],
          [
            -123.08015721533842,
            44.05090424838258
          ],
          [
            -123.08015260026083,
            44.05090206575158
          ],
          [
            -123.08014799949709,
            44.05089986749545
          ],
          [
            -123.08014314547532,
            44.05089752720303
          ],
          [
            -123.08013830580585,
            44.05089517218503
          ],
          [
            -123.08013374443404,
            44.05089293163453
          ],
          [
            -123.08012919616728,
            44.05089067638618
          ],
          [
            -123.08012439951635,
            44.05088827629197
          ],
          [
            -123.08011961721765,
            44.050885861472146
          ],
          [
            -123.08011510959011,
            44.05088356390166
          ],
          [
            -123.08011061760062,
            44.0508812524775
          ],
          [
            -123.08010587828194,
            44.05087879168197
          ],
          [
            -123.08010115460131,
            44.05087631703267
          ],
          [
            -123.08009670325104,
            44.05087396328637
          ],
          [
            -123.08009226753875,
            44.05087159568634
          ],
          [
            -123.08008758940959,
            44.05086907680501
          ],
          [
            -123.08008292438547,
            44.0508665432258
          ],
          [
            -123.08007853063657,
            44.05086413507507
          ],
          [
            -123.08007415123994,
            44.05086171219878
          ],
          [
            -123.08006953430021,
            44.05085913523164
          ],
          [
            -123.08006494320705,
            44.05085654958625
          ],
          [
            -123.08006060830682,
            44.050854087003394
          ],
          [
            -123.0800560587367,
            44.050851479725544
          ],
          [
            -123.08005171825049,
            44.05084897404747
          ],
          [
            -123.08003685334971,
            44.05084035808052
          ],
          [
            -123.0800219701462,
            44.05083172270984
          ],
          [
            -123.08000709984216,
            44.05082309695499
          ],
          [
            -123.079992220927,
            44.050814474090835
          ],
          [
            -123.07998899301185,
            44.0508126162802
          ],
          [
            -123.0799855087126,
            44.05081063090885
          ],
          [
            -123.07998196513972,
            44.05080863154801
          ],
          [
            -123.07997874100921,
            44.05080683307924
          ],
          [
            -123.07997550245007,
            44.05080504753667
          ],
          [
            -123.07997191457477,
            44.0508030923793
          ],
          [
            -123.07996864969127,
            44.050801333533094
          ],
          [
            -123.07996503182686,
            44.05079940695439
          ],
          [
            -123.07996139840182,
            44.05079749602813
          ],
          [
            -123.07995809276542,
            44.05079577680456
          ],
          [
            -123.079954430637,
            44.050793895328795
          ],
          [
            -123.07995109746744,
            44.05079220372888
          ],
          [
            -123.07994775115495,
            44.050790525926985
          ],
          [
            -123.07994404472403,
            44.05078868865464
          ],
          [
            -123.07994032397977,
            44.05078686700708
          ],
          [
            -123.07993693940878,
            44.05078522877224
          ],
          [
            -123.07993354052445,
            44.05078360616225
          ],
          [
            -123.07992977804912,
            44.05078183046174
          ],
          [
            -123.07992600246926,
            44.05078006945867
          ],
          [
            -123.07992256661213,
            44.0507784872876
          ],
          [
            -123.07991911885928,
            44.050776918886775
          ],
          [
            -123.07991530283394,
            44.05077520470261
          ],
          [
            -123.07991183008083,
            44.05077366476952
          ],
          [
            -123.07990798667612,
            44.05077198180717
          ],
          [
            -123.07990413016692,
            44.05077031354231
          ],
          [
            -123.07990062301234,
            44.05076881579181
          ],
          [
            -123.0798971027532,
            44.050767332738744
          ],
          [
            -123.0798932083698,
            44.05076571303639
          ],
          [
            -123.07988929963466,
            44.05076410805924
          ],
          [
            -123.07988574750694,
            44.050762668032874
          ],
          [
            -123.07988218227466,
            44.050761242703985
          ],
          [
            -123.07987820897361,
            44.05075967517734
          ],
          [
            -123.07987462252123,
            44.0507582791326
          ],
          [
            -123.07987068149885,
            44.05075676581261
          ],
          [
            -123.0798667007187,
            44.05075525697767
          ],
          [
            -123.07986308239765,
            44.05075390395958
          ],
          [
            -123.07985945225774,
            44.05075256651075
          ],
          [
            -123.07985543613624,
            44.050751107082384
          ],
          [
            -123.0798514094816,
            44.05074966409509
          ],
          [
            -123.07984775000592,
            44.05074837051703
          ],
          [
            -123.07984369979039,
            44.05074696046748
          ],
          [
            -123.07984002038026,
            44.05074569704534
          ],
          [
            -123.07983632915122,
            44.05074444919251
          ],
          [
            -123.07983224858333,
            44.050743088438615
          ],
          [
            -123.07982815623501,
            44.050741744153555
          ],
          [
            -123.07982443695589,
            44.050740541043254
          ],
          [
            -123.07982032354111,
            44.05073922964044
          ],
          [
            -123.07981658682195,
            44.05073805663059
          ],
          [
            -123.07981283956957,
            44.05073690006194
          ],
          [
            -123.07980869587924,
            44.050735639753874
          ],
          [
            -123.07980454290299,
            44.05073439585913
          ],
          [
            -123.07980077005648,
            44.050733283077996
          ],
          [
            -123.07979698920968,
            44.0507321875821
          ],
          [
            -123.07979280720505,
            44.050730994754396
          ],
          [
            -123.07978861716173,
            44.050729818312355
          ],
          [
            -123.07978480951193,
            44.050728767531254
          ],
          [
            -123.07978099507065,
            44.050727733108076
          ],
          [
            -123.07977677603736,
            44.05072660863258
          ],
          [
            -123.079772550251,
            44.05072550141458
          ],
          [
            -123.07976871157813,
            44.05072451344982
          ],
          [
            -123.07976446729664,
            44.050723440857745
          ],
          [
            -123.07976061375498,
            44.0507224847371
          ],
          [
            -123.07975635850019,
            44.05072144750408
          ],
          [
            -123.07975248880409,
            44.05072052235574
          ],
          [
            -123.07974820874105,
            44.05071951808805
          ],
          [
            -123.079744325385,
            44.05071862385651
          ],
          [
            -123.07974003434869,
            44.05071765494795
          ],
          [
            -123.07973613737103,
            44.050716792532846
          ],
          [
            -123.0797322336403,
            44.05071594737521
          ],
          [
            -123.0797279211358,
            44.05071503116635
          ],
          [
            -123.07972360063096,
            44.0507141322427
          ],
          [
            -123.07971967765747,
            44.05071333343261
          ],
          [
            -123.07971534368475,
            44.05071246992352
          ],
          [
            -123.07971140829855,
            44.05071170200252
          ],
          [
            -123.07970746744479,
            44.05071095221084
          ],
          [
            -123.07970311321266,
            44.050710140474216
          ],
          [
            -123.07969916244065,
            44.050709421516196
          ],
          [
            -123.07969479602633,
            44.0507086460659
          ],
          [
            -123.07969083291836,
            44.050707959796085
          ],
          [
            -123.07968645428346,
            44.050707219732566
          ],
          [
            -123.07968207142831,
            44.05070649777066
          ],
          [
            -123.07967809164886,
            44.050705859591986
          ],
          [
            -123.07967369782021,
            44.05070517298914
          ],
          [
            -123.07966970944653,
            44.050704567415536
          ],
          [
            -123.07966571552842,
            44.05070397817217
          ],
          [
            -123.07966130529735,
            44.0507033459572
          ],
          [
            -123.07965688956034,
            44.050702730972006
          ],
          [
            -123.07965288275086,
            44.05070219063617
          ],
          [
            -123.0796484585733,
            44.050701611854215
          ],
          [
            -123.07964444441679,
            44.05070110409567
          ],
          [
            -123.079640010513,
            44.050700560644955
          ],
          [
            -123.07963598776217,
            44.05070008549149
          ],
          [
            -123.07963196196138,
            44.05069962661277
          ],
          [
            -123.07962748784217,
            44.05069913537803
          ],
          [
            -123.07962312104516,
            44.05069867237165
          ],
          [
            -123.07961903207892,
            44.050698254513726
          ],
          [
            -123.07959772089151,
            44.05069610794048
          ],
          [
            -123.07957641337049,
            44.050693959481116
          ],
          [
            -123.07957176880288,
            44.0506934819363
          ],
          [
            -123.07956687157993,
            44.05069296408554
          ],
          [
            -123.07956188839184,
            44.05069242113293
          ],
          [
            -123.07955729833624,
            44.05069190455948
          ],
          [
            -123.07955234494587,
            44.05069132852998
          ],
          [
            -123.07954776219928,
            44.050690778479016
          ],
          [
            -123.0795428160411,
            44.050690167172895
          ],
          [
            -123.07953824188913,
            44.05068958451623
          ],
          [
            -123.07953330541916,
            44.050688936978496
          ],
          [
            -123.07952873861461,
            44.05068832174387
          ],
          [
            -123.07952417735467,
            44.050687690178684
          ],
          [
            -123.07951925362309,
            44.05068699013422
          ],
          [
            -123.07951470091943,
            44.05068632506381
          ],
          [
            -123.07950978816167,
            44.050685589659544
          ],
          [
            -123.0795052440912,
            44.05068489288303
          ],
          [
            -123.07950034102176,
            44.0506841212472
          ],
          [
            -123.07949580800202,
            44.050683390909974
          ],
          [
            -123.07949091594496,
            44.0506825848139
          ],
          [
            -123.07948602935566,
            44.050681760588176
          ],
          [
            -123.07948151172256,
            44.05068098128703
          ],
          [
            -123.0794769995956,
            44.05068018475578
          ],
          [
            -123.079472131981,
            44.05067930788474
          ],
          [
            -123.07946726987257,
            44.05067841378357
          ],
          [
            -123.07946277441798,
            44.05067756916025
          ],
          [
            -123.07945828575528,
            44.05067670817864
          ],
          [
            -123.07945344262156,
            44.050675761432174
          ],
          [
            -123.07944896504816,
            44.050674867789496
          ],
          [
            -123.07944413538294,
            44.05067388562785
          ],
          [
            -123.0794393124713,
            44.05067288620838
          ],
          [
            -123.07943485531194,
            44.05067194439046
          ],
          [
            -123.079430047116,
            44.050670909528115
          ],
          [
            -123.07942560233165,
            44.05066993592087
          ],
          [
            -123.07942116433927,
            44.05066894595546
          ],
          [
            -123.07941637765103,
            44.05066785929195
          ],
          [
            -123.07941195328087,
            44.0506668375095
          ],
          [
            -123.07940717760518,
            44.05066571638581
          ],
          [
            -123.07940276810449,
            44.0506646627587
          ],
          [
            -123.07939801723784,
            44.05066350866903
          ],
          [
            -123.07939362260663,
            44.05066242319724
          ],
          [
            -123.0793888827141,
            44.05066123374785
          ],
          [
            -123.07938450295246,
            44.05066011643137
          ],
          [
            -123.07937978155593,
            44.05065889235552
          ],
          [
            -123.07937506695133,
            44.050657651921334
          ],
          [
            -123.0793707114225,
            44.050656488145606
          ],
          [
            -123.07936636389448,
            44.05065530708443
          ],
          [
            -123.0793616770339,
            44.05065401471052
          ],
          [
            -123.07935699949822,
            44.050652706822554
          ],
          [
            -123.07935267745025,
            44.05065147927436
          ],
          [
            -123.07934801716338,
            44.0506501367876
          ],
          [
            -123.07934371251794,
            44.05064887823887
          ],
          [
            -123.07933941595005,
            44.05064760420373
          ],
          [
            -123.07933478473137,
            44.05064621154867
          ],
          [
            -123.07933050556603,
            44.05064490651302
          ],
          [
            -123.07932589412911,
            44.05064348010334
          ],
          [
            -123.07932129201707,
            44.05064203817954
          ],
          [
            -123.07931704207364,
            44.050640686573765
          ],
          [
            -123.07931280024626,
            44.05063932038115
          ],
          [
            -123.07930822841124,
            44.05063782736178
          ],
          [
            -123.07930366839567,
            44.05063631877292
          ],
          [
            -123.07929945579018,
            44.050634906010195
          ],
          [
            -123.07929525254801,
            44.05063347863296
          ],
          [
            -123.07929072409524,
            44.05063191982033
          ],
          [
            -123.07928620621458,
            44.050630345465855
          ],
          [
            -123.07928203351845,
            44.05062887328994
          ],
          [
            -123.07927787260326,
            44.050627384644905
          ],
          [
            -123.07927338757105,
            44.05062576093862
          ],
          [
            -123.07926891435828,
            44.05062412166276
          ],
          [
            -123.07926478402759,
            44.05062258911862
          ],
          [
            -123.07926066302181,
            44.050621041060374
          ],
          [
            -123.07925622515201,
            44.05061935237724
          ],
          [
            -123.07925182583155,
            44.05061766013624
          ],
          [
            -123.07924773911361,
            44.0506160671962
          ],
          [
            -123.0792433087633,
            44.05061432072004
          ],
          [
            -123.07923924451373,
            44.05061269846773
          ],
          [
            -123.0792348657026,
            44.05061093103737
          ],
          [
            -123.07923082392158,
            44.050609279472816
          ],
          [
            -123.07922646999654,
            44.050607480875655
          ],
          [
            -123.07922245068384,
            44.05060579999887
          ],
          [
            -123.07921844326751,
            44.050604105351646
          ],
          [
            -123.07921412725683,
            44.05060225909098
          ],
          [
            -123.07920982435128,
            44.0506003981325
          ],
          [
            -123.07920585254683,
            44.05059866037492
          ],
          [
            -123.07920189384748,
            44.050596907919626
          ],
          [
            -123.079197630142,
            44.050595000169515
          ],
          [
            -123.07919369523522,
            44.0505932201734
          ],
          [
            -123.0791894564158,
            44.05059128125648
          ],
          [
            -123.07918527149694,
            44.0505893474446
          ],
          [
            -123.07918133046698,
            44.05058751175947
          ],
          [
            -123.0791720031848,
            44.05058314948016
          ],
          [
            -123.07916266195383,
            44.05057878210766
          ],
          [
            -123.07915916437791,
            44.050577157166344
          ],
          [
            -123.07915538854668,
            44.05057541865443
          ],
          [
            -123.0791519153042,
            44.050573837291694
          ],
          [
            -123.07914806993537,
            44.050572107527785
          ],
          [
            -123.07914421267074,
            44.05057039153397
          ],
          [
            -123.07914070374073,
            44.05056885148175
          ],
          [
            -123.07913718170606,
            44.05056732612703
          ],
          [
            -123.07913328286351,
            44.05056565967818
          ],
          [
            -123.07912937341075,
            44.05056400787127
          ],
          [
            -123.07912581576534,
            44.05056252562603
          ],
          [
            -123.07912224750966,
            44.050561058022886
          ],
          [
            -123.07911829768788,
            44.05055945483363
          ],
          [
            -123.07911470696455,
            44.050558016542126
          ],
          [
            -123.07911070182426,
            44.05055643349007
          ],
          [
            -123.07910708738608,
            44.050555024537985
          ],
          [
            -123.07910311966627,
            44.05055349918009
          ],
          [
            -123.0790991083702,
            44.05055197659105
          ],
          [
            -123.07909546213979,
            44.0505506124645
          ],
          [
            -123.07909180529919,
            44.05054926297989
          ],
          [
            -123.07908775869974,
            44.05054779069673
          ],
          [
            -123.0790840807155,
            44.050546472295196
          ],
          [
            -123.07908001059329,
            44.05054503384911
          ],
          [
            -123.07907593114655,
            44.05054361091684
          ],
          [
            -123.07907222257884,
            44.05054233641352
          ],
          [
            -123.07906850347784,
            44.050541078351294
          ],
          [
            -123.07906439005171,
            44.05053970749624
          ],
          [
            -123.07906026605383,
            44.050538352182656
          ],
          [
            -123.07905651765498,
            44.050537138890476
          ],
          [
            -123.07905275996994,
            44.05053594201164
          ],
          [
            -123.07904860444874,
            44.05053463782036
          ],
          [
            -123.07904482807615,
            44.0505334710696
          ],
          [
            -123.07904065277383,
            44.05053220063225
          ],
          [
            -123.07903685779047,
            44.05053106580861
          ],
          [
            -123.07903266274542,
            44.05052983002473
          ],
          [
            -123.07902845720545,
            44.050528611581406
          ],
          [
            -123.07902463795158,
            44.05052752231653
          ],
          [
            -123.0790208081643,
            44.050526449492715
          ],
          [
            -123.0790165749195,
            44.05052528388757
          ],
          [
            -123.07901233235012,
            44.050524133796216
          ],
          [
            -123.0790084783691,
            44.05052310833024
          ],
          [
            -123.07900461631083,
            44.05052209835029
          ],
          [
            -123.0790003472838,
            44.0505210010694
          ],
          [
            -123.07899647035633,
            44.050520022933526
          ],
          [
            -123.07899218415787,
            44.050518962049736
          ],
          [
            -123.07898789872796,
            44.0505179191567
          ],
          [
            -123.07898399889245,
            44.050516989250404
          ],
          [
            -123.07897967863767,
            44.05051597864467
          ],
          [
            -123.07897576393304,
            44.05051508058242
          ],
          [
            -123.07897143777035,
            44.050514107023936
          ],
          [
            -123.07896750815814,
            44.050513239906145
          ],
          [
            -123.07896357307827,
            44.0505123909176
          ],
          [
            -123.07895922548518,
            44.05051147095828
          ],
          [
            -123.07895486989159,
            44.0505105682841
          ],
          [
            -123.07895091556848,
            44.05050976564298
          ],
          [
            -123.07894695449197,
            44.050508980259345
          ],
          [
            -123.07894257746801,
            44.05050813118427
          ],
          [
            -123.07893860405522,
            44.05050737848871
          ],
          [
            -123.07893421484867,
            44.05050656569998
          ],
          [
            -123.07892981892712,
            44.05050577106815
          ],
          [
            -123.07892582888081,
            44.0505050673632
          ],
          [
            -123.07892142073828,
            44.0505043081181
          ],
          [
            -123.07891741956445,
            44.050503636173964
          ],
          [
            -123.07891341417007,
            44.05050298233148
          ],
          [
            -123.07890898837725,
            44.0505022775019
          ],
          [
            -123.0789049718554,
            44.050501655420206
          ],
          [
            -123.07890053516556,
            44.05050098774874
          ],
          [
            -123.07889609421679,
            44.05050033727927
          ],
          [
            -123.07889206355577,
            44.05049976413279
          ],
          [
            -123.07888761171,
            44.05049915082137
          ],
          [
            -123.07888357253115,
            44.05049861207891
          ],
          [
            -123.07887911224442,
            44.05049803497065
          ],
          [
            -123.07887506443245,
            44.05049752793363
          ],
          [
            -123.07887101360879,
            44.0504970380709
          ],
          [
            -123.07886654069905,
            44.05049651616685
          ],
          [
            -123.0788624812807,
            44.05049605890913
          ],
          [
            -123.07885798363895,
            44.050495571769325
          ],
          [
            -123.0788539181588,
            44.050495147960646
          ],
          [
            -123.0788494446963,
            44.05049470080127
          ],
          [
            -123.07884495196961,
            44.050494270276786
          ],
          [
            -123.0788408773775,
            44.05049389619202
          ],
          [
            -123.07883679981215,
            44.050493540181094
          ],
          [
            -123.07883229695678,
            44.05049316480545
          ],
          [
            -123.07882779241372,
            44.05049280837544
          ],
          [
            -123.0788237069836,
            44.05049250206069
          ],
          [
            -123.07881919649394,
            44.05049218177838
          ],
          [
            -123.07881510624918,
            44.05049190888498
          ],
          [
            -123.07881101299267,
            44.05049165316592
          ],
          [
            -123.07880649615443,
            44.05049138884884
          ],
          [
            -123.07880239929204,
            44.050491165623875
          ],
          [
            -123.07879787907848,
            44.05049093919816
          ],
          [
            -123.07879335710038,
            44.050490729918984
          ],
          [
            -123.07878925494448,
            44.05049055813385
          ],
          [
            -123.07878472955264,
            44.05049038584655
          ],
          [
            -123.07878062632372,
            44.05049024739963
          ],
          [
            -123.07877652133034,
            44.050490126099355
          ],
          [
            -123.0787719933699,
            44.050490010593684
          ],
          [
            -123.07876746239768,
            44.050489912262265
          ],
          [
            -123.07876335577555,
            44.05048984051956
          ],
          [
            -123.07875924867452,
            44.05048978679533
          ],
          [
            -123.07875471762816,
            44.05048974519012
          ],
          [
            -123.07875018610285,
            44.05048972160331
          ],
          [
            -123.07874607733463,
            44.05048971653714
          ],
          [
            -123.07874197058202,
            44.050489729434034
          ],
          [
            -123.07873743773528,
            44.05048976260116
          ],
          [
            -123.07873290690412,
            44.050489813731275
          ],
          [
            -123.07872879980835,
            44.05048987705757
          ],
          [
            -123.07872429923866,
            44.05048996443141
          ],
          [
            -123.07872019360276,
            44.05049006194009
          ],
          [
            -123.07871563474072,
            44.05049018752485
          ],
          [
            -123.07871153173497,
            44.050490317389105
          ],
          [
            -123.07870742825027,
            44.050490465271764
          ],
          [
            -123.07870290423662,
            44.050490646806956
          ],
          [
            -123.07869837970557,
            44.05049084546104
          ],
          [
            -123.07869428082817,
            44.050491042762765
          ],
          [
            -123.0786901839663,
            44.050491258027584
          ],
          [
            -123.07868566555872,
            44.050491512369796
          ],
          [
            -123.07868157257424,
            44.05049175996247
          ],
          [
            -123.0786770583129,
            44.05049205292931
          ],
          [
            -123.07867254727593,
            44.050492362931905
          ],
          [
            -123.07866846018433,
            44.050492660815486
          ],
          [
            -123.0786639545024,
            44.05049300851551
          ],
          [
            -123.07865987257382,
            44.050493339598816
          ],
          [
            -123.07865579266068,
            44.05049368864512
          ],
          [
            -123.07865129559659,
            44.05049409197787
          ],
          [
            -123.07864680050955,
            44.050494512374115
          ],
          [
            -123.07864273015414,
            44.050494909829126
          ],
          [
            -123.07863866309987,
            44.050495326119005
          ],
          [
            -123.0786341803723,
            44.05049580206485
          ],
          [
            -123.0786296996986,
            44.05049629687322
          ],
          [
            -123.07862564220198,
            44.05049676157182
          ],
          [
            -123.0786215891769,
            44.050497243278556
          ],
          [
            -123.07861712210985,
            44.05049779360882
          ],
          [
            -123.07861265951436,
            44.05049836094716
          ],
          [
            -123.07860861857974,
            44.05049889190665
          ],
          [
            -123.07860458086948,
            44.050499439901984
          ],
          [
            -123.07860013191893,
            44.0505000636618
          ],
          [
            -123.07859569114328,
            44.050500703447
          ],
          [
            -123.07859166797951,
            44.050501299740226
          ],
          [
            -123.07858764932567,
            44.050501913941034
          ],
          [
            -123.07858321716756,
            44.05050260935898
          ],
          [
            -123.07857920866553,
            44.05050325664872
          ],
          [
            -123.07857479180184,
            44.050503988642895
          ],
          [
            -123.07857038065684,
            44.05050473761745
          ],
          [
            -123.0785663879486,
            44.05050543317743
          ],
          [
            -123.07856239967333,
            44.0505061448459
          ],
          [
            -123.07855800712383,
            44.050506949231554
          ],
          [
            -123.07855403149483,
            44.050507693933504
          ],
          [
            -123.07854965045951,
            44.050508534078986
          ],
          [
            -123.0785452776374,
            44.0505093911494
          ],
          [
            -123.07854132033496,
            44.05051018496572
          ],
          [
            -123.07853701223574,
            44.050511066709646
          ],
          [
            -123.07853301554121,
            44.050511902819004
          ],
          [
            -123.07850600084821,
            44.050517600949235
          ],
          [
            -123.07847896049587,
            44.05052331224857
          ],
          [
            -123.07845192754499,
            44.05052902157628
          ],
          [
            -123.07842490410603,
            44.05053471988148
          ],
          [
            -123.07842088990866,
            44.05053555547529
          ],
          [
            -123.07841656442136,
            44.050536439401675
          ],
          [
            -123.07841218000642,
            44.05053731743361
          ],
          [
            -123.07840820092117,
            44.050538098223235
          ],
          [
            -123.07840421483135,
            44.05053886116028
          ],
          [
            -123.07839981065001,
            44.05053968560697
          ],
          [
            -123.07839540071136,
            44.050540492173354
          ],
          [
            -123.07839139758018,
            44.050541206867045
          ],
          [
            -123.07838738873012,
            44.050541904580086
          ],
          [
            -123.07838295898672,
            44.050542656661655
          ],
          [
            -123.07837852473322,
            44.05054339083529
          ],
          [
            -123.07837450129784,
            44.05054403934997
          ],
          [
            -123.0783704708964,
            44.05054467091166
          ],
          [
            -123.07836601804708,
            44.0505453496732
          ],
          [
            -123.07836156318213,
            44.05054601047141
          ],
          [
            -123.07835751815698,
            44.05054659193516
          ],
          [
            -123.07835305173916,
            44.05054721607333
          ],
          [
            -123.0783489978092,
            44.05054776441991
          ],
          [
            -123.07834452229444,
            44.050548350943096
          ],
          [
            -123.07834046070694,
            44.05054886614472
          ],
          [
            -123.07833597488653,
            44.05054941598018
          ],
          [
            -123.07833190564152,
            44.0505498980369
          ],
          [
            -123.0783274120099,
            44.0505504111292
          ],
          [
            -123.07832333510737,
            44.050550860040964
          ],
          [
            -123.07831925494214,
            44.05055129101713
          ],
          [
            -123.07831474898933,
            44.05055174945837
          ],
          [
            -123.07831066116657,
            44.05055214728959
          ],
          [
            -123.0783061498587,
            44.05055256803274
          ],
          [
            -123.0783016340409,
            44.05055297086792
          ],
          [
            -123.07829753783074,
            44.05055331846271
          ],
          [
            -123.07829301665788,
            44.050553683599794
          ],
          [
            -123.07828891528479,
            44.05055399799427
          ],
          [
            -123.0782848131434,
            44.05055429439763
          ],
          [
            -123.07828028335275,
            44.05055460390101
          ],
          [
            -123.07827617480123,
            44.05055486713172
          ],
          [
            -123.0782716409028,
            44.050555138909324
          ],
          [
            -123.07826710495046,
            44.050555391823956
          ],
          [
            -123.07826299175339,
            44.050555604735145
          ],
          [
            -123.07825845173173,
            44.05055582082355
          ],
          [
            -123.07825433454214,
            44.05055599870761
          ],
          [
            -123.07824979165999,
            44.050556177042516
          ],
          [
            -123.07824567184038,
            44.050556322570344
          ],
          [
            -123.07824155249978,
            44.050556450079476
          ],
          [
            -123.07823698229136,
            44.05055657319614
          ],
          [
            -123.07823286032077,
            44.050556668349074
          ],
          [
            -123.07822833593265,
            44.0505567535314
          ],
          [
            -123.07822421246408,
            44.05055681360179
          ],
          [
            -123.07821966397402,
            44.05055686060198
          ],
          [
            -123.07821511350701,
            44.0505568905384
          ],
          [
            -123.07821099038195,
            44.05055690017841
          ],
          [
            -123.07820686527991,
            44.050556892754635
          ],
          [
            -123.0782023161348,
            44.0505568659361
          ],
          [
            -123.07819819331493,
            44.05055682424621
          ],
          [
            -123.07819364380394,
            44.05055675961877
          ],
          [
            -123.07818909598089,
            44.050556676045346
          ],
          [
            -123.0781849735046,
            44.05055658392509
          ],
          [
            -123.07818042660124,
            44.050556463414594
          ],
          [
            -123.07817630636885,
            44.05055633612869
          ],
          [
            -123.07817176163249,
            44.05055617865343
          ],
          [
            -123.07816764372073,
            44.050556018000954
          ],
          [
            -123.07816352757374,
            44.05055584020163
          ],
          [
            -123.07815898790116,
            44.05055562588836
          ],
          [
            -123.07815444870772,
            44.05055539355629
          ],
          [
            -123.07815033668454,
            44.05055516614302
          ],
          [
            -123.07814622642607,
            44.050554921582865
          ],
          [
            -123.07814169479097,
            44.05055463235737
          ],
          [
            -123.07813716488224,
            44.05055432508543
          ],
          [
            -123.07813306120372,
            44.05055402995642
          ],
          [
            -123.07812896053721,
            44.050553717652804
          ],
          [
            -123.07812443818683,
            44.050553353487466
          ],
          [
            -123.07811992009569,
            44.050552972119775
          ],
          [
            -123.07811582600921,
            44.05055260924732
          ],
          [
            -123.0781113137885,
            44.05055218993225
          ],
          [
            -123.07810722697329,
            44.050551792682846
          ],
          [
            -123.07810274700711,
            44.05055133933637
          ],
          [
            -123.07809866750159,
            44.05055090860965
          ],
          [
            -123.07809414203865,
            44.05055041305427
          ],
          [
            -123.07809006859564,
            44.050549948877865
          ],
          [
            -123.07808557909053,
            44.050549418308364
          ],
          [
            -123.07808151295725,
            44.050548920654684
          ],
          [
            -123.07807703189394,
            44.050548353881474
          ],
          [
            -123.07807297435606,
            44.050547823622246
          ],
          [
            -123.07806891983027,
            44.050547276188425
          ],
          [
            -123.07806445263846,
            44.05054665418244
          ],
          [
            -123.07806040791694,
            44.050546073215855
          ],
          [
            -123.0780559516614,
            44.05054541495078
          ],
          [
            -123.07805149958838,
            44.050544737684284
          ],
          [
            -123.07804746900726,
            44.05054410778176
          ],
          [
            -123.07804308067706,
            44.05054340298776
          ],
          [
            -123.07803900713213,
            44.050542731720455
          ],
          [
            -123.07800596226278,
            44.05053722495052
          ],
          [
            -123.07797138555088,
            44.050531454159334
          ],
          [
            -123.07793832877744,
            44.05052593142757
          ],
          [
            -123.07790377059501,
            44.0505201557031
          ],
          [
            -123.07787071247145,
            44.05051463028116
          ],
          [
            -123.07783615675804,
            44.05050885358155
          ],
          [
            -123.07780309860843,
            44.05050332724076
          ],
          [
            -123.07776854415518,
            44.05049755049328
          ],
          [
            -123.07773548477073,
            44.050492024160924
          ],
          [
            -123.07770093033042,
            44.0504862473933
          ],
          [
            -123.07766787095835,
            44.05048072104171
          ],
          [
            -123.07763331653095,
            44.05047494425396
          ],
          [
            -123.07760025841851,
            44.05046941785533
          ],
          [
            -123.07756570404246,
            44.050463641946955
          ],
          [
            -123.07753262890343,
            44.050458125811794
          ],
          [
            -123.07749809975527,
            44.050452414152026
          ],
          [
            -123.07746479051491,
            44.050446999538366
          ]
        ]
      },
      "properties": {
        "OBJECTID": 373,
        "bike_segid": 641,
        "eug_id": null,
        "name": "Ruth Bascom Path - South Bank",
        "ftype": "Shared Use Path",
        "ftypedes": "Shared Use Path",
        "lane_type": null,
        "lane_typedes": null,
        "status": "Built",
        "maint": "UNKNOWN",
        "source": null,
        "easement": null,
        "lane_num": null,
        "lane_placement": null,
        "geofeature_id": "{9ED8C247-A7E5-4546-A5BE-54C899623C9A}",
        "Shape_Length": 1089.0956370618019,
        "layer": "bike_lanes"
      }
    },
    {
      "type": "Feature",
      "id": "bike_lanes_222",
      "geometry": {
        "type": "LineString",
        "coordinates": [
          [
            -123.05096528311975,
            44.048380893724996
          ],
          [
            -123.0510480336116,
            44.04839283579657
          ],
          [
            -123.05149421848353,
            44.04848857459053
          ],
          [
            -123.05161488022425,
            44.04851462220062
          ],
          [
            -123.05169609960949,
            44.04854140167954
          ],
          [
            -123.05176274923622,
            44.048571132331276
          ],
          [
            -123.05181959841782,
            44.04860305925253
          ],
          [
            -123.05191805351569,
            44.048668074687335
          ],
          [
            -123.05197118378796,
            44.04870906558211
          ],
          [
            -123.05202902129349,
            44.0487634561071
          ],
          [
            -123.05208658822589,
            44.048840625208115
          ],
          [
            -123.05214160313204,
            44.048935268428096
          ],
          [
            -123.0522165829952,
            44.049104123058065
          ],
          [
            -123.052512212051,
            44.04981790105062
          ],
          [
            -123.05253760269017,
            44.04989195709833
          ],
          [
            -123.05257391202777,
            44.049982997490524
          ],
          [
            -123.0526155235659,
            44.05007170811826
          ],
          [
            -123.05266945588765,
            44.05015980294355
          ],
          [
            -123.05270528031384,
            44.0502069401684
          ],
          [
            -123.05274755806494,
            44.0502550582531
          ],
          [
            -123.05291306990874,
            44.05040788802283
          ],
          [
            -123.05314658637042,
            44.05060734677746
          ],
          [
            -123.05340581344942,
            44.0508270385317
          ],
          [
            -123.05352966496626,
            44.050922890594414
          ],
          [
            -123.05358268281303,
            44.05095492077646
          ],
          [
            -123.05365655541291,
            44.05099060784214
          ],
          [
            -123.05377752045638,
            44.05104130649694
          ],
          [
            -123.05390251503692,
            44.0510878592224
          ],
          [
            -123.05400733294235,
            44.05112252040152
          ],
          [
            -123.0541679884628,
            44.05116336221693
          ],
          [
            -123.05428541310947,
            44.05118845824792
          ],
          [
            -123.0544224758521,
            44.05121164268619
          ],
          [
            -123.05465161109231,
            44.05124290763144
          ],
          [
            -123.05517814397933,
            44.05132213951804
          ],
          [
            -123.0559437683476,
            44.051437668746715
          ],
          [
            -123.05635313168261,
            44.05149928661718
          ],
          [
            -123.05660771198383,
            44.05153549958893
          ],
          [
            -123.05672987602796,
            44.05154334177377
          ],
          [
            -123.0568215600888,
            44.05154329336564
          ],
          [
            -123.05877272013163,
            44.051460441131574
          ],
          [
            -123.05886361123157,
            44.05146295219116
          ],
          [
            -123.05896841523479,
            44.051474986949735
          ],
          [
            -123.05904334962909,
            44.051491124082816
          ],
          [
            -123.05910972768751,
            44.05151042198643
          ],
          [
            -123.05918871719615,
            44.05153908050571
          ],
          [
            -123.05926100197007,
            44.05157069690963
          ],
          [
            -123.0593623951306,
            44.05161895000814
          ],
          [
            -123.05991163356103,
            44.05189261809288
          ],
          [
            -123.06025315971843,
            44.05206666087631
          ],
          [
            -123.06032170118844,
            44.052095587793566
          ],
          [
            -123.06036981954557,
            44.05211156370475
          ],
          [
            -123.06043368857847,
            44.05212828166532
          ],
          [
            -123.06052461299979,
            44.05214509432569
          ],
          [
            -123.06060466944786,
            44.05215618875413
          ],
          [
            -123.0607535471812,
            44.0521723315531
          ],
          [
            -123.06115087984689,
            44.05220357488717
          ],
          [
            -123.06128332500438,
            44.05221398931115
          ],
          [
            -123.06133410498302,
            44.05221297334467
          ],
          [
            -123.06142994161465,
            44.052199924387345
          ]
        ]
      },
      "properties": {
        "OBJECTID": 374,
        "bike_segid": 643,
        "eug_id": null,
        "name": "Canoe Canal Path",
        "ftype": "Shared Use Path",
        "ftypedes": "Shared Use Path",
        "lane_type": null,
        "lane_typedes": null,
        "status": "Built",
        "maint": "UNKNOWN",
        "source": null,
        "easement": null,
        "lane_num": null,
        "lane_placement": null,
        "geofeature_id": "{36F6D9FF-0853-44A5-AF7E-3365F1A9F269}",
        "Shape_Length": 3405.579107654972,
        "layer": "bike_lanes"
      }
    },
    {
      "type": "Feature",
      "id": "bike_lanes_223",
      "geometry": {
        "type": "LineString",
        "coordinates": [
          [
            -123.06773628921773,
            44.05184127487975
          ],
          [
            -123.0674117780585,
            44.05173308956224
          ],
          [
            -123.0671005004281,
            44.0516197683942
          ],
          [
            -123.06647875748884,
            44.05136912277811
          ],
          [
            -123.06585725242323,
            44.051117134278414
          ],
          [
            -123.06514227541362,
            44.05083057648742
          ],
          [
            -123.0646063711323,
            44.05062019055544
          ],
          [
            -123.06422705799314,
            44.05048703735929
          ],
          [
            -123.06421090932066,
            44.05048226454118
          ]
        ]
      },
      "properties": {
        "OBJECTID": 377,
        "bike_segid": 646,
        "eug_id": null,
        "name": "Ruth Bascom Path - North Bank",
        "ftype": "Shared Use Path",
        "ftypedes": "Shared Use Path",
        "lane_type": null,
        "lane_typedes": null,
        "status": "Built",
        "maint": "UNKNOWN",
        "source": null,
        "easement": null,
        "lane_num": null,
        "lane_placement": null,
        "geofeature_id": "{321B8CC9-BFD7-4D3D-865D-62F7D37F0DBF}",
        "Shape_Length": 1051.3870411031198,
        "layer": "bike_lanes"
      }
    },
    {
      "type": "Feature",
      "id": "bike_lanes_224",
      "geometry": {
        "type": "LineString",
        "coordinates": [
          [
            -123.07174879160898,
            44.050729890639715
          ],
          [
            -123.0717066058145,
            44.05084560673658
          ],
          [
            -123.07133840497247,
            44.05163092219569
          ],
          [
            -123.07112355050482,
            44.052082394900616
          ],
          [
            -123.07094868696677,
            44.052439037823746
          ]
        ]
      },
      "properties": {
        "OBJECTID": 381,
        "bike_segid": 650,
        "eug_id": null,
        "name": "Autzen Conn",
        "ftype": "Shared Use Path",
        "ftypedes": "Shared Use Path",
        "lane_type": null,
        "lane_typedes": null,
        "status": "Built",
        "maint": "UNKNOWN",
        "source": null,
        "easement": null,
        "lane_num": null,
        "lane_placement": null,
        "geofeature_id": "{05B5FC74-3BA2-4DF2-9425-29774A00A6C2}",
        "Shape_Length": 657.7412541860992,
        "layer": "bike_lanes"
      }
    },
    {
      "type": "Feature",
      "id": "bike_lanes_225",
      "geometry": {
        "type": "LineString",
        "coordinates": [
          [
            -123.07094868696677,
            44.052439037823746
          ],
          [
            -123.07091494924008,
            44.052504496354686
          ]
        ]
      },
      "properties": {
        "OBJECTID": 382,
        "bike_segid": 652,
        "eug_id": null,
        "name": "Autzen Conn",
        "ftype": "Shared Use Path",
        "ftypedes": "Shared Use Path",
        "lane_type": null,
        "lane_typedes": null,
        "status": "Built",
        "maint": "UNKNOWN",
        "source": null,
        "easement": null,
        "lane_num": null,
        "lane_placement": null,
        "geofeature_id": "{1A4681F6-5452-4A6F-A080-D17F3D8A3F2E}",
        "Shape_Length": 25.458155821795764,
        "layer": "bike_lanes"
      }
    },
    {
      "type": "Feature",
      "id": "bike_lanes_226",
      "geometry": {
        "type": "LineString",
        "coordinates": [
          [
            -123.05537867516992,
            44.05287384047097
          ],
          [
            -123.05490316808013,
            44.05287672540839
          ],
          [
            -123.05447550832774,
            44.052979031717705
          ]
        ]
      },
      "properties": {
        "OBJECTID": 383,
        "bike_segid": 653,
        "eug_id": null,
        "name": null,
        "ftype": "Accessway",
        "ftypedes": "Accessway",
        "lane_type": null,
        "lane_typedes": null,
        "status": "Built",
        "maint": "UNKNOWN",
        "source": null,
        "easement": null,
        "lane_num": null,
        "lane_placement": null,
        "geofeature_id": "{8CCF38C0-89F6-484F-8A00-6ABDFBF5626A}",
        "Shape_Length": 243.48326052802747,
        "layer": "bike_lanes"
      }
    },
    {
      "type": "Feature",
      "id": "bike_lanes_227",
      "geometry": {
        "type": "LineString",
        "coordinates": [
          [
            -123.09273164963166,
            44.05106582047794
          ],
          [
            -123.092729563032,
            44.05156871283228
          ],
          [
            -123.09272818101182,
            44.05212363075768
          ]
        ]
      },
      "properties": {
        "OBJECTID": 384,
        "bike_segid": 654,
        "eug_id": null,
        "name": null,
        "ftype": "Route",
        "ftypedes": "Route",
        "lane_type": null,
        "lane_typedes": null,
        "status": "Built",
        "maint": "UNKNOWN",
        "source": null,
        "easement": null,
        "lane_num": null,
        "lane_placement": null,
        "geofeature_id": "{16E5F991-96D4-4CA3-9B1B-E0682C9FFA2C}",
        "Shape_Length": 385.62557912859734,
        "layer": "bike_lanes"
      }
    },
    {
      "type": "Feature",
      "id": "bike_lanes_228",
      "geometry": {
        "type": "LineString",
        "coordinates": [
          [
            -123.07045700833726,
            44.05250349677103
          ],
          [
            -123.07048936495346,
            44.05262497279852
          ],
          [
            -123.07050677786177,
            44.05267126365693
          ],
          [
            -123.07052982539702,
            44.05271647622564
          ],
          [
            -123.07061117790937,
            44.05280530485609
          ]
        ]
      },
      "properties": {
        "OBJECTID": 387,
        "bike_segid": 657,
        "eug_id": null,
        "name": "Autzen Conn",
        "ftype": "Shared Use Path",
        "ftypedes": "Shared Use Path",
        "lane_type": null,
        "lane_typedes": null,
        "status": "Built",
        "maint": "UNKNOWN",
        "source": null,
        "easement": null,
        "lane_num": null,
        "lane_placement": null,
        "geofeature_id": "{B2297118-ECD1-4350-87B6-7FE7CDF1DB48}",
        "Shape_Length": 118.94840565945634,
        "layer": "bike_lanes"
      }
    },
    {
      "type": "Feature",
      "id": "bike_lanes_229",
      "geometry": {
        "type": "LineString",
        "coordinates": [
          [
            -123.07391322122672,
            44.052784445801485
          ],
          [
            -123.07349391623772,
            44.05278317863916
          ],
          [
            -123.07342551613516,
            44.05278817769993
          ],
          [
            -123.07326344321902,
            44.052806378472525
          ],
          [
            -123.07317194855689,
            44.052805509115714
          ],
          [
            -123.07314517933547,
            44.052807158644704
          ],
          [
            -123.07310119061,
            44.052814036673325
          ],
          [
            -123.07303932786535,
            44.05283190761097
          ],
          [
            -123.0730157965336,
            44.05283612079813
          ],
          [
            -123.07295215422499,
            44.05284314085524
          ],
          [
            -123.07288921564245,
            44.05284423328714
          ],
          [
            -123.07279436558603,
            44.05284097361865
          ],
          [
            -123.07276634724673,
            44.052837685966445
          ],
          [
            -123.07270358202176,
            44.05281999221957
          ],
          [
            -123.07264153787628,
            44.052795545705166
          ],
          [
            -123.07261293688121,
            44.052791094113076
          ],
          [
            -123.07258591487121,
            44.052790444104396
          ],
          [
            -123.0725403455333,
            44.05279732183207
          ],
          [
            -123.0724464451223,
            44.05283044469688
          ],
          [
            -123.07233217875314,
            44.05286375225359
          ],
          [
            -123.07224594472736,
            44.05287881693161
          ],
          [
            -123.07218442643112,
            44.05288288842926
          ],
          [
            -123.07210088721017,
            44.05287680874717
          ],
          [
            -123.07204188519636,
            44.052863309940626
          ],
          [
            -123.0719590835298,
            44.052834771480974
          ],
          [
            -123.07189134705001,
            44.05280174567459
          ],
          [
            -123.0718507440286,
            44.0527682627623
          ],
          [
            -123.07178939517476,
            44.05270643222134
          ],
          [
            -123.07174182831763,
            44.052667936185834
          ],
          [
            -123.07168178114469,
            44.05263727812607
          ],
          [
            -123.07155047749461,
            44.05259526077523
          ],
          [
            -123.07106844395445,
            44.05246346035801
          ],
          [
            -123.07094878315876,
            44.052438834005045
          ]
        ]
      },
      "properties": {
        "OBJECTID": 388,
        "bike_segid": 658,
        "eug_id": null,
        "name": "Ruth Bascom Path - North Bank",
        "ftype": "Shared Use Path",
        "ftypedes": "Shared Use Path",
        "lane_type": null,
        "lane_typedes": null,
        "status": "Built",
        "maint": "UNKNOWN",
        "source": null,
        "easement": null,
        "lane_num": null,
        "lane_placement": null,
        "geofeature_id": "{D36C5B05-4F04-4A34-BD53-726A4EE62483}",
        "Shape_Length": 839.070126297306,
        "layer": "bike_lanes"
      }
    },
    {
      "type": "Feature",
      "id": "bike_lanes_230",
      "geometry": {
        "type": "LineString",
        "coordinates": [
          [
            -123.07061117790937,
            44.05280530485609
          ],
          [
            -123.07052504280557,
            44.05284261209566
          ],
          [
            -123.07048837751898,
            44.05285679753203
          ],
          [
            -123.07037164739221,
            44.05289134891022
          ],
          [
            -123.07031227017588,
            44.05291272529915
          ],
          [
            -123.07023009554146,
            44.052950311981085
          ],
          [
            -123.07014800408786,
            44.052998888769366
          ],
          [
            -123.07010524161603,
            44.05303432150691
          ],
          [
            -123.07006152116382,
            44.05307819321821
          ],
          [
            -123.07002835207467,
            44.053107208019725
          ],
          [
            -123.0698983889961,
            44.05321495224471
          ]
        ]
      },
      "properties": {
        "OBJECTID": 391,
        "bike_segid": 662,
        "eug_id": null,
        "name": "Autzen Conn",
        "ftype": "Shared Use Path",
        "ftypedes": "Shared Use Path",
        "lane_type": null,
        "lane_typedes": null,
        "status": "Built",
        "maint": "UNKNOWN",
        "source": null,
        "easement": null,
        "lane_num": null,
        "lane_placement": null,
        "geofeature_id": "{6D5FB61D-EAFB-43C6-9941-0F613CCDC2C1}",
        "Shape_Length": 244.06851741490615,
        "layer": "bike_lanes"
      }
    },
    {
      "type": "Feature",
      "id": "bike_lanes_231",
      "geometry": {
        "type": "LineString",
        "coordinates": [
          [
            -123.08206297577591,
            44.05169111700979
          ],
          [
            -123.08207017893523,
            44.05166039546635
          ],
          [
            -123.08208372402905,
            44.05163080872072
          ],
          [
            -123.08210330162304,
            44.0516030326496
          ],
          [
            -123.08210430012292,
            44.05160226761071
          ],
          [
            -123.08212048660432,
            44.051588759947
          ],
          [
            -123.08213919650913,
            44.05157706987932
          ],
          [
            -123.08216004067827,
            44.051567439266265
          ],
          [
            -123.08217752858606,
            44.05156147679689
          ],
          [
            -123.08219583401647,
            44.051556969191466
          ],
          [
            -123.08223895758381,
            44.05154946223029
          ],
          [
            -123.08228058590335,
            44.0515384031279
          ],
          [
            -123.08243194623999,
            44.05148627492164
          ],
          [
            -123.0823725966119,
            44.05137867850621
          ],
          [
            -123.08235867392703,
            44.051348609679565
          ],
          [
            -123.08235422473209,
            44.05133574201488
          ],
          [
            -123.08235222770654,
            44.05132255868403
          ],
          [
            -123.08235249736003,
            44.05131114463467
          ],
          [
            -123.08235460647572,
            44.0512998301272
          ],
          [
            -123.08235852799382,
            44.05128877063191
          ],
          [
            -123.08236624519243,
            44.05127237917475
          ],
          [
            -123.08237741768131,
            44.05125705885877
          ],
          [
            -123.08240417488116,
            44.05123818822257
          ],
          [
            -123.08243237086123,
            44.05122044078341
          ],
          [
            -123.08246232442148,
            44.0512036518782
          ],
          [
            -123.0824886564602,
            44.05118847331022
          ],
          [
            -123.08253340393141,
            44.05116750966145
          ],
          [
            -123.08256852661363,
            44.05115131974379
          ],
          [
            -123.08260693053764,
            44.051139633540885
          ],
          [
            -123.08264751639999,
            44.051132785244555
          ],
          [
            -123.08265038007333,
            44.05113245861597
          ],
          [
            -123.08269198483325,
            44.05113396224446
          ],
          [
            -123.08272996052807,
            44.051138358547085
          ],
          [
            -123.08276843021457,
            44.05115427435397
          ],
          [
            -123.08284295627149,
            44.05119768923407
          ],
          [
            -123.08313266438753,
            44.05137887337728
          ],
          [
            -123.08339520869303,
            44.05153655226615
          ],
          [
            -123.083961381537,
            44.05185202117152
          ],
          [
            -123.08447399568715,
            44.05214477694084
          ],
          [
            -123.08541258002799,
            44.05270170612088
          ],
          [
            -123.08560624945862,
            44.05281583202707
          ],
          [
            -123.08605109411636,
            44.05307594375143
          ],
          [
            -123.08608080751495,
            44.05309100549291
          ],
          [
            -123.08614137339988,
            44.05311376442389
          ]
        ]
      },
      "properties": {
        "OBJECTID": 392,
        "bike_segid": 664,
        "eug_id": null,
        "name": "Hilyard Path",
        "ftype": "Shared Use Path",
        "ftypedes": "Shared Use Path",
        "lane_type": null,
        "lane_typedes": null,
        "status": "Built",
        "maint": "UNKNOWN",
        "source": null,
        "easement": null,
        "lane_num": null,
        "lane_placement": null,
        "geofeature_id": "{75EE6EBC-275D-44B7-AD09-0FA5413F4ACC}",
        "Shape_Length": 1478.2751460644586,
        "layer": "bike_lanes"
      }
    },
    {
      "type": "Feature",
      "id": "bike_lanes_232",
      "geometry": {
        "type": "LineString",
        "coordinates": [
          [
            -123.10490857415402,
            44.052698117347994
          ],
          [
            -123.10490903427493,
            44.052146475270355
          ],
          [
            -123.10490866960345,
            44.051597766179576
          ],
          [
            -123.10491251240495,
            44.0512723524179
          ],
          [
            -123.10491103310919,
            44.051135272659195
          ]
        ]
      },
      "properties": {
        "OBJECTID": 393,
        "bike_segid": 3073,
        "eug_id": null,
        "name": "Monroe St",
        "ftype": "Neighborhood Greenway",
        "ftypedes": "Neighborhood Greenway",
        "lane_type": null,
        "lane_typedes": null,
        "status": "Built",
        "maint": "EUG",
        "source": null,
        "easement": null,
        "lane_num": null,
        "lane_placement": null,
        "geofeature_id": "{69942BA0-0624-4796-A6AE-473510645DA3}",
        "Shape_Length": 569.7405370288066,
        "layer": "bike_lanes"
      }
    },
    {
      "type": "Feature",
      "id": "bike_lanes_233",
      "geometry": {
        "type": "LineString",
        "coordinates": [
          [
            -123.08748075403297,
            44.05344467417098
          ],
          [
            -123.08747279722263,
            44.05345370064753
          ],
          [
            -123.0873959064328,
            44.05354267035714
          ],
          [
            -123.08735972390915,
            44.053580164476124
          ],
          [
            -123.087319005018,
            44.053613566527794
          ],
          [
            -123.08726476817738,
            44.053636788293645
          ],
          [
            -123.08720300398925,
            44.05365388760345
          ],
          [
            -123.08713203133466,
            44.05365966248784
          ],
          [
            -123.08706796145303,
            44.05365689717805
          ],
          [
            -123.08701228991882,
            44.05364660822263
          ],
          [
            -123.08696193222728,
            44.053624669410986
          ],
          [
            -123.08684246466558,
            44.05355814946759
          ],
          [
            -123.08655682368621,
            44.053398015123435
          ],
          [
            -123.08618716754441,
            44.05318176612313
          ],
          [
            -123.0861662112366,
            44.053167557382764
          ],
          [
            -123.08614952081454,
            44.053151158375364
          ],
          [
            -123.08614290482146,
            44.05313243790066
          ],
          [
            -123.08614137339988,
            44.05311376442389
          ]
        ]
      },
      "properties": {
        "OBJECTID": 395,
        "bike_segid": 669,
        "eug_id": null,
        "name": null,
        "ftype": "Sidewalk Path",
        "ftypedes": "Sidewalk Path",
        "lane_type": null,
        "lane_typedes": null,
        "status": "Built",
        "maint": "EUG",
        "source": null,
        "easement": null,
        "lane_num": null,
        "lane_placement": null,
        "geofeature_id": "{B8259E58-EC05-47B1-B439-BEEAD4278E9E}",
        "Shape_Length": 463.9706679587773,
        "layer": "bike_lanes"
      }
    },
    {
      "type": "Feature",
      "id": "bike_lanes_234",
      "geometry": {
        "type": "LineString",
        "coordinates": [
          [
            -123.11253186977396,
            44.05324480655406
          ],
          [
            -123.11253161767746,
            44.05323898028537
          ],
          [
            -123.11251128818581,
            44.05215349696507
          ],
          [
            -123.11251051472316,
            44.05169587817654
          ],
          [
            -123.11250898929875,
            44.050913059368725
          ],
          [
            -123.11250335378335,
            44.04993278121054
          ]
        ]
      },
      "properties": {
        "OBJECTID": 396,
        "bike_segid": 670,
        "eug_id": null,
        "name": "Polk St",
        "ftype": "Route",
        "ftypedes": "Route",
        "lane_type": null,
        "lane_typedes": null,
        "status": "Built",
        "maint": "EUG",
        "source": null,
        "easement": null,
        "lane_num": null,
        "lane_placement": null,
        "geofeature_id": "{C937EDC5-6913-4591-BAF4-1C0A8ADBC2E2}",
        "Shape_Length": 1207.438486155873,
        "layer": "bike_lanes"
      }
    },
    {
      "type": "Feature",
      "id": "bike_lanes_235",
      "geometry": {
        "type": "LineString",
        "coordinates": [
          [
            -123.0825508299067,
            44.05457963697995
          ],
          [
            -123.08215496990996,
            44.05415972301529
          ],
          [
            -123.08206779449145,
            44.05409248089094
          ],
          [
            -123.08195747391275,
            44.054027848710135
          ],
          [
            -123.08182947999374,
            44.0539700509321
          ],
          [
            -123.08174333323363,
            44.05393339110248
          ],
          [
            -123.08163107098234,
            44.053891746629155
          ],
          [
            -123.08137864877148,
            44.053802776733704
          ],
          [
            -123.08112622726583,
            44.05371380538648
          ],
          [
            -123.08099896140263,
            44.05367180690756
          ],
          [
            -123.08091221614612,
            44.053648578403475
          ],
          [
            -123.08080831223712,
            44.05363202057575
          ],
          [
            -123.08063966097284,
            44.053621370688475
          ],
          [
            -123.08022569630667,
            44.053603042804966
          ],
          [
            -123.08008571622935,
            44.053592527391544
          ],
          [
            -123.08001373482465,
            44.05358145409628
          ],
          [
            -123.07991544712054,
            44.053559669009246
          ],
          [
            -123.07981395310216,
            44.053532734593276
          ],
          [
            -123.07946312476412,
            44.05343274404023
          ],
          [
            -123.07925169945331,
            44.05336710273797
          ],
          [
            -123.07911945478484,
            44.05331722453828
          ],
          [
            -123.07895135235043,
            44.053246728668235
          ],
          [
            -123.07863407679088,
            44.05310459632445
          ],
          [
            -123.07840868336034,
            44.05299905208321
          ],
          [
            -123.07823265074141,
            44.05291357676371
          ],
          [
            -123.07817631064532,
            44.05288757483991
          ],
          [
            -123.07813938357093,
            44.05287371939004
          ],
          [
            -123.07808970047631,
            44.05286748545316
          ],
          [
            -123.07795693818622,
            44.052855758258225
          ],
          [
            -123.07790843994857,
            44.052843208662104
          ],
          [
            -123.07783154699464,
            44.05281242178008
          ],
          [
            -123.07773805545212,
            44.052767327865986
          ],
          [
            -123.07770367587044,
            44.05274503122001
          ],
          [
            -123.07765700725027,
            44.05270728381585
          ],
          [
            -123.07762807740988,
            44.05267647984464
          ],
          [
            -123.07758708459532,
            44.05263546129948
          ],
          [
            -123.07755379807107,
            44.05260475404705
          ],
          [
            -123.07750154583857,
            44.05257237176874
          ],
          [
            -123.07742610647986,
            44.05254155145151
          ],
          [
            -123.07725072073437,
            44.05248464971309
          ],
          [
            -123.07719342006794,
            44.052470199128784
          ],
          [
            -123.07712609063684,
            44.05245911444277
          ],
          [
            -123.07705480680653,
            44.05245755275875
          ]
        ]
      },
      "properties": {
        "OBJECTID": 397,
        "bike_segid": 674,
        "eug_id": null,
        "name": "Ruth Bascom Path - North Bank",
        "ftype": "Shared Use Path",
        "ftypedes": "Shared Use Path",
        "lane_type": null,
        "lane_typedes": null,
        "status": "Built",
        "maint": "UNKNOWN",
        "source": null,
        "easement": null,
        "lane_num": null,
        "lane_placement": null,
        "geofeature_id": "{0B423DD7-0056-41D8-8CE1-85570E3926C7}",
        "Shape_Length": 1696.459635354836,
        "layer": "bike_lanes"
      }
    },
    {
      "type": "Feature",
      "id": "bike_lanes_236",
      "geometry": {
        "type": "LineString",
        "coordinates": [
          [
            -123.05467121285315,
            44.05490016888623
          ],
          [
            -123.0542815876139,
            44.05479458837158
          ],
          [
            -123.05423722692598,
            44.05477669677976
          ],
          [
            -123.05388772571516,
            44.05459905468407
          ]
        ]
      },
      "properties": {
        "OBJECTID": 398,
        "bike_segid": 678,
        "eug_id": null,
        "name": null,
        "ftype": "Accessway",
        "ftypedes": "Accessway",
        "lane_type": null,
        "lane_typedes": null,
        "status": "Built",
        "maint": "UNKNOWN",
        "source": null,
        "easement": null,
        "lane_num": null,
        "lane_placement": null,
        "geofeature_id": "{1DBACBAC-6DF3-4DF9-A34E-B7FC7E71926D}",
        "Shape_Length": 235.20296725569943,
        "layer": "bike_lanes"
      }
    },
    {
      "type": "Feature",
      "id": "bike_lanes_237",
      "geometry": {
        "type": "LineString",
        "coordinates": [
          [
            -123.05822346335768,
            44.0548403616988
          ],
          [
            -123.05820534012022,
            44.054796426803
          ],
          [
            -123.05818803563052,
            44.054765362034054
          ],
          [
            -123.05817104174245,
            44.054741627690255
          ],
          [
            -123.05815281782594,
            44.05472316161481
          ],
          [
            -123.05812733443868,
            44.054704855504276
          ],
          [
            -123.05810325735308,
            44.05468547034669
          ],
          [
            -123.05808789290302,
            44.05466589319852
          ],
          [
            -123.05808401299304,
            44.054642917923424
          ],
          [
            -123.05809174948818,
            44.054619686676254
          ],
          [
            -123.05811871806863,
            44.05460441786425
          ],
          [
            -123.05813089898957,
            44.05458318568441
          ],
          [
            -123.05813001158003,
            44.05456224057402
          ],
          [
            -123.0581212921125,
            44.05453996349796
          ],
          [
            -123.05806870936122,
            44.05441893934938
          ],
          [
            -123.05806605955537,
            44.05439069669974
          ],
          [
            -123.05806750041798,
            44.05435607379036
          ],
          [
            -123.05807092437273,
            44.054333986522664
          ],
          [
            -123.05808301649415,
            44.05431065929427
          ],
          [
            -123.05810096304648,
            44.05428825201201
          ],
          [
            -123.05812779835072,
            44.05426984106875
          ],
          [
            -123.05824872448183,
            44.05420813775482
          ]
        ]
      },
      "properties": {
        "OBJECTID": 399,
        "bike_segid": 679,
        "eug_id": null,
        "name": "Marche Chase Park Path",
        "ftype": "Shared Use Path",
        "ftypedes": "Shared Use Path",
        "lane_type": null,
        "lane_typedes": null,
        "status": "Built",
        "maint": "EUG",
        "source": null,
        "easement": null,
        "lane_num": null,
        "lane_placement": null,
        "geofeature_id": "{35B9CE95-418A-4991-8E5F-89E6F095CDB1}",
        "Shape_Length": 269.15340435309935,
        "layer": "bike_lanes"
      }
    },
    {
      "type": "Feature",
      "id": "bike_lanes_238",
      "geometry": {
        "type": "LineString",
        "coordinates": [
          [
            -123.08816882667197,
            44.054281886966365
          ],
          [
            -123.0881803310095,
            44.05351447026967
          ],
          [
            -123.08821813310469,
            44.05348331550283
          ]
        ]
      },
      "properties": {
        "OBJECTID": 400,
        "bike_segid": 682,
        "eug_id": null,
        "name": null,
        "ftype": "Route",
        "ftypedes": "Route",
        "lane_type": null,
        "lane_typedes": null,
        "status": "Built",
        "maint": "UNKNOWN",
        "source": null,
        "easement": null,
        "lane_num": null,
        "lane_placement": null,
        "geofeature_id": "{787296B0-9944-4E0C-B872-7A388282A6B5}",
        "Shape_Length": 294.87014019171255,
        "layer": "bike_lanes"
      }
    },
    {
      "type": "Feature",
      "id": "bike_lanes_239",
      "geometry": {
        "type": "LineString",
        "coordinates": [
          [
            -123.08967327562512,
            44.05328324199804
          ],
          [
            -123.08962647484172,
            44.053147065023374
          ],
          [
            -123.08963678816013,
            44.05267894998547
          ],
          [
            -123.08962585708669,
            44.05211601576149
          ],
          [
            -123.08962397298059,
            44.051066238020276
          ]
        ]
      },
      "properties": {
        "OBJECTID": 402,
        "bike_segid": 687,
        "eug_id": null,
        "name": null,
        "ftype": "Bike Lane",
        "ftypedes": "Bike Lane",
        "lane_type": null,
        "lane_typedes": null,
        "status": "Built",
        "maint": "UNKNOWN",
        "source": null,
        "easement": null,
        "lane_num": null,
        "lane_placement": "Setback",
        "geofeature_id": "{1F14F172-6D2F-403D-9011-14DDF6993B92}",
        "Shape_Length": 809.7525087333423,
        "layer": "bike_lanes"
      }
    },
    {
      "type": "Feature",
      "id": "bike_lanes_240",
      "geometry": {
        "type": "LineString",
        "coordinates": [
          [
            -123.09425261029322,
            44.05428959747726
          ],
          [
            -123.09425256467854,
            44.05378151183656
          ],
          [
            -123.09425265057057,
            44.05356209284156
          ],
          [
            -123.09425633847518,
            44.05348999809866
          ],
          [
            -123.094252693555,
            44.05345238423558
          ],
          [
            -123.0942527794461,
            44.05323296520833
          ],
          [
            -123.09425423595243,
            44.05268010658265
          ],
          [
            -123.09425618201705,
            44.052127571828954
          ],
          [
            -123.09425781505094,
            44.05157882292324
          ],
          [
            -123.09426170251736,
            44.05106801779202
          ]
        ]
      },
      "properties": {
        "OBJECTID": 403,
        "bike_segid": 688,
        "eug_id": null,
        "name": null,
        "ftype": "Shared Lane",
        "ftypedes": "Shared Lane",
        "lane_type": null,
        "lane_typedes": null,
        "status": "Built",
        "maint": "EUG",
        "source": null,
        "easement": null,
        "lane_num": null,
        "lane_placement": null,
        "geofeature_id": "{515BF654-8DA5-480E-8565-A4CCA76912D5}",
        "Shape_Length": 1174.4821214235965,
        "layer": "bike_lanes"
      }
    },
    {
      "type": "Feature",
      "id": "bike_lanes_241",
      "geometry": {
        "type": "LineString",
        "coordinates": [
          [
            -123.09582331639092,
            44.054295143552686
          ],
          [
            -123.09582691117254,
            44.0540330083806
          ],
          [
            -123.09582794915124,
            44.05325039521342
          ],
          [
            -123.0958288595768,
            44.05284895474801
          ],
          [
            -123.09582461415353,
            44.05213554631818
          ]
        ]
      },
      "properties": {
        "OBJECTID": 404,
        "bike_segid": 689,
        "eug_id": null,
        "name": null,
        "ftype": "Bike Lane",
        "ftypedes": "Bike Lane",
        "lane_type": null,
        "lane_typedes": null,
        "status": "Built",
        "maint": "UNKNOWN",
        "source": null,
        "easement": null,
        "lane_num": null,
        "lane_placement": "Curbside",
        "geofeature_id": "{53F6A85F-9851-42F2-ADEF-CCC5B995358F}",
        "Shape_Length": 787.2885120529515,
        "layer": "bike_lanes"
      }
    },
    {
      "type": "Feature",
      "id": "bike_lanes_242",
      "geometry": {
        "type": "LineString",
        "coordinates": [
          [
            -123.09728753961537,
            44.0542953181647
          ],
          [
            -123.09723686030306,
            44.05423524086566
          ],
          [
            -123.0972423949401,
            44.05368813781347
          ],
          [
            -123.09724484130169,
            44.05273134475094
          ],
          [
            -123.09724630619432,
            44.052273907195904
          ],
          [
            -123.09724936860073,
            44.05197652552072
          ],
          [
            -123.09724769365629,
            44.05096824250733
          ]
        ]
      },
      "properties": {
        "OBJECTID": 405,
        "bike_segid": 693,
        "eug_id": null,
        "name": "Lincoln St",
        "ftype": "Buffered Bike Lane",
        "ftypedes": "Buffered Bike Lane",
        "lane_type": null,
        "lane_typedes": null,
        "status": "Built",
        "maint": "EUG",
        "source": null,
        "easement": null,
        "lane_num": 1,
        "lane_placement": "Curbside",
        "geofeature_id": "{EE37E241-6ADC-4469-92B6-19E34F0D32A2}",
        "Shape_Length": 1216.6291635993982,
        "layer": "bike_lanes"
      }
    },
    {
      "type": "Feature",
      "id": "bike_lanes_243",
      "geometry": {
        "type": "LineString",
        "coordinates": [
          [
            -123.10045857268257,
            44.053409328565074
          ],
          [
            -123.10054640031437,
            44.05349121840995
          ],
          [
            -123.10059875709588,
            44.05352765448019
          ],
          [
            -123.10054931379962,
            44.05362637398277
          ],
          [
            -123.10053042019688,
            44.05369388271233
          ],
          [
            -123.10053052868885,
            44.053797654510355
          ],
          [
            -123.100536599466,
            44.05383735147392
          ],
          [
            -123.10056454071007,
            44.05387865374033
          ],
          [
            -123.10060505505562,
            44.053908144667666
          ],
          [
            -123.10063852472199,
            44.05397657738654
          ],
          [
            -123.10064775173437,
            44.05408957842751
          ],
          [
            -123.10062935426676,
            44.054168606611874
          ],
          [
            -123.1005502933818,
            44.054225178986115
          ],
          [
            -123.10046570421207,
            44.054249841485344
          ],
          [
            -123.10045306233077,
            44.05429203125124
          ]
        ]
      },
      "properties": {
        "OBJECTID": 406,
        "bike_segid": 695,
        "eug_id": null,
        "name": "Wash/Jeff Park E",
        "ftype": "Shared Use Path",
        "ftypedes": "Shared Use Path",
        "lane_type": null,
        "lane_typedes": null,
        "status": "Built",
        "maint": "UNKNOWN",
        "source": null,
        "easement": null,
        "lane_num": null,
        "lane_placement": null,
        "geofeature_id": "{07B6C389-44EC-494B-A0FB-C0B8F7104AE5}",
        "Shape_Length": 370.45331868779317,
        "layer": "bike_lanes"
      }
    },
    {
      "type": "Feature",
      "id": "bike_lanes_244",
      "geometry": {
        "type": "LineString",
        "coordinates": [
          [
            -123.09881144250974,
            44.05429245095449
          ],
          [
            -123.09883056465289,
            44.05320123309328
          ],
          [
            -123.09884348133187,
            44.05213095923843
          ],
          [
            -123.09884370366038,
            44.05200350840336
          ],
          [
            -123.09884608364148,
            44.05092271903458
          ],
          [
            -123.09884093069975,
            44.049918885207006
          ]
        ]
      },
      "properties": {
        "OBJECTID": 407,
        "bike_segid": 696,
        "eug_id": null,
        "name": "Lincoln/Lawrence",
        "ftype": "Route",
        "ftypedes": "Route",
        "lane_type": null,
        "lane_typedes": null,
        "status": "Built",
        "maint": "EUG",
        "source": null,
        "easement": null,
        "lane_num": null,
        "lane_placement": null,
        "geofeature_id": "{41CA5E0E-1D97-47A8-BC8D-3D7936A11041}",
        "Shape_Length": 1594.432080690248,
        "layer": "bike_lanes"
      }
    },
    {
      "type": "Feature",
      "id": "bike_lanes_245",
      "geometry": {
        "type": "LineString",
        "coordinates": [
          [
            -123.10184070854473,
            44.05337977535356
          ],
          [
            -123.10169780915267,
            44.05350767684808
          ],
          [
            -123.10156386388992,
            44.05366676826754
          ],
          [
            -123.10153792835361,
            44.05381554879527
          ],
          [
            -123.10154195974083,
            44.053909112172015
          ],
          [
            -123.10158066160325,
            44.0540566170154
          ],
          [
            -123.10168298226567,
            44.054179195535085
          ],
          [
            -123.10179111964891,
            44.05429544612173
          ]
        ]
      },
      "properties": {
        "OBJECTID": 408,
        "bike_segid": 697,
        "eug_id": null,
        "name": "Wash/Jeff Park W",
        "ftype": "Shared Use Path",
        "ftypedes": "Shared Use Path",
        "lane_type": null,
        "lane_typedes": null,
        "status": "Built",
        "maint": "UNKNOWN",
        "source": null,
        "easement": null,
        "lane_num": null,
        "lane_placement": null,
        "geofeature_id": "{25399ABA-8DB4-4CD1-9E6D-7B92568132DF}",
        "Shape_Length": 374.43771212309497,
        "layer": "bike_lanes"
      }
    },
    {
      "type": "Feature",
      "id": "bike_lanes_246",
      "geometry": {
        "type": "LineString",
        "coordinates": [
          [
            -123.10490873140381,
            44.05431295104779
          ],
          [
            -123.10490892392892,
            44.053246480748214
          ],
          [
            -123.10490857415402,
            44.052698117347994
          ]
        ]
      },
      "properties": {
        "OBJECTID": 409,
        "bike_segid": 3074,
        "eug_id": null,
        "name": "Monroe St",
        "ftype": "Neighborhood Greenway",
        "ftypedes": "Neighborhood Greenway",
        "lane_type": null,
        "lane_typedes": null,
        "status": "Built",
        "maint": "EUG",
        "source": null,
        "easement": null,
        "lane_num": null,
        "lane_placement": null,
        "geofeature_id": "{D39F8A96-91DC-431D-AE6F-DE39F22F84E2}",
        "Shape_Length": 588.687685078351,
        "layer": "bike_lanes"
      }
    },
    {
      "type": "Feature",
      "id": "bike_lanes_247",
      "geometry": {
        "type": "LineString",
        "coordinates": [
          [
            -123.08440185804254,
            44.05438505824549
          ],
          [
            -123.08434572503518,
            44.054226868988025
          ],
          [
            -123.08429775262526,
            44.054063082136956
          ],
          [
            -123.08423621473457,
            44.05389102004888
          ],
          [
            -123.08416110904824,
            44.053710683655424
          ],
          [
            -123.08406508580543,
            44.05353557773725
          ],
          [
            -123.08393384627392,
            44.05334029163576
          ],
          [
            -123.08385491310867,
            44.05322483920009
          ],
          [
            -123.08366185209302,
            44.05300519992158
          ],
          [
            -123.08349680691309,
            44.05285354629869
          ],
          [
            -123.0833393000531,
            44.05272364309199
          ],
          [
            -123.08321518535593,
            44.052633018425446
          ],
          [
            -123.08308640097265,
            44.05255679136351
          ],
          [
            -123.08303052785129,
            44.05251705928952
          ],
          [
            -123.08297044907978,
            44.05248156710273
          ],
          [
            -123.08283267357108,
            44.05238046553319
          ],
          [
            -123.08267662122138,
            44.052286722409974
          ],
          [
            -123.08247694608802,
            44.052160673526274
          ],
          [
            -123.08200057428057,
            44.05189903746558
          ],
          [
            -123.08197814526625,
            44.05188696588095
          ],
          [
            -123.08180027501696,
            44.0518141828538
          ],
          [
            -123.08157326634964,
            44.05170294416559
          ],
          [
            -123.08132764781726,
            44.05158370014974
          ],
          [
            -123.08110596989124,
            44.05147618493527
          ]
        ]
      },
      "properties": {
        "OBJECTID": 410,
        "bike_segid": 702,
        "eug_id": null,
        "name": "Ruth Bascom Path - South Bank",
        "ftype": "Shared Use Path",
        "ftypedes": "Shared Use Path",
        "lane_type": null,
        "lane_typedes": null,
        "status": "Built",
        "maint": "UNKNOWN",
        "source": null,
        "easement": null,
        "lane_num": null,
        "lane_placement": null,
        "geofeature_id": "{D9F7E83D-F124-45D7-A59D-51B7272D7059}",
        "Shape_Length": 1421.5725865821673,
        "layer": "bike_lanes"
      }
    },
    {
      "type": "Feature",
      "id": "bike_lanes_248",
      "geometry": {
        "type": "LineString",
        "coordinates": [
          [
            -123.0698983889961,
            44.05321495224471
          ],
          [
            -123.0696873722063,
            44.0533609843842
          ],
          [
            -123.06959974832012,
            44.05342462344928
          ],
          [
            -123.06957943371809,
            44.05344754963676
          ],
          [
            -123.06956604898961,
            44.05347114088701
          ],
          [
            -123.06954313161744,
            44.0535963724642
          ],
          [
            -123.06949578336254,
            44.053733767963315
          ],
          [
            -123.06947602109821,
            44.05382324708309
          ],
          [
            -123.06946946467276,
            44.05388906599247
          ],
          [
            -123.06947050094392,
            44.053971564103854
          ],
          [
            -123.06947868561242,
            44.05403735836455
          ],
          [
            -123.06949163550104,
            44.054095664826136
          ],
          [
            -123.06950682490697,
            44.054142375973285
          ],
          [
            -123.06952548008071,
            44.05418629842183
          ],
          [
            -123.06957906801567,
            44.05428575194013
          ],
          [
            -123.06961899942002,
            44.05437225303127
          ],
          [
            -123.06963999769869,
            44.054431506813486
          ],
          [
            -123.06966186080075,
            44.054501252637905
          ],
          [
            -123.06968577407223,
            44.05454090245486
          ],
          [
            -123.06972382457249,
            44.05459687229287
          ],
          [
            -123.06978451913727,
            44.054663869501155
          ],
          [
            -123.06985331404388,
            44.05475095791412
          ],
          [
            -123.06991521260473,
            44.054841160346534
          ],
          [
            -123.06996478246407,
            44.054926467419115
          ],
          [
            -123.06999025666592,
            44.054981455929976
          ],
          [
            -123.07001679167129,
            44.05505350410824
          ],
          [
            -123.07003891702702,
            44.05513021669479
          ],
          [
            -123.07005638029516,
            44.055238748829886
          ]
        ]
      },
      "properties": {
        "OBJECTID": 411,
        "bike_segid": 703,
        "eug_id": null,
        "name": "Autzen Conn",
        "ftype": "Shared Use Path",
        "ftypedes": "Shared Use Path",
        "lane_type": null,
        "lane_typedes": null,
        "status": "Built",
        "maint": "UNKNOWN",
        "source": null,
        "easement": null,
        "lane_num": null,
        "lane_placement": null,
        "geofeature_id": "{13FA1CB7-96C7-497D-9AEE-965DEF668A5B}",
        "Shape_Length": 805.2727745475311,
        "layer": "bike_lanes"
      }
    },
    {
      "type": "Feature",
      "id": "bike_lanes_249",
      "geometry": {
        "type": "LineString",
        "coordinates": [
          [
            -123.11251578886997,
            44.0543537612185
          ],
          [
            -123.11253186977396,
            44.05324480655406
          ]
        ]
      },
      "properties": {
        "OBJECTID": 412,
        "bike_segid": 704,
        "eug_id": null,
        "name": null,
        "ftype": "Route",
        "ftypedes": "Route",
        "lane_type": null,
        "lane_typedes": null,
        "status": "Built",
        "maint": "UNKNOWN",
        "source": null,
        "easement": null,
        "lane_num": null,
        "lane_placement": null,
        "geofeature_id": "{48A13072-B416-48C1-9E3B-75290698605A}",
        "Shape_Length": 404.29160675432547,
        "layer": "bike_lanes"
      }
    },
    {
      "type": "Feature",
      "id": "bike_lanes_250",
      "geometry": {
        "type": "LineString",
        "coordinates": [
          [
            -123.11251578886997,
            44.0543537612185
          ],
          [
            -123.11249730343746,
            44.05435537926879
          ],
          [
            -123.11099494028946,
            44.05435178641475
          ],
          [
            -123.11082520540562,
            44.0543515151382
          ],
          [
            -123.10947121819838,
            44.05434934035435
          ],
          [
            -123.1081336551861,
            44.05434622253501
          ]
        ]
      },
      "properties": {
        "OBJECTID": 413,
        "bike_segid": 705,
        "eug_id": null,
        "name": null,
        "ftype": "Route",
        "ftypedes": "Route",
        "lane_type": null,
        "lane_typedes": null,
        "status": "Built",
        "maint": "UNKNOWN",
        "source": null,
        "easement": null,
        "lane_num": null,
        "lane_placement": null,
        "geofeature_id": "{F87FB0F2-F020-4430-9AEB-5AC2FE704930}",
        "Shape_Length": 1152.1347006483818,
        "layer": "bike_lanes"
      }
    },
    {
      "type": "Feature",
      "id": "bike_lanes_251",
      "geometry": {
        "type": "LineString",
        "coordinates": [
          [
            -123.05043935469403,
            44.05565330223102
          ],
          [
            -123.05033173863997,
            44.05566112634861
          ]
        ]
      },
      "properties": {
        "OBJECTID": 414,
        "bike_segid": 706,
        "eug_id": null,
        "name": null,
        "ftype": "Bike Lane",
        "ftypedes": "Bike Lane",
        "lane_type": null,
        "lane_typedes": null,
        "status": "Built",
        "maint": "UNKNOWN",
        "source": null,
        "easement": null,
        "lane_num": null,
        "lane_placement": null,
        "geofeature_id": "{0BBDFDAD-D195-49E0-865C-0456523EB5D0}",
        "Shape_Length": 28.43582444104959,
        "layer": "bike_lanes"
      }
    },
    {
      "type": "Feature",
      "id": "bike_lanes_252",
      "geometry": {
        "type": "LineString",
        "coordinates": [
          [
            -123.0519515893857,
            44.05620346657366
          ],
          [
            -123.05193296261335,
            44.056185240721646
          ],
          [
            -123.05190004126361,
            44.05616290368307
          ],
          [
            -123.05185867394076,
            44.05614704238883
          ],
          [
            -123.05180608700002,
            44.05614086104621
          ],
          [
            -123.05173325775634,
            44.056137220708464
          ],
          [
            -123.05132788941027,
            44.05614088886381
          ],
          [
            -123.05121004399008,
            44.05613823749002
          ],
          [
            -123.05092458298068,
            44.05612459465101
          ],
          [
            -123.05061016814234,
            44.05611368334228
          ],
          [
            -123.05053857102324,
            44.05610477493951
          ],
          [
            -123.05047828091031,
            44.05608827903925
          ],
          [
            -123.0504235799446,
            44.05606642097435
          ],
          [
            -123.0503829117435,
            44.05603272426161
          ],
          [
            -123.05035540192505,
            44.05600083456867
          ],
          [
            -123.05033770299295,
            44.055960343146374
          ],
          [
            -123.05031977510598,
            44.055880025464575
          ],
          [
            -123.05032340946055,
            44.05580967588006
          ]
        ]
      },
      "properties": {
        "OBJECTID": 415,
        "bike_segid": 707,
        "eug_id": null,
        "name": "Garden Way Path",
        "ftype": "Shared Use Path",
        "ftypedes": "Shared Use Path",
        "lane_type": null,
        "lane_typedes": null,
        "status": "Built",
        "maint": "EUG",
        "source": null,
        "easement": null,
        "lane_num": null,
        "lane_placement": null,
        "geofeature_id": "{6341F718-A8A9-4141-8FB3-67B639B4720F}",
        "Shape_Length": 514.4668957264483,
        "layer": "bike_lanes"
      }
    },
    {
      "type": "Feature",
      "id": "bike_lanes_253",
      "geometry": {
        "type": "LineString",
        "coordinates": [
          [
            -123.05305927850468,
            44.05558557426583
          ],
          [
            -123.05189304539657,
            44.055627075236735
          ],
          [
            -123.0510513499012,
            44.055642715276505
          ],
          [
            -123.05043935469403,
            44.05565330223102
          ]
        ]
      },
      "properties": {
        "OBJECTID": 416,
        "bike_segid": 708,
        "eug_id": null,
        "name": null,
        "ftype": "Bike Lane",
        "ftypedes": "Bike Lane",
        "lane_type": null,
        "lane_typedes": null,
        "status": "Built",
        "maint": "UNKNOWN",
        "source": null,
        "easement": null,
        "lane_num": null,
        "lane_placement": "Curbside",
        "geofeature_id": "{914AFB4D-DF1B-470C-8FB1-4A9D1B6BD6D0}",
        "Shape_Length": 689.2747896933247,
        "layer": "bike_lanes"
      }
    },
    {
      "type": "Feature",
      "id": "bike_lanes_254",
      "geometry": {
        "type": "LineString",
        "coordinates": [
          [
            -123.1184408401188,
            44.05436023734207
          ],
          [
            -123.11703880307269,
            44.0543584070947
          ],
          [
            -123.11571416099513,
            44.05435069309822
          ],
          [
            -123.11563732373733,
            44.054344877160865
          ],
          [
            -123.11560131857651,
            44.054326307113634
          ],
          [
            -123.11555372071408,
            44.05435891725055
          ],
          [
            -123.11552521552969,
            44.054392343364626
          ],
          [
            -123.11550393475859,
            44.05437326865959
          ],
          [
            -123.11545345750861,
            44.054361026750875
          ],
          [
            -123.11539115912989,
            44.05435042336681
          ],
          [
            -123.11527335496908,
            44.054349810684066
          ],
          [
            -123.11516305483111,
            44.05434955377369
          ],
          [
            -123.11494768889244,
            44.054350695536556
          ],
          [
            -123.11403805585356,
            44.054355513990224
          ],
          [
            -123.11251578886997,
            44.0543537612185
          ]
        ]
      },
      "properties": {
        "OBJECTID": 417,
        "bike_segid": 711,
        "eug_id": null,
        "name": null,
        "ftype": "Route",
        "ftypedes": "Route",
        "lane_type": null,
        "lane_typedes": null,
        "status": "Built",
        "maint": "UNKNOWN",
        "source": null,
        "easement": null,
        "lane_num": null,
        "lane_placement": null,
        "geofeature_id": "{DB2F3B0F-3655-4271-8266-23DACC013475}",
        "Shape_Length": 1576.1102268248733,
        "layer": "bike_lanes"
      }
    },
    {
      "type": "Feature",
      "id": "bike_lanes_255",
      "geometry": {
        "type": "LineString",
        "coordinates": [
          [
            -123.11869060352456,
            44.05435939546448
          ],
          [
            -123.12017057947033,
            44.054348747996166
          ]
        ]
      },
      "properties": {
        "OBJECTID": 418,
        "bike_segid": 712,
        "eug_id": null,
        "name": "5th Ave",
        "ftype": "Route",
        "ftypedes": "Route",
        "lane_type": null,
        "lane_typedes": null,
        "status": "Built",
        "maint": "EUG",
        "source": null,
        "easement": null,
        "lane_num": null,
        "lane_placement": null,
        "geofeature_id": "{5E3B6240-C61E-4E31-88D7-CEEDCE2D825F}",
        "Shape_Length": 389.1155146873261,
        "layer": "bike_lanes"
      }
    },
    {
      "type": "Feature",
      "id": "bike_lanes_256",
      "geometry": {
        "type": "LineString",
        "coordinates": [
          [
            -123.06283582552317,
            44.05507522192199
          ],
          [
            -123.06272863484317,
            44.05479892811304
          ],
          [
            -123.06267395163833,
            44.05466749868643
          ],
          [
            -123.06254072389457,
            44.05434396239367
          ],
          [
            -123.06245616279207,
            44.05416658543975
          ],
          [
            -123.06239332471117,
            44.054055815266
          ],
          [
            -123.06228434552239,
            44.053885267286205
          ],
          [
            -123.06221464609312,
            44.05378408095387
          ],
          [
            -123.06211189112703,
            44.053657420055224
          ],
          [
            -123.06203922645312,
            44.05356095498573
          ],
          [
            -123.06191451720227,
            44.05339029012146
          ],
          [
            -123.06186458561413,
            44.053309632933484
          ],
          [
            -123.06180871212301,
            44.053225960883616
          ],
          [
            -123.06174415648167,
            44.05310893813071
          ],
          [
            -123.06168708375925,
            44.05299699139266
          ],
          [
            -123.06165149479534,
            44.05291182359058
          ],
          [
            -123.06160586202824,
            44.05279543214575
          ],
          [
            -123.06156440600506,
            44.052674755394655
          ],
          [
            -123.06153952945402,
            44.052586828275956
          ]
        ]
      },
      "properties": {
        "OBJECTID": 419,
        "bike_segid": 715,
        "eug_id": null,
        "name": "Walnut Path",
        "ftype": "Shared Use Path",
        "ftypedes": "Shared Use Path",
        "lane_type": null,
        "lane_typedes": null,
        "status": "Built",
        "maint": "EUG",
        "source": null,
        "easement": null,
        "lane_num": null,
        "lane_placement": null,
        "geofeature_id": "{DD97EBB8-29DF-44EB-9A6B-8FE5203D83D4}",
        "Shape_Length": 973.1569208268215,
        "layer": "bike_lanes"
      }
    },
    {
      "type": "Feature",
      "id": "bike_lanes_257",
      "geometry": {
        "type": "LineString",
        "coordinates": [
          [
            -123.0881276016941,
            44.054361910645696
          ],
          [
            -123.0881228788111,
            44.0553610339794
          ]
        ]
      },
      "properties": {
        "OBJECTID": 420,
        "bike_segid": 718,
        "eug_id": null,
        "name": null,
        "ftype": "Route",
        "ftypedes": "Route",
        "lane_type": null,
        "lane_typedes": null,
        "status": "Built",
        "maint": "UNKNOWN",
        "source": null,
        "easement": null,
        "lane_num": null,
        "lane_placement": null,
        "geofeature_id": "{BE9D9732-B575-4D26-9222-4F832A3A1261}",
        "Shape_Length": 364.23277015462213,
        "layer": "bike_lanes"
      }
    },
    {
      "type": "Feature",
      "id": "bike_lanes_258",
      "geometry": {
        "type": "LineString",
        "coordinates": [
          [
            -123.0881228788111,
            44.0553610339794
          ],
          [
            -123.08812479999513,
            44.05541039603697
          ],
          [
            -123.08812474124592,
            44.05545801584267
          ]
        ]
      },
      "properties": {
        "OBJECTID": 421,
        "bike_segid": 719,
        "eug_id": null,
        "name": null,
        "ftype": "Route",
        "ftypedes": "Route",
        "lane_type": null,
        "lane_typedes": null,
        "status": "Built",
        "maint": "UNKNOWN",
        "source": null,
        "easement": null,
        "lane_num": null,
        "lane_placement": null,
        "geofeature_id": "{993A4DC1-6445-4509-AF95-20B62BEBEBDD}",
        "Shape_Length": 35.36186429858331,
        "layer": "bike_lanes"
      }
    },
    {
      "type": "Feature",
      "id": "bike_lanes_259",
      "geometry": {
        "type": "LineString",
        "coordinates": [
          [
            -123.05400929202408,
            44.05554697455986
          ],
          [
            -123.05407160159209,
            44.055542458686126
          ],
          [
            -123.05411581990096,
            44.0555226182336
          ],
          [
            -123.05415335328888,
            44.055516552206534
          ],
          [
            -123.05444113306737,
            44.05550943973148
          ],
          [
            -123.05509366228168,
            44.05548872855466
          ],
          [
            -123.0554525618827,
            44.055477478544006
          ],
          [
            -123.05558883908898,
            44.05546923752335
          ],
          [
            -123.05582584662051,
            44.05547135717336
          ],
          [
            -123.0565957377207,
            44.05546069424079
          ],
          [
            -123.05699402140037,
            44.055448205666764
          ],
          [
            -123.05746709259067,
            44.055433369496946
          ],
          [
            -123.05780148493598,
            44.05541909015692
          ],
          [
            -123.05792948389232,
            44.05541349493581
          ],
          [
            -123.058073948303,
            44.055409787730966
          ],
          [
            -123.05879626755753,
            44.05539124816627
          ],
          [
            -123.059030558619,
            44.055382296835994
          ]
        ]
      },
      "properties": {
        "OBJECTID": 422,
        "bike_segid": 723,
        "eug_id": null,
        "name": "MLK Sidewalk Path",
        "ftype": "Sidewalk Path",
        "ftypedes": "Sidewalk Path",
        "lane_type": null,
        "lane_typedes": null,
        "status": "Built",
        "maint": "UNKNOWN",
        "source": null,
        "easement": null,
        "lane_num": null,
        "lane_placement": null,
        "geofeature_id": "{09D46C94-1F88-478C-AD13-3D78A4D3007B}",
        "Shape_Length": 1323.6264371546906,
        "layer": "bike_lanes"
      }
    },
    {
      "type": "Feature",
      "id": "bike_lanes_260",
      "geometry": {
        "type": "LineString",
        "coordinates": [
          [
            -123.07005638029516,
            44.055238748829886
          ],
          [
            -123.07005697282918,
            44.05531534924994
          ],
          [
            -123.07003611264781,
            44.05547409022772
          ],
          [
            -123.07001999908093,
            44.05553943640646
          ],
          [
            -123.06999412201186,
            44.05561443213708
          ],
          [
            -123.06995689452424,
            44.05569596836955
          ],
          [
            -123.069920182768,
            44.055755480366635
          ],
          [
            -123.06986090635901,
            44.05583121450871
          ],
          [
            -123.06981385272974,
            44.0558867631677
          ],
          [
            -123.06973583108426,
            44.05596605724905
          ],
          [
            -123.06965736480524,
            44.05603487964292
          ],
          [
            -123.06960401162003,
            44.056079037215504
          ],
          [
            -123.06952867174039,
            44.05615303149677
          ],
          [
            -123.0695272306864,
            44.05615493260695
          ]
        ]
      },
      "properties": {
        "OBJECTID": 423,
        "bike_segid": 727,
        "eug_id": null,
        "name": "Autzen Conn",
        "ftype": "Shared Use Path",
        "ftypedes": "Shared Use Path",
        "lane_type": null,
        "lane_typedes": null,
        "status": "Built",
        "maint": "UNKNOWN",
        "source": null,
        "easement": null,
        "lane_num": null,
        "lane_placement": null,
        "geofeature_id": "{4DFAC6F3-D9F7-4BB5-A123-92CAFA99FCE8}",
        "Shape_Length": 372.42737761577115,
        "layer": "bike_lanes"
      }
    },
    {
      "type": "Feature",
      "id": "bike_lanes_261",
      "geometry": {
        "type": "LineString",
        "coordinates": [
          [
            -123.05401962647136,
            44.05574234649374
          ],
          [
            -123.05402042904123,
            44.055758958094145
          ],
          [
            -123.054001584937,
            44.05578663819501
          ],
          [
            -123.05401199882797,
            44.05603946478233
          ],
          [
            -123.05401201105025,
            44.056078772725314
          ],
          [
            -123.05401047725348,
            44.05614014985917
          ],
          [
            -123.05399676970168,
            44.05620655965849
          ],
          [
            -123.05397189383386,
            44.05630180154464
          ],
          [
            -123.0539193924445,
            44.056407776905594
          ],
          [
            -123.053899638815,
            44.05644217856672
          ]
        ]
      },
      "properties": {
        "OBJECTID": 424,
        "bike_segid": 729,
        "eug_id": null,
        "name": null,
        "ftype": "Sidewalk Path",
        "ftypedes": "Sidewalk Path",
        "lane_type": null,
        "lane_typedes": null,
        "status": "Built",
        "maint": "UNKNOWN",
        "source": null,
        "easement": null,
        "lane_num": null,
        "lane_placement": null,
        "geofeature_id": "{641192B1-3E39-47AD-B9DF-B04E2FCFC96F}",
        "Shape_Length": 260.6241762614444,
        "layer": "bike_lanes"
      }
    },
    {
      "type": "Feature",
      "id": "bike_lanes_262",
      "geometry": {
        "type": "LineString",
        "coordinates": [
          [
            -123.10180189806124,
            44.05438155508743
          ],
          [
            -123.10170052192053,
            44.05444403531547
          ],
          [
            -123.10157853728174,
            44.054602214796446
          ],
          [
            -123.10156222457832,
            44.0546431381514
          ],
          [
            -123.1015661020707,
            44.0546865056385
          ],
          [
            -123.10158170686277,
            44.0547223674667
          ],
          [
            -123.10165104077892,
            44.05479323852634
          ],
          [
            -123.10169999747245,
            44.05485732337886
          ],
          [
            -123.10171554509826,
            44.05489185567371
          ],
          [
            -123.10171890725977,
            44.0549698804334
          ],
          [
            -123.10169657498591,
            44.0550109387067
          ],
          [
            -123.10166263878226,
            44.05506239647285
          ],
          [
            -123.10161660100187,
            44.055112676679
          ],
          [
            -123.10156818209275,
            44.05515431953066
          ],
          [
            -123.10149537300154,
            44.05518926608428
          ],
          [
            -123.10139150950967,
            44.05523230528765
          ],
          [
            -123.10137700706238,
            44.05523831451002
          ],
          [
            -123.1012921242433,
            44.0552734873611
          ],
          [
            -123.10126271208976,
            44.0552900799486
          ],
          [
            -123.10123611610196,
            44.055325439560676
          ],
          [
            -123.10121591374478,
            44.055369346596976
          ],
          [
            -123.10121157744652,
            44.055408552775845
          ],
          [
            -123.10121764747203,
            44.05545621647368
          ],
          [
            -123.1012334406124,
            44.05549642126277
          ],
          [
            -123.10125468972173,
            44.055523465958245
          ],
          [
            -123.10132887943523,
            44.05557491474307
          ],
          [
            -123.10143274348464,
            44.05564694263953
          ],
          [
            -123.10146973543368,
            44.05566639257778
          ],
          [
            -123.1015729965727,
            44.05573215715257
          ],
          [
            -123.10161142152029,
            44.05578488985438
          ],
          [
            -123.10163348279812,
            44.05583074731574
          ],
          [
            -123.10164112492217,
            44.05586823631905
          ],
          [
            -123.10163866988941,
            44.0559045037536
          ],
          [
            -123.10162486141314,
            44.05595695825477
          ],
          [
            -123.10159475149982,
            44.056003984872696
          ],
          [
            -123.10155824647022,
            44.056042463201166
          ],
          [
            -123.10151352897985,
            44.056076781105936
          ],
          [
            -123.1014667433097,
            44.056109695688136
          ],
          [
            -123.10136716025325,
            44.05612930945464
          ],
          [
            -123.10130246601254,
            44.0561230615504
          ],
          [
            -123.10120294466644,
            44.05610968122575
          ],
          [
            -123.10104035985788,
            44.05608999642034
          ],
          [
            -123.10094374353586,
            44.05609987842703
          ],
          [
            -123.10090179169751,
            44.056105398666915
          ],
          [
            -123.10076217294932,
            44.05611968797406
          ]
        ]
      },
      "properties": {
        "OBJECTID": 425,
        "bike_segid": 730,
        "eug_id": null,
        "name": "Wash/Jeff Park W",
        "ftype": "Shared Use Path",
        "ftypedes": "Shared Use Path",
        "lane_type": null,
        "lane_typedes": null,
        "status": "Built",
        "maint": "UNKNOWN",
        "source": null,
        "easement": null,
        "lane_num": null,
        "lane_placement": null,
        "geofeature_id": "{2DF72027-D6BA-4240-B549-FD291131B8EB}",
        "Shape_Length": 966.5884964453065,
        "layer": "bike_lanes"
      }
    },
    {
      "type": "Feature",
      "id": "bike_lanes_263",
      "geometry": {
        "type": "LineString",
        "coordinates": [
          [
            -123.10043938366528,
            44.05439085260259
          ],
          [
            -123.1005783322001,
            44.05456026269962
          ],
          [
            -123.1006508780741,
            44.05466283671285
          ],
          [
            -123.10066064040805,
            44.054676638195346
          ],
          [
            -123.10077055449135,
            44.05483204533886
          ],
          [
            -123.10086671690001,
            44.054968010126295
          ],
          [
            -123.10089414977148,
            44.05502778106644
          ],
          [
            -123.10088295725396,
            44.05507883257941
          ],
          [
            -123.1008642483284,
            44.05514297867595
          ],
          [
            -123.10081658108352,
            44.05521130041633
          ],
          [
            -123.10078391382548,
            44.05524542642496
          ],
          [
            -123.100748274724,
            44.05531244319788
          ],
          [
            -123.10072226952126,
            44.055380887367996
          ],
          [
            -123.10068539945013,
            44.05546976466479
          ],
          [
            -123.1006756775454,
            44.05551400676356
          ],
          [
            -123.10068432817239,
            44.05557985123055
          ],
          [
            -123.1006991021535,
            44.05565289590239
          ],
          [
            -123.10072186705695,
            44.05570898974862
          ],
          [
            -123.1007484927026,
            44.05575346563826
          ],
          [
            -123.10078052009717,
            44.05578838878587
          ],
          [
            -123.10082918904341,
            44.05587002747356
          ],
          [
            -123.10086603395254,
            44.055930265547026
          ],
          [
            -123.10088321985832,
            44.05597584969097
          ],
          [
            -123.10084190454336,
            44.05603269302265
          ],
          [
            -123.10081059322683,
            44.05607804637604
          ],
          [
            -123.10076217294932,
            44.05611968797406
          ]
        ]
      },
      "properties": {
        "OBJECTID": 426,
        "bike_segid": 731,
        "eug_id": null,
        "name": "Wash/Jeff Park E",
        "ftype": "Shared Use Path",
        "ftypedes": "Shared Use Path",
        "lane_type": null,
        "lane_typedes": null,
        "status": "Built",
        "maint": "UNKNOWN",
        "source": null,
        "easement": null,
        "lane_num": null,
        "lane_placement": null,
        "geofeature_id": "{6EB23BCC-D8A0-41F1-B8DD-CD39831D4367}",
        "Shape_Length": 690.0396445944955,
        "layer": "bike_lanes"
      }
    },
    {
      "type": "Feature",
      "id": "bike_lanes_264",
      "geometry": {
        "type": "LineString",
        "coordinates": [
          [
            -123.08812474124592,
            44.05545801584267
          ],
          [
            -123.08812411308901,
            44.05596032361118
          ],
          [
            -123.08812294352366,
            44.0565100889336
          ]
        ]
      },
      "properties": {
        "OBJECTID": 427,
        "bike_segid": 732,
        "eug_id": null,
        "name": null,
        "ftype": "Route",
        "ftypedes": "Route",
        "lane_type": null,
        "lane_typedes": null,
        "status": "Built",
        "maint": "UNKNOWN",
        "source": null,
        "easement": null,
        "lane_num": null,
        "lane_placement": null,
        "geofeature_id": "{A3ED92C6-245F-4CD8-BF3C-DBA01463DCE0}",
        "Shape_Length": 383.53400333291864,
        "layer": "bike_lanes"
      }
    },
    {
      "type": "Feature",
      "id": "bike_lanes_265",
      "geometry": {
        "type": "LineString",
        "coordinates": [
          [
            -123.08812294352366,
            44.0565100889336
          ],
          [
            -123.08660543080207,
            44.056509094061575
          ],
          [
            -123.08584048680986,
            44.056508636522516
          ],
          [
            -123.08544237939722,
            44.05652093194949
          ],
          [
            -123.08535061889751,
            44.056545285510246
          ]
        ]
      },
      "properties": {
        "OBJECTID": 428,
        "bike_segid": 733,
        "eug_id": null,
        "name": null,
        "ftype": "Route",
        "ftypedes": "Route",
        "lane_type": null,
        "lane_typedes": null,
        "status": "Built",
        "maint": "UNKNOWN",
        "source": null,
        "easement": null,
        "lane_num": null,
        "lane_placement": null,
        "geofeature_id": "{9F823DDF-CC4E-492B-B415-8142E2D9AEB9}",
        "Shape_Length": 730.5157377653792,
        "layer": "bike_lanes"
      }
    },
    {
      "type": "Feature",
      "id": "bike_lanes_266",
      "geometry": {
        "type": "LineString",
        "coordinates": [
          [
            -123.0846919866346,
            44.05652179770926
          ],
          [
            -123.08452676496348,
            44.05657412094465
          ]
        ]
      },
      "properties": {
        "OBJECTID": 429,
        "bike_segid": 734,
        "eug_id": null,
        "name": "Peter DeFazio Path",
        "ftype": "Shared Use Path",
        "ftypedes": "Shared Use Path",
        "lane_type": null,
        "lane_typedes": null,
        "status": "Built",
        "maint": "EUG",
        "source": null,
        "easement": null,
        "lane_num": null,
        "lane_placement": null,
        "geofeature_id": "{7E8178F8-1CE4-432B-BF71-BA2FB6823510}",
        "Shape_Length": 47.43999680489009,
        "layer": "bike_lanes"
      }
    },
    {
      "type": "Feature",
      "id": "bike_lanes_267",
      "geometry": {
        "type": "LineString",
        "coordinates": [
          [
            -123.0828402247543,
            44.05681602195313
          ],
          [
            -123.08298101076117,
            44.0567235757288
          ],
          [
            -123.08299553137452,
            44.05669018828971
          ],
          [
            -123.08298145084466,
            44.05649142925795
          ],
          [
            -123.08297237496167,
            44.056290490647825
          ],
          [
            -123.08295422216806,
            44.05588861429857
          ],
          [
            -123.0829319027056,
            44.055683137863866
          ],
          [
            -123.08292357261402,
            44.05552612557242
          ],
          [
            -123.0829108966071,
            44.05539999454267
          ],
          [
            -123.08289897265826,
            44.055317416994285
          ],
          [
            -123.082882599166,
            44.05523364636973
          ],
          [
            -123.08285601247978,
            44.05514455562364
          ],
          [
            -123.08281061785252,
            44.05503126105195
          ],
          [
            -123.0826720226815,
            44.05476247401659
          ],
          [
            -123.0825508299067,
            44.05457963697995
          ]
        ]
      },
      "properties": {
        "OBJECTID": 430,
        "bike_segid": 735,
        "eug_id": null,
        "name": "Ruth Bascom Path - North Bank",
        "ftype": "Shared Use Path",
        "ftypedes": "Shared Use Path",
        "lane_type": null,
        "lane_typedes": null,
        "status": "Built",
        "maint": "UNKNOWN",
        "source": null,
        "easement": null,
        "lane_num": null,
        "lane_placement": null,
        "geofeature_id": "{437C7BDF-7D83-4234-B78C-9C9D10234097}",
        "Shape_Length": 849.4956650065577,
        "layer": "bike_lanes"
      }
    },
    {
      "type": "Feature",
      "id": "bike_lanes_268",
      "geometry": {
        "type": "LineString",
        "coordinates": [
          [
            -123.0827115696501,
            44.05700330610102
          ],
          [
            -123.0828402247543,
            44.05681602195313
          ]
        ]
      },
      "properties": {
        "OBJECTID": 431,
        "bike_segid": 737,
        "eug_id": null,
        "name": "Ruth Bascom Path - North Bank",
        "ftype": "Shared Use Path",
        "ftypedes": "Shared Use Path",
        "lane_type": null,
        "lane_typedes": null,
        "status": "Built",
        "maint": "UNKNOWN",
        "source": null,
        "easement": null,
        "lane_num": null,
        "lane_placement": null,
        "geofeature_id": "{E53F80F8-5404-4E02-B09C-2D78C4125CFD}",
        "Shape_Length": 76.19319115389496,
        "layer": "bike_lanes"
      }
    },
    {
      "type": "Feature",
      "id": "bike_lanes_269",
      "geometry": {
        "type": "LineString",
        "coordinates": [
          [
            -123.10076217294932,
            44.05611968797406
          ],
          [
            -123.10072492057856,
            44.05614080139178
          ],
          [
            -123.10068334133688,
            44.05615476978754
          ],
          [
            -123.1006355578573,
            44.05616453090837
          ],
          [
            -123.10058400848915,
            44.05618017046088
          ],
          [
            -123.10054857476518,
            44.05619689773602
          ],
          [
            -123.10051746785062,
            44.05622077001615
          ],
          [
            -123.100483148311,
            44.05625867049217
          ],
          [
            -123.10045999689027,
            44.056294828824235
          ],
          [
            -123.10044029047823,
            44.0563434877075
          ],
          [
            -123.10042884450661,
            44.05638147996805
          ],
          [
            -123.10042901633534,
            44.056419211992306
          ],
          [
            -123.1004414813217,
            44.056472392383235
          ],
          [
            -123.10046225312128,
            44.056515952282474
          ],
          [
            -123.10049318958782,
            44.05655928358769
          ],
          [
            -123.10052676058855,
            44.0565962674587
          ],
          [
            -123.10057185807662,
            44.05663089788152
          ],
          [
            -123.10062417128928,
            44.05666431677707
          ],
          [
            -123.10070724934704,
            44.05670333667381
          ]
        ]
      },
      "properties": {
        "OBJECTID": 432,
        "bike_segid": 739,
        "eug_id": null,
        "name": "Wash/Jeff Park E",
        "ftype": "Shared Use Path",
        "ftypedes": "Shared Use Path",
        "lane_type": null,
        "lane_typedes": null,
        "status": "Built",
        "maint": "UNKNOWN",
        "source": null,
        "easement": null,
        "lane_num": null,
        "lane_placement": null,
        "geofeature_id": "{423B0754-8EB4-4F8F-809B-B3C38177B3F9}",
        "Shape_Length": 284.8720143281955,
        "layer": "bike_lanes"
      }
    },
    {
      "type": "Feature",
      "id": "bike_lanes_270",
      "geometry": {
        "type": "LineString",
        "coordinates": [
          [
            -123.08307183166231,
            44.0591952738128
          ],
          [
            -123.08308896264968,
            44.05915401289792
          ],
          [
            -123.08323147855967,
            44.0589516816
          ],
          [
            -123.08327416632217,
            44.058896225404574
          ],
          [
            -123.0833545837796,
            44.05880533824005
          ],
          [
            -123.08349631282796,
            44.05863834659437
          ],
          [
            -123.08352185192656,
            44.05860938248214
          ]
        ]
      },
      "properties": {
        "OBJECTID": 433,
        "bike_segid": 740,
        "eug_id": null,
        "name": "Ferry St Bridge",
        "ftype": "Shared Use Path",
        "ftypedes": "Shared Use Path",
        "lane_type": null,
        "lane_typedes": null,
        "status": "Built",
        "maint": "Eugene",
        "source": null,
        "easement": null,
        "lane_num": null,
        "lane_placement": null,
        "geofeature_id": "{4A2139D6-E4B4-405D-AC77-59475927BAD0}",
        "Shape_Length": 244.74312264657593,
        "layer": "bike_lanes"
      }
    },
    {
      "type": "Feature",
      "id": "bike_lanes_271",
      "geometry": {
        "type": "LineString",
        "coordinates": [
          [
            -123.06181027740612,
            44.056493490011526
          ],
          [
            -123.06183587169089,
            44.05653069567598
          ],
          [
            -123.06188661320833,
            44.056626376856165
          ],
          [
            -123.06191655278253,
            44.056685097768074
          ],
          [
            -123.0620194436811,
            44.05691762449273
          ],
          [
            -123.06208434934918,
            44.05708615506295
          ],
          [
            -123.06219430462414,
            44.05736999108396
          ],
          [
            -123.06223314160565,
            44.05746635891735
          ],
          [
            -123.06232363279385,
            44.05771488250884
          ],
          [
            -123.06236378893792,
            44.057770599208936
          ],
          [
            -123.06237872584231,
            44.057814294075925
          ],
          [
            -123.06241400635821,
            44.057892131089574
          ],
          [
            -123.06242758027514,
            44.05793795303936
          ],
          [
            -123.0624330324126,
            44.058032170998466
          ],
          [
            -123.06244133762453,
            44.05807246739348
          ],
          [
            -123.06245815511873,
            44.05809201281525
          ],
          [
            -123.06248553891902,
            44.05812075749457
          ]
        ]
      },
      "properties": {
        "OBJECTID": 434,
        "bike_segid": 743,
        "eug_id": null,
        "name": "MLK Sidewalk Path",
        "ftype": "Sidewalk Path",
        "ftypedes": "Sidewalk Path",
        "lane_type": null,
        "lane_typedes": null,
        "status": "Built",
        "maint": "UNKNOWN",
        "source": null,
        "easement": null,
        "lane_num": null,
        "lane_placement": null,
        "geofeature_id": "{8281BA8B-5E8B-44BF-9643-CA4D69EFDB5E}",
        "Shape_Length": 622.2839710830838,
        "layer": "bike_lanes"
      }
    },
    {
      "type": "Feature",
      "id": "bike_lanes_272",
      "geometry": {
        "type": "LineString",
        "coordinates": [
          [
            -123.08100813478401,
            44.05735540956306
          ],
          [
            -123.08088607425398,
            44.05734440470819
          ],
          [
            -123.08083520255423,
            44.057344486657655
          ],
          [
            -123.08078596440451,
            44.05734872631422
          ],
          [
            -123.080722562364,
            44.05736166619088
          ],
          [
            -123.08066510235746,
            44.05737761812882
          ],
          [
            -123.08060636942838,
            44.057397791474976
          ],
          [
            -123.0805506299051,
            44.057419995274486
          ],
          [
            -123.08048939705529,
            44.05744965757153
          ],
          [
            -123.08035921433361,
            44.05752789621671
          ],
          [
            -123.0802065279606,
            44.05763309206743
          ],
          [
            -123.08008817121724,
            44.05772062795142
          ],
          [
            -123.07992640809734,
            44.057846862969186
          ],
          [
            -123.07977496358606,
            44.05794247021039
          ]
        ]
      },
      "properties": {
        "OBJECTID": 435,
        "bike_segid": 745,
        "eug_id": null,
        "name": "MLK Conn",
        "ftype": "Shared Use Path",
        "ftypedes": "Shared Use Path",
        "lane_type": null,
        "lane_typedes": null,
        "status": "Built",
        "maint": "UNKNOWN",
        "source": null,
        "easement": null,
        "lane_num": null,
        "lane_placement": null,
        "geofeature_id": "{A3ADF2BD-A7B5-4599-827F-008C229C29AC}",
        "Shape_Length": 405.7033383953944,
        "layer": "bike_lanes"
      }
    },
    {
      "type": "Feature",
      "id": "bike_lanes_273",
      "geometry": {
        "type": "LineString",
        "coordinates": [
          [
            -123.06218838463056,
            44.05819132186393
          ],
          [
            -123.06157818229563,
            44.058201998544256
          ],
          [
            -123.06074576330073,
            44.058222313292966
          ],
          [
            -123.06042317261094,
            44.05823018273362
          ],
          [
            -123.06011676590673,
            44.0582432353869
          ],
          [
            -123.05943365329458,
            44.0582723322924
          ],
          [
            -123.05899701279489,
            44.05829092624377
          ],
          [
            -123.05852712382071,
            44.058310933768986
          ],
          [
            -123.05810608811062,
            44.058328862625224
          ],
          [
            -123.05723947596205,
            44.05833602161219
          ],
          [
            -123.05705291577485,
            44.058337561957906
          ],
          [
            -123.05620869836834,
            44.05836427882529
          ],
          [
            -123.05574479675833,
            44.05837328996568
          ],
          [
            -123.05542633657501,
            44.05837947438652
          ],
          [
            -123.05472970852215,
            44.05838981675515
          ],
          [
            -123.05437780202364,
            44.058395039751005
          ],
          [
            -123.05401648518695,
            44.05839955840575
          ],
          [
            -123.05372831272484,
            44.058400428571275
          ],
          [
            -123.05362130579066,
            44.058380903801364
          ],
          [
            -123.05359337200207,
            44.05836577225922
          ]
        ]
      },
      "properties": {
        "OBJECTID": 436,
        "bike_segid": 748,
        "eug_id": null,
        "name": "Kinsrow Ave",
        "ftype": "Route",
        "ftypedes": "Route",
        "lane_type": null,
        "lane_typedes": null,
        "status": "Built",
        "maint": "EUG",
        "source": null,
        "easement": null,
        "lane_num": null,
        "lane_placement": null,
        "geofeature_id": "{50155138-4004-4D8A-863B-ED37F396798D}",
        "Shape_Length": 2263.931200488542,
        "layer": "bike_lanes"
      }
    },
    {
      "type": "Feature",
      "id": "bike_lanes_274",
      "geometry": {
        "type": "LineString",
        "coordinates": [
          [
            -123.0520376390652,
            44.058458865771954
          ],
          [
            -123.05351242751595,
            44.0584301672868
          ],
          [
            -123.05354108177474,
            44.05842005958068
          ],
          [
            -123.05356680408838,
            44.05839335470708
          ]
        ]
      },
      "properties": {
        "OBJECTID": 437,
        "bike_segid": 750,
        "eug_id": null,
        "name": null,
        "ftype": "Accessway",
        "ftypedes": "Accessway",
        "lane_type": null,
        "lane_typedes": null,
        "status": "Built",
        "maint": "EUG",
        "source": null,
        "easement": null,
        "lane_num": null,
        "lane_placement": null,
        "geofeature_id": "{819F8B11-E56B-456A-BF91-92C803758854}",
        "Shape_Length": 408.08638305855584,
        "layer": "bike_lanes"
      }
    },
    {
      "type": "Feature",
      "id": "bike_lanes_275",
      "geometry": {
        "type": "LineString",
        "coordinates": [
          [
            -123.08289277254522,
            44.05770114907829
          ],
          [
            -123.08278582743593,
            44.0577304528937
          ],
          [
            -123.08175505600092,
            44.05784372929313
          ],
          [
            -123.0816939261939,
            44.05784797175889
          ],
          [
            -123.08164199494425,
            44.05784912657534
          ]
        ]
      },
      "properties": {
        "OBJECTID": 438,
        "bike_segid": 752,
        "eug_id": null,
        "name": "MLK Conn",
        "ftype": "Shared Use Path",
        "ftypedes": "Shared Use Path",
        "lane_type": null,
        "lane_typedes": null,
        "status": "Built",
        "maint": "UNKNOWN",
        "source": null,
        "easement": null,
        "lane_num": null,
        "lane_placement": null,
        "geofeature_id": "{84EEFB69-694C-4995-8BA8-3745CD6B1501}",
        "Shape_Length": 333.98988862336415,
        "layer": "bike_lanes"
      }
    },
    {
      "type": "Feature",
      "id": "bike_lanes_276",
      "geometry": {
        "type": "LineString",
        "coordinates": [
          [
            -123.10070724934704,
            44.05670333667381
          ],
          [
            -123.10076827371213,
            44.05675286665017
          ],
          [
            -123.10082515886276,
            44.05679241832336
          ],
          [
            -123.10084278045575,
            44.05684811142388
          ],
          [
            -123.10078794354636,
            44.05690028199964
          ],
          [
            -123.10071197446088,
            44.0569477828499
          ],
          [
            -123.10063534826124,
            44.0569800311432
          ],
          [
            -123.10059064678303,
            44.05700277722078
          ],
          [
            -123.10052086761297,
            44.057053404137164
          ],
          [
            -123.10049214347659,
            44.05708518347372
          ],
          [
            -123.10047277174738,
            44.05712147141885
          ],
          [
            -123.10046385914947,
            44.057157525078985
          ],
          [
            -123.10046212987243,
            44.05720851487918
          ],
          [
            -123.10047326868965,
            44.05725449742888
          ],
          [
            -123.10050842259817,
            44.057311264599754
          ],
          [
            -123.10057991736358,
            44.057421943257474
          ],
          [
            -123.1006186683887,
            44.05747108174569
          ],
          [
            -123.10066182055107,
            44.057561637376175
          ],
          [
            -123.1006793322238,
            44.05760370445862
          ]
        ]
      },
      "properties": {
        "OBJECTID": 439,
        "bike_segid": 754,
        "eug_id": null,
        "name": "Wash/Jeff Park E",
        "ftype": "Shared Use Path",
        "ftypedes": "Shared Use Path",
        "lane_type": null,
        "lane_typedes": null,
        "status": "Built",
        "maint": "UNKNOWN",
        "source": null,
        "easement": null,
        "lane_num": null,
        "lane_placement": null,
        "geofeature_id": "{BD4D2257-D949-441C-884B-A7865ADDC3F2}",
        "Shape_Length": 395.44741113010605,
        "layer": "bike_lanes"
      }
    },
    {
      "type": "Feature",
      "id": "bike_lanes_277",
      "geometry": {
        "type": "LineString",
        "coordinates": [
          [
            -123.11251493884714,
            44.05744179318007
          ],
          [
            -123.11251520637516,
            44.057213129886094
          ],
          [
            -123.11251649772979,
            44.05662733601297
          ],
          [
            -123.11252046647868,
            44.05597149581351
          ],
          [
            -123.11249962802147,
            44.05553388348644
          ],
          [
            -123.11251578886997,
            44.0543537612185
          ]
        ]
      },
      "properties": {
        "OBJECTID": 440,
        "bike_segid": 755,
        "eug_id": null,
        "name": null,
        "ftype": "Route",
        "ftypedes": "Route",
        "lane_type": null,
        "lane_typedes": null,
        "status": "Built",
        "maint": "UNKNOWN",
        "source": null,
        "easement": null,
        "lane_num": null,
        "lane_placement": null,
        "geofeature_id": "{5DE1C3D9-FB2A-4D86-9850-EF66B61F83FE}",
        "Shape_Length": 1125.8609177910866,
        "layer": "bike_lanes"
      }
    },
    {
      "type": "Feature",
      "id": "bike_lanes_278",
      "geometry": {
        "type": "LineString",
        "coordinates": [
          [
            -123.1006793322238,
            44.05760370445862
          ],
          [
            -123.1006798295863,
            44.05773672953952
          ],
          [
            -123.10067763796701,
            44.057837736223405
          ]
        ]
      },
      "properties": {
        "OBJECTID": 441,
        "bike_segid": 756,
        "eug_id": null,
        "name": "Wash/Jeff Park E",
        "ftype": "Shared Use Path",
        "ftypedes": "Shared Use Path",
        "lane_type": null,
        "lane_typedes": null,
        "status": "Built",
        "maint": "UNKNOWN",
        "source": null,
        "easement": null,
        "lane_num": null,
        "lane_placement": null,
        "geofeature_id": "{3A9E2308-0305-4F25-B465-06B4090EB041}",
        "Shape_Length": 85.32112934571782,
        "layer": "bike_lanes"
      }
    },
    {
      "type": "Feature",
      "id": "bike_lanes_279",
      "geometry": {
        "type": "LineString",
        "coordinates": [
          [
            -123.08450175661234,
            44.059120345925784
          ],
          [
            -123.08448231067352,
            44.05910607804825
          ],
          [
            -123.08431783885649,
            44.05891659978553
          ],
          [
            -123.0841748329879,
            44.05876779340439
          ],
          [
            -123.0840073209448,
            44.05862372364082
          ],
          [
            -123.08381161656199,
            44.058482949860746
          ],
          [
            -123.08371509146377,
            44.05841848853775
          ],
          [
            -123.08370029941992,
            44.05840696311462
          ]
        ]
      },
      "properties": {
        "OBJECTID": 442,
        "bike_segid": 757,
        "eug_id": null,
        "name": "Ruth Bascom Path - North Bank",
        "ftype": "Shared Use Path",
        "ftypedes": "Shared Use Path",
        "lane_type": null,
        "lane_typedes": null,
        "status": "Built",
        "maint": "UNKNOWN",
        "source": null,
        "easement": null,
        "lane_num": null,
        "lane_placement": null,
        "geofeature_id": "{AA6257C8-D38F-4C00-8CF0-3DEC07EC7DCB}",
        "Shape_Length": 336.30243690318053,
        "layer": "bike_lanes"
      }
    },
    {
      "type": "Feature",
      "id": "bike_lanes_280",
      "geometry": {
        "type": "LineString",
        "coordinates": [
          [
            -123.0829283538807,
            44.057943897525156
          ],
          [
            -123.08294285767363,
            44.057977117298485
          ],
          [
            -123.08296634211099,
            44.05801642743138
          ],
          [
            -123.08300026159908,
            44.05806179375915
          ],
          [
            -123.08303668185413,
            44.058097670987166
          ],
          [
            -123.08307873203138,
            44.058129229796755
          ],
          [
            -123.08312636608441,
            44.0581554231454
          ],
          [
            -123.08349680747696,
            44.05831788550414
          ]
        ]
      },
      "properties": {
        "OBJECTID": 443,
        "bike_segid": 758,
        "eug_id": null,
        "name": "Peter DeFazio Path",
        "ftype": "Shared Use Path",
        "ftypedes": "Shared Use Path",
        "lane_type": null,
        "lane_typedes": null,
        "status": "Built",
        "maint": "UNKNOWN",
        "source": null,
        "easement": null,
        "lane_num": null,
        "lane_placement": null,
        "geofeature_id": "{7277CB53-4F32-4CCD-A28E-5BB8E7A6F2CF}",
        "Shape_Length": 208.98207834769323,
        "layer": "bike_lanes"
      }
    },
    {
      "type": "Feature",
      "id": "bike_lanes_281",
      "geometry": {
        "type": "LineString",
        "coordinates": [
          [
            -123.08812294352366,
            44.0565100889336
          ],
          [
            -123.08812170788256,
            44.057058313211236
          ],
          [
            -123.08812048691081,
            44.05760688007847
          ],
          [
            -123.08811922603907,
            44.058030234777206
          ],
          [
            -123.08811891113987,
            44.058136073657316
          ],
          [
            -123.08811992487924,
            44.058159721615894
          ],
          [
            -123.0881226486497,
            44.05817887178242
          ],
          [
            -123.08812754507466,
            44.058204315915845
          ],
          [
            -123.0881400996126,
            44.05824194728587
          ],
          [
            -123.0881516130902,
            44.05826639032641
          ],
          [
            -123.08816547347828,
            44.05829009494242
          ],
          [
            -123.08817474601862,
            44.058303971348366
          ]
        ]
      },
      "properties": {
        "OBJECTID": 445,
        "bike_segid": 763,
        "eug_id": null,
        "name": null,
        "ftype": "Route",
        "ftypedes": "Route",
        "lane_type": null,
        "lane_typedes": null,
        "status": "Built",
        "maint": "UNKNOWN",
        "source": null,
        "easement": null,
        "lane_num": null,
        "lane_placement": null,
        "geofeature_id": "{E94CA6E1-392A-4F95-ACE6-2FBC765769A9}",
        "Shape_Length": 656.2765779454274,
        "layer": "bike_lanes"
      }
    },
    {
      "type": "Feature",
      "id": "bike_lanes_282",
      "geometry": {
        "type": "LineString",
        "coordinates": [
          [
            -123.0828474439755,
            44.058248604343504
          ],
          [
            -123.08277238700502,
            44.05823574085182
          ],
          [
            -123.08262487056626,
            44.058216151566675
          ],
          [
            -123.08244870408036,
            44.05819863012047
          ],
          [
            -123.08219626640052,
            44.05818208993144
          ],
          [
            -123.08196299347098,
            44.05817796081997
          ],
          [
            -123.08183354739079,
            44.05818229464565
          ],
          [
            -123.08163397007395,
            44.05819673891259
          ],
          [
            -123.08139456185808,
            44.05822993502651
          ],
          [
            -123.08124875939387,
            44.05826365162467
          ],
          [
            -123.08104572347318,
            44.05832346075606
          ]
        ]
      },
      "properties": {
        "OBJECTID": 446,
        "bike_segid": 764,
        "eug_id": null,
        "name": "Country Club Rd",
        "ftype": "Bike Lane",
        "ftypedes": "Bike Lane",
        "lane_type": null,
        "lane_typedes": null,
        "status": "Built",
        "maint": "EUG",
        "source": null,
        "easement": null,
        "lane_num": null,
        "lane_placement": "Curbside",
        "geofeature_id": "{ADD0FCDA-8D51-4F03-B922-31FB0E24A6A0}",
        "Shape_Length": 483.2438339676223,
        "layer": "bike_lanes"
      }
    },
    {
      "type": "Feature",
      "id": "bike_lanes_283",
      "geometry": {
        "type": "LineString",
        "coordinates": [
          [
            -123.08744188639142,
            44.05882955907037
          ],
          [
            -123.08749771565742,
            44.05870777050513
          ],
          [
            -123.08753565641541,
            44.058609440674985
          ],
          [
            -123.08756408701304,
            44.05856058893534
          ],
          [
            -123.0875924133676,
            44.05854318679215
          ],
          [
            -123.08763984098273,
            44.058530599215615
          ],
          [
            -123.08769357145307,
            44.05852940162496
          ],
          [
            -123.08775188227402,
            44.05853334312938
          ],
          [
            -123.08779844268057,
            44.05853440233367
          ],
          [
            -123.08784350494926,
            44.05853444595022
          ],
          [
            -123.0878941519082,
            44.058529123847876
          ],
          [
            -123.08793872038764,
            44.05851764794283
          ],
          [
            -123.08799894885014,
            44.05849848649344
          ]
        ]
      },
      "properties": {
        "OBJECTID": 447,
        "bike_segid": 766,
        "eug_id": null,
        "name": "Ruth Bascom Path - South Bank",
        "ftype": "Shared Use Path",
        "ftypedes": "Shared Use Path",
        "lane_type": null,
        "lane_typedes": null,
        "status": "Built",
        "maint": "UNKNOWN",
        "source": null,
        "easement": null,
        "lane_num": null,
        "lane_placement": null,
        "geofeature_id": "{34609DAE-EC8A-43D9-9BB0-4E131536BE51}",
        "Shape_Length": 223.1743304514975,
        "layer": "bike_lanes"
      }
    },
    {
      "type": "Feature",
      "id": "bike_lanes_284",
      "geometry": {
        "type": "LineString",
        "coordinates": [
          [
            -123.08744188639142,
            44.05882955907037
          ],
          [
            -123.08726192033002,
            44.05880212342507
          ],
          [
            -123.08721187237853,
            44.058787515109046
          ],
          [
            -123.08709386853977,
            44.058747968339205
          ],
          [
            -123.08699464275612,
            44.058705106444606
          ],
          [
            -123.08689634124035,
            44.058650446677696
          ],
          [
            -123.08679579035083,
            44.058568636850666
          ],
          [
            -123.08673793639481,
            44.05850629122894
          ],
          [
            -123.08668556528825,
            44.058438674948
          ],
          [
            -123.08664044613772,
            44.05836266653916
          ],
          [
            -123.08663013338787,
            44.05834402848373
          ],
          [
            -123.08662252581345,
            44.05833184813181
          ],
          [
            -123.08659388853597,
            44.058297494927814
          ],
          [
            -123.08656849244262,
            44.0582821102054
          ],
          [
            -123.08653361306922,
            44.058267447282994
          ],
          [
            -123.08647377085566,
            44.058247511320616
          ],
          [
            -123.0864137745762,
            44.05822397807196
          ],
          [
            -123.08634961652683,
            44.05819213139938
          ],
          [
            -123.08629301860302,
            44.05815908712057
          ],
          [
            -123.08616195032978,
            44.058075557942495
          ],
          [
            -123.08611115844715,
            44.058044785601396
          ],
          [
            -123.08606819090396,
            44.058018984719624
          ],
          [
            -123.08599818339552,
            44.05798383764388
          ],
          [
            -123.08594599715445,
            44.05796493291277
          ],
          [
            -123.08588219920776,
            44.0579414813754
          ],
          [
            -123.08583010839419,
            44.05792480295081
          ],
          [
            -123.08576471776455,
            44.05790859090199
          ],
          [
            -123.08569752161765,
            44.05789465021373
          ],
          [
            -123.08562482805267,
            44.057885637342274
          ],
          [
            -123.08555788875806,
            44.05787769290067
          ],
          [
            -123.08550055002411,
            44.05787176579647
          ],
          [
            -123.08544316727152,
            44.057864810490656
          ],
          [
            -123.08540284237303,
            44.05785627595769
          ],
          [
            -123.0853527555142,
            44.05784195405446
          ],
          [
            -123.08530436411792,
            44.057822788955484
          ],
          [
            -123.08526368705296,
            44.05780602898733
          ],
          [
            -123.08522868370385,
            44.05778845655997
          ],
          [
            -123.085183742215,
            44.05776098135907
          ],
          [
            -123.08514840867187,
            44.057735696257254
          ],
          [
            -123.08511194061198,
            44.0577064548521
          ],
          [
            -123.0850589678938,
            44.05766397864419
          ],
          [
            -123.08499344501273,
            44.05762731479696
          ],
          [
            -123.08491176777936,
            44.05758693720343
          ],
          [
            -123.08488399497617,
            44.05755976662325
          ],
          [
            -123.0848685823638,
            44.05751088328472
          ],
          [
            -123.08484966850892,
            44.05746910909886
          ],
          [
            -123.08481606020504,
            44.05743966887203
          ]
        ]
      },
      "properties": {
        "OBJECTID": 448,
        "bike_segid": 767,
        "eug_id": null,
        "name": "Ruth Bascom Path - South Bank",
        "ftype": "Shared Use Path",
        "ftypedes": "Shared Use Path",
        "lane_type": null,
        "lane_typedes": null,
        "status": "Built",
        "maint": "UNKNOWN",
        "source": null,
        "easement": null,
        "lane_num": null,
        "lane_placement": null,
        "geofeature_id": "{6A4F587D-13F5-496D-875D-85CE1091088A}",
        "Shape_Length": 895.7590403096673,
        "layer": "bike_lanes"
      }
    },
    {
      "type": "Feature",
      "id": "bike_lanes_285",
      "geometry": {
        "type": "LineString",
        "coordinates": [
          [
            -123.10067763796701,
            44.057837736223405
          ],
          [
            -123.1006658672691,
            44.057868193084865
          ],
          [
            -123.10063444709773,
            44.05789814558949
          ],
          [
            -123.10054211325541,
            44.05797192192784
          ],
          [
            -123.10049962040743,
            44.05801816308103
          ],
          [
            -123.10047526419147,
            44.05806022348252
          ],
          [
            -123.10046986472622,
            44.05808676312081
          ],
          [
            -123.10046707300685,
            44.058143437524286
          ],
          [
            -123.10047195188145,
            44.05822635790152
          ],
          [
            -123.10047843156535,
            44.05828565549161
          ],
          [
            -123.10049067490729,
            44.058326896976645
          ],
          [
            -123.1005131314998,
            44.058362247960545
          ],
          [
            -123.10054196201907,
            44.05839368168062
          ],
          [
            -123.10058657236267,
            44.0584293197569
          ],
          [
            -123.10042020150298,
            44.05863787787807
          ],
          [
            -123.10038514946777,
            44.05867553174171
          ]
        ]
      },
      "properties": {
        "OBJECTID": 449,
        "bike_segid": 769,
        "eug_id": null,
        "name": "Wash/Jeff Park E",
        "ftype": "Shared Use Path",
        "ftypedes": "Shared Use Path",
        "lane_type": null,
        "lane_typedes": null,
        "status": "Built",
        "maint": "UNKNOWN",
        "source": null,
        "easement": null,
        "lane_num": null,
        "lane_placement": null,
        "geofeature_id": "{D203CF83-1705-4B3B-B746-7C59B78580FC}",
        "Shape_Length": 345.71538500887334,
        "layer": "bike_lanes"
      }
    },
    {
      "type": "Feature",
      "id": "bike_lanes_286",
      "geometry": {
        "type": "LineString",
        "coordinates": [
          [
            -123.08267705923386,
            44.05910562518664
          ],
          [
            -123.08273052619911,
            44.05901340936997
          ],
          [
            -123.08280768223331,
            44.05891420887887
          ],
          [
            -123.08289096083325,
            44.05882221034004
          ],
          [
            -123.08296937210287,
            44.058752331999344
          ],
          [
            -123.08307905716438,
            44.058666035071624
          ],
          [
            -123.08313908269325,
            44.05860809614098
          ],
          [
            -123.08321626876572,
            44.05851102590305
          ],
          [
            -123.08313567219915,
            44.058481430484136
          ],
          [
            -123.08280203210623,
            44.05839588575685
          ],
          [
            -123.08279976320506,
            44.05836920437799
          ]
        ]
      },
      "properties": {
        "OBJECTID": 450,
        "bike_segid": 770,
        "eug_id": null,
        "name": null,
        "ftype": "Shared Use Path",
        "ftypedes": "Shared Use Path",
        "lane_type": null,
        "lane_typedes": null,
        "status": "Built",
        "maint": "UNKNOWN",
        "source": null,
        "easement": null,
        "lane_num": null,
        "lane_placement": null,
        "geofeature_id": "{CBB29953-3D70-4BE3-84CE-DE94B04FA544}",
        "Shape_Length": 387.1654160541243,
        "layer": "bike_lanes"
      }
    },
    {
      "type": "Feature",
      "id": "bike_lanes_287",
      "geometry": {
        "type": "LineString",
        "coordinates": [
          [
            -123.10070724934704,
            44.05670333667381
          ],
          [
            -123.10075879582175,
            44.056718952819594
          ],
          [
            -123.10080857463151,
            44.05672727116292
          ],
          [
            -123.10097296555777,
            44.05674313776982
          ],
          [
            -123.10115585040033,
            44.05673904023286
          ],
          [
            -123.10126888617833,
            44.05675691785015
          ],
          [
            -123.10144944354334,
            44.056791528995845
          ],
          [
            -123.10158203057182,
            44.05683258306478
          ],
          [
            -123.1016623409873,
            44.0568748085223
          ],
          [
            -123.10169269190222,
            44.05690452685082
          ],
          [
            -123.10172099639605,
            44.05695420704316
          ],
          [
            -123.10173195770498,
            44.05703991564532
          ],
          [
            -123.10172591521967,
            44.057068352521235
          ],
          [
            -123.10164208110533,
            44.057146751087906
          ],
          [
            -123.10148749015192,
            44.05726971227807
          ],
          [
            -123.10143588182115,
            44.05732013515722
          ],
          [
            -123.10141413609941,
            44.05735521319817
          ],
          [
            -123.10140400714108,
            44.05739003183004
          ],
          [
            -123.1014116661382,
            44.05743283732233
          ],
          [
            -123.10143194261754,
            44.05746487759691
          ],
          [
            -123.1014592996027,
            44.05749256693328
          ],
          [
            -123.10150794760493,
            44.05753162125861
          ],
          [
            -123.1015858839843,
            44.05759664774322
          ],
          [
            -123.10164240993151,
            44.05766037118249
          ],
          [
            -123.10166054987333,
            44.05771027916309
          ],
          [
            -123.10166842681983,
            44.05779186368891
          ],
          [
            -123.10165057774962,
            44.05784991554979
          ],
          [
            -123.10162547014174,
            44.05790813006543
          ],
          [
            -123.10158498060814,
            44.057946773268185
          ],
          [
            -123.10154395202346,
            44.05797284991367
          ],
          [
            -123.10158898213574,
            44.05810706146119
          ],
          [
            -123.10160344986527,
            44.05813923187149
          ],
          [
            -123.1016685381446,
            44.058266704587396
          ],
          [
            -123.10167655969117,
            44.0583178873737
          ],
          [
            -123.10166996636997,
            44.05836730063617
          ],
          [
            -123.10165284833953,
            44.058408565204964
          ],
          [
            -123.1016212983987,
            44.05845224931411
          ],
          [
            -123.10155275948244,
            44.05851458214665
          ],
          [
            -123.1015995939443,
            44.058554211012805
          ],
          [
            -123.10165980419276,
            44.05860515710591
          ],
          [
            -123.10172775464937,
            44.0586626521134
          ],
          [
            -123.10176092914585,
            44.058677583769075
          ]
        ]
      },
      "properties": {
        "OBJECTID": 451,
        "bike_segid": 771,
        "eug_id": null,
        "name": "Wash/Jeff Park W",
        "ftype": "Shared Use Path",
        "ftypedes": "Shared Use Path",
        "lane_type": null,
        "lane_typedes": null,
        "status": "Built",
        "maint": "UNKNOWN",
        "source": null,
        "easement": null,
        "lane_num": null,
        "lane_placement": null,
        "geofeature_id": "{083C4E43-B9FA-414F-A74A-6C32CD492CD6}",
        "Shape_Length": 1021.2590295844005,
        "layer": "bike_lanes"
      }
    },
    {
      "type": "Feature",
      "id": "bike_lanes_288",
      "geometry": {
        "type": "LineString",
        "coordinates": [
          [
            -123.08378838314819,
            44.05875813638655
          ],
          [
            -123.08376133717799,
            44.05876032029664
          ],
          [
            -123.08357757902077,
            44.05865422824195
          ],
          [
            -123.08351915823651,
            44.05870125311088
          ],
          [
            -123.0834581303742,
            44.0587696969563
          ],
          [
            -123.08323711610477,
            44.059039812061386
          ],
          [
            -123.08307183166231,
            44.0591952738128
          ]
        ]
      },
      "properties": {
        "OBJECTID": 452,
        "bike_segid": 772,
        "eug_id": null,
        "name": null,
        "ftype": "Shared Use Path",
        "ftypedes": "Shared Use Path",
        "lane_type": null,
        "lane_typedes": null,
        "status": "Built",
        "maint": "UNKNOWN",
        "source": null,
        "easement": null,
        "lane_num": null,
        "lane_placement": null,
        "geofeature_id": "{D00632F0-BFD9-4FDE-9C56-A81095522805}",
        "Shape_Length": 307.465513477311,
        "layer": "bike_lanes"
      }
    },
    {
      "type": "Feature",
      "id": "bike_lanes_289",
      "geometry": {
        "type": "LineString",
        "coordinates": [
          [
            -123.10485040803047,
            44.058678343478455
          ],
          [
            -123.10487321286769,
            44.057633914928715
          ],
          [
            -123.10489675851524,
            44.05653681631953
          ],
          [
            -123.10489783442343,
            44.055988419036126
          ],
          [
            -123.1048988956421,
            44.05543968159455
          ],
          [
            -123.1049038103546,
            44.05489205688924
          ],
          [
            -123.10490839761698,
            44.05438083106116
          ]
        ]
      },
      "properties": {
        "OBJECTID": 453,
        "bike_segid": 3075,
        "eug_id": null,
        "name": "Monroe St/Fairgrounds",
        "ftype": "Neighborhood Greenway",
        "ftypedes": "Neighborhood Greenway",
        "lane_type": null,
        "lane_typedes": null,
        "status": "Built",
        "maint": "EUG",
        "source": null,
        "easement": null,
        "lane_num": null,
        "lane_placement": null,
        "geofeature_id": "{5DA11D39-C4A3-40EE-991A-04BBC2EE1CDA}",
        "Shape_Length": 1566.763936786807,
        "layer": "bike_lanes"
      }
    },
    {
      "type": "Feature",
      "id": "bike_lanes_290",
      "geometry": {
        "type": "LineString",
        "coordinates": [
          [
            -123.08199338258291,
            44.0592979793694
          ],
          [
            -123.08212774011746,
            44.05924467713224
          ],
          [
            -123.08219378036499,
            44.059225389497705
          ],
          [
            -123.08225291764005,
            44.05921463984245
          ],
          [
            -123.08233969005474,
            44.05920432444073
          ],
          [
            -123.08248691972446,
            44.05918008475487
          ],
          [
            -123.08254891484745,
            44.05916822331614
          ],
          [
            -123.082590537329,
            44.05915576787219
          ],
          [
            -123.08263030207429,
            44.05913391849329
          ],
          [
            -123.08267705923386,
            44.05910562518664
          ]
        ]
      },
      "properties": {
        "OBJECTID": 454,
        "bike_segid": 776,
        "eug_id": null,
        "name": null,
        "ftype": "Shared Use Path",
        "ftypedes": "Shared Use Path",
        "lane_type": null,
        "lane_typedes": null,
        "status": "Built",
        "maint": "UNKNOWN",
        "source": null,
        "easement": null,
        "lane_num": null,
        "lane_placement": null,
        "geofeature_id": "{64B4F84F-A065-4FB7-9A02-2FAB2E660971}",
        "Shape_Length": 195.79272833935877,
        "layer": "bike_lanes"
      }
    },
    {
      "type": "Feature",
      "id": "bike_lanes_291",
      "geometry": {
        "type": "LineString",
        "coordinates": [
          [
            -123.10945921959244,
            44.05763778845982
          ],
          [
            -123.1113169228509,
            44.05763906992811
          ]
        ]
      },
      "properties": {
        "OBJECTID": 455,
        "bike_segid": 777,
        "eug_id": null,
        "name": "2nd Ave",
        "ftype": "Route",
        "ftypedes": "Route",
        "lane_type": null,
        "lane_typedes": null,
        "status": "Built",
        "maint": "EUG",
        "source": null,
        "easement": null,
        "lane_num": null,
        "lane_placement": null,
        "geofeature_id": "{0373341A-78B8-4D87-8ECF-1629BD6E6978}",
        "Shape_Length": 488.3770038003907,
        "layer": "bike_lanes"
      }
    },
    {
      "type": "Feature",
      "id": "bike_lanes_292",
      "geometry": {
        "type": "LineString",
        "coordinates": [
          [
            -123.07977496358606,
            44.05794247021039
          ],
          [
            -123.07971920319022,
            44.057998217369565
          ],
          [
            -123.07965839542523,
            44.05807189456815
          ],
          [
            -123.07960616635184,
            44.0581422369358
          ],
          [
            -123.07949220963296,
            44.05823072244421
          ],
          [
            -123.07935407648033,
            44.058297732114475
          ],
          [
            -123.0792741864714,
            44.05833304943434
          ],
          [
            -123.0791068766789,
            44.0583975628197
          ],
          [
            -123.07897079798697,
            44.05844461054197
          ],
          [
            -123.07877857530825,
            44.05850443565037
          ],
          [
            -123.07862560576746,
            44.05855573433548
          ],
          [
            -123.07852911541693,
            44.05858544751275
          ],
          [
            -123.07833217935318,
            44.05863699027022
          ],
          [
            -123.07825510283038,
            44.05867014825951
          ],
          [
            -123.0781371646229,
            44.05873356285507
          ],
          [
            -123.07810615512679,
            44.05875626430603
          ],
          [
            -123.07807387247051,
            44.05878318625536
          ],
          [
            -123.07805734055212,
            44.05880451814186
          ],
          [
            -123.07803205071606,
            44.05882499554235
          ],
          [
            -123.07799311043573,
            44.05883214948535
          ],
          [
            -123.07778012928411,
            44.05884840906044
          ],
          [
            -123.07769049608821,
            44.05885983262695
          ],
          [
            -123.07763716629313,
            44.05887045101125
          ],
          [
            -123.0775668137601,
            44.058890880733024
          ],
          [
            -123.07748678777793,
            44.058923054716004
          ],
          [
            -123.07729981344346,
            44.05900372555005
          ],
          [
            -123.0772366807493,
            44.059028764175096
          ],
          [
            -123.07719232849136,
            44.05903965396459
          ],
          [
            -123.0771519806784,
            44.0590478869229
          ],
          [
            -123.07710696272989,
            44.05904888622406
          ],
          [
            -123.07705341040308,
            44.059054268081
          ],
          [
            -123.07694820467464,
            44.05907547105436
          ],
          [
            -123.07689677475153,
            44.05909652840347
          ],
          [
            -123.07683012801573,
            44.059132092965555
          ],
          [
            -123.07672099224928,
            44.05920105789657
          ],
          [
            -123.07665309663655,
            44.05924501742573
          ],
          [
            -123.07658520092501,
            44.059288976914374
          ],
          [
            -123.07654865068498,
            44.05931808923855
          ],
          [
            -123.0765179531261,
            44.05934812062327
          ],
          [
            -123.07649865056052,
            44.059372657928186
          ],
          [
            -123.07647425376196,
            44.05941407900897
          ],
          [
            -123.07645439170741,
            44.05945959258086
          ],
          [
            -123.07644293130375,
            44.05949758239504
          ],
          [
            -123.0764411214192,
            44.05955737086282
          ]
        ]
      },
      "properties": {
        "OBJECTID": 457,
        "bike_segid": 779,
        "eug_id": null,
        "name": "MLK Conn",
        "ftype": "Shared Use Path",
        "ftypedes": "Shared Use Path",
        "lane_type": null,
        "lane_typedes": null,
        "status": "Built",
        "maint": "UNKNOWN",
        "source": null,
        "easement": null,
        "lane_num": null,
        "lane_placement": null,
        "geofeature_id": "{BE68C2E1-1C65-44D0-B5D8-3CD0AD1A3434}",
        "Shape_Length": 1110.324691171924,
        "layer": "bike_lanes"
      }
    },
    {
      "type": "Feature",
      "id": "bike_lanes_293",
      "geometry": {
        "type": "LineString",
        "coordinates": [
          [
            -123.0764411214192,
            44.05955737086282
          ],
          [
            -123.07667092751477,
            44.05954988119965
          ],
          [
            -123.07757691698382,
            44.059520318969554
          ],
          [
            -123.07823700409404,
            44.059495581343796
          ],
          [
            -123.0786831428171,
            44.05947997979426
          ],
          [
            -123.0789235599208,
            44.05947157198145
          ],
          [
            -123.07918129503179,
            44.05946342452761
          ],
          [
            -123.07952572820477,
            44.05945302430293
          ],
          [
            -123.07961417840698,
            44.059447914875165
          ],
          [
            -123.07965461687816,
            44.05944177516536
          ],
          [
            -123.07972193108938,
            44.05941826661611
          ],
          [
            -123.079789154517,
            44.05939266392526
          ],
          [
            -123.07984049419821,
            44.059369511168015
          ],
          [
            -123.07988589154697,
            44.0593433444559
          ],
          [
            -123.0799252994405,
            44.0593131194847
          ],
          [
            -123.0799617311447,
            44.059337311157016
          ]
        ]
      },
      "properties": {
        "OBJECTID": 458,
        "bike_segid": 782,
        "eug_id": null,
        "name": "MLK Sidewalk Path",
        "ftype": "Sidewalk Path",
        "ftypedes": "Sidewalk Path",
        "lane_type": null,
        "lane_typedes": null,
        "status": "Built",
        "maint": "UNKNOWN",
        "source": null,
        "easement": null,
        "lane_num": null,
        "lane_placement": null,
        "geofeature_id": "{0609FE5C-AC93-4A8F-8D52-BEE7A3F5A65C}",
        "Shape_Length": 944.9693011475055,
        "layer": "bike_lanes"
      }
    },
    {
      "type": "Feature",
      "id": "bike_lanes_294",
      "geometry": {
        "type": "LineString",
        "coordinates": [
          [
            -123.08046309679543,
            44.059364185122995
          ],
          [
            -123.08048676421588,
            44.05934192804975
          ],
          [
            -123.08052924046473,
            44.05936491733074
          ],
          [
            -123.0805750643068,
            44.059382766567204
          ],
          [
            -123.08061771560521,
            44.05939439704697
          ],
          [
            -123.08065864509476,
            44.059399776526185
          ],
          [
            -123.08069803307897,
            44.05940309413722
          ],
          [
            -123.08077363892941,
            44.05940350963002
          ],
          [
            -123.08088999400609,
            44.05940511624046
          ],
          [
            -123.08095847166595,
            44.05940883425239
          ],
          [
            -123.08104019768922,
            44.059416451734684
          ],
          [
            -123.08110449722865,
            44.0594244556857
          ],
          [
            -123.08119162215449,
            44.05943788213493
          ],
          [
            -123.08126729319717,
            44.059450392664864
          ],
          [
            -123.08135663874606,
            44.059466225897545
          ],
          [
            -123.08145297812877,
            44.059475613395335
          ],
          [
            -123.08152871593519,
            44.05947917054464
          ],
          [
            -123.08160078852855,
            44.05946499032624
          ],
          [
            -123.08164218742445,
            44.059447297203604
          ],
          [
            -123.08174996660168,
            44.05939907760184
          ],
          [
            -123.08183923178592,
            44.059364300136465
          ],
          [
            -123.0819230480074,
            44.05932823916288
          ],
          [
            -123.08199338258291,
            44.0592979793694
          ]
        ]
      },
      "properties": {
        "OBJECTID": 459,
        "bike_segid": 783,
        "eug_id": null,
        "name": "MLK Sidewalk Path",
        "ftype": "Sidewalk Path",
        "ftypedes": "Sidewalk Path",
        "lane_type": null,
        "lane_typedes": null,
        "status": "Built",
        "maint": "UNKNOWN",
        "source": null,
        "easement": null,
        "lane_num": null,
        "lane_placement": null,
        "geofeature_id": "{59519E5F-62A9-4F29-B25E-32EF2C215A60}",
        "Shape_Length": 431.58575532315643,
        "layer": "bike_lanes"
      }
    },
    {
      "type": "Feature",
      "id": "bike_lanes_295",
      "geometry": {
        "type": "LineString",
        "coordinates": [
          [
            -123.06557360089485,
            44.05995085436401
          ],
          [
            -123.0656237157179,
            44.05993297536303
          ],
          [
            -123.06677906547247,
            44.05989276373609
          ],
          [
            -123.06693367782776,
            44.05987539747168
          ],
          [
            -123.06812575679085,
            44.05984112225879
          ],
          [
            -123.0683838894805,
            44.059832440802936
          ],
          [
            -123.06892236150541,
            44.05981259043927
          ],
          [
            -123.06923406085338,
            44.059801098411505
          ],
          [
            -123.07034606174561,
            44.05976009432399
          ],
          [
            -123.07086461696146,
            44.05974471592105
          ],
          [
            -123.0709047889536,
            44.059732295949324
          ],
          [
            -123.0709449163404,
            44.059718828895384
          ],
          [
            -123.07098834911139,
            44.05971472293257
          ],
          [
            -123.07135938663019,
            44.05970076854406
          ],
          [
            -123.07146291139452,
            44.05969687474931
          ],
          [
            -123.07156020973615,
            44.05969471967126
          ],
          [
            -123.07159528598494,
            44.05969918392132
          ],
          [
            -123.07162363747537,
            44.059716375587556
          ],
          [
            -123.0716516308494,
            44.059725188931175
          ],
          [
            -123.07170113926581,
            44.059727237359084
          ],
          [
            -123.07176307899948,
            44.059725625823795
          ]
        ]
      },
      "properties": {
        "OBJECTID": 460,
        "bike_segid": 784,
        "eug_id": null,
        "name": "MLK Sidewalk Path",
        "ftype": "Sidewalk Path",
        "ftypedes": "Sidewalk Path",
        "lane_type": null,
        "lane_typedes": null,
        "status": "Built",
        "maint": "UNKNOWN",
        "source": null,
        "easement": null,
        "lane_num": null,
        "lane_placement": null,
        "geofeature_id": "{A03432E0-8371-4E95-92EE-11F8A31FF1A6}",
        "Shape_Length": 1636.0155696266008,
        "layer": "bike_lanes"
      }
    },
    {
      "type": "Feature",
      "id": "bike_lanes_296",
      "geometry": {
        "type": "LineString",
        "coordinates": [
          [
            -123.09021807369679,
            44.05957163334049
          ],
          [
            -123.09016422184668,
            44.05953614717363
          ],
          [
            -123.09013124085939,
            44.059512773920154
          ],
          [
            -123.09005996268893,
            44.059477676481656
          ],
          [
            -123.08991372324924,
            44.05942328728767
          ],
          [
            -123.08984175700986,
            44.05940602484259
          ],
          [
            -123.08978317447139,
            44.05939580204983
          ],
          [
            -123.08970180672239,
            44.05939656810925
          ],
          [
            -123.08964112877717,
            44.059405259821716
          ],
          [
            -123.08960804238149,
            44.05941333516848
          ],
          [
            -123.08956955099957,
            44.05943096453086
          ],
          [
            -123.08947963502828,
            44.059469657669716
          ],
          [
            -123.08938024216656,
            44.05949074233119
          ],
          [
            -123.08932814253724,
            44.059496097462905
          ],
          [
            -123.08924940916275,
            44.05949051517079
          ],
          [
            -123.08916577971655,
            44.059472465261194
          ],
          [
            -123.08902076978697,
            44.05941280632677
          ],
          [
            -123.08871092818879,
            44.05927191698824
          ],
          [
            -123.0886281686531,
            44.05924021888623
          ],
          [
            -123.0885219492196,
            44.05920380437714
          ],
          [
            -123.08839989019113,
            44.0591708862046
          ],
          [
            -123.08823095744627,
            44.0591295794303
          ],
          [
            -123.0880985989198,
            44.05909374637051
          ],
          [
            -123.08791855751797,
            44.059030673872634
          ],
          [
            -123.08778152924273,
            44.058987607213446
          ],
          [
            -123.08763506982403,
            44.058927978000554
          ],
          [
            -123.08757127816071,
            44.05889795432344
          ],
          [
            -123.08744188639142,
            44.05882955907037
          ]
        ]
      },
      "properties": {
        "OBJECTID": 461,
        "bike_segid": 785,
        "eug_id": null,
        "name": "Ruth Bascom Path - South Bank",
        "ftype": "Shared Use Path",
        "ftypedes": "Shared Use Path",
        "lane_type": null,
        "lane_typedes": null,
        "status": "Built",
        "maint": "UNKNOWN",
        "source": null,
        "easement": null,
        "lane_num": null,
        "lane_placement": null,
        "geofeature_id": "{0490387B-2656-463C-8CF0-1F3CB990B10E}",
        "Shape_Length": 816.6158165196783,
        "layer": "bike_lanes"
      }
    },
    {
      "type": "Feature",
      "id": "bike_lanes_297",
      "geometry": {
        "type": "LineString",
        "coordinates": [
          [
            -123.0801299639275,
            44.059629203606896
          ],
          [
            -123.08011279744245,
            44.05962939422107
          ],
          [
            -123.0800423907426,
            44.059636200067644
          ],
          [
            -123.07920135717379,
            44.05966870362182
          ],
          [
            -123.07744575424893,
            44.059729132930045
          ],
          [
            -123.07720696059918,
            44.05973824534247
          ],
          [
            -123.0770208739837,
            44.059743805814485
          ],
          [
            -123.07684663279636,
            44.059748281018074
          ]
        ]
      },
      "properties": {
        "OBJECTID": 462,
        "bike_segid": 786,
        "eug_id": null,
        "name": "MLK Sidewalk",
        "ftype": "Sidewalk Path",
        "ftypedes": "Sidewalk Path",
        "lane_type": null,
        "lane_typedes": null,
        "status": "Built",
        "maint": "UNKNOWN",
        "source": null,
        "easement": null,
        "lane_num": null,
        "lane_placement": null,
        "geofeature_id": "{6FADA913-E6BE-4992-A773-D7D89DA74C6E}",
        "Shape_Length": 864.3024043807648,
        "layer": "bike_lanes"
      }
    },
    {
      "type": "Feature",
      "id": "bike_lanes_298",
      "geometry": {
        "type": "LineString",
        "coordinates": [
          [
            -123.0819143020277,
            44.059991326169104
          ],
          [
            -123.08195395696414,
            44.05995042442986
          ],
          [
            -123.08204420838736,
            44.05986789315398
          ],
          [
            -123.08195737997708,
            44.05949755310595
          ],
          [
            -123.0819486992941,
            44.05943605828047
          ],
          [
            -123.08195075361202,
            44.05941609675177
          ],
          [
            -123.08196602909095,
            44.059365442948625
          ],
          [
            -123.08199338258291,
            44.0592979793694
          ]
        ]
      },
      "properties": {
        "OBJECTID": 463,
        "bike_segid": 787,
        "eug_id": null,
        "name": null,
        "ftype": "Shared Use Path",
        "ftypedes": "Shared Use Path",
        "lane_type": null,
        "lane_typedes": null,
        "status": "Built",
        "maint": "UNKNOWN",
        "source": null,
        "easement": null,
        "lane_num": null,
        "lane_placement": null,
        "geofeature_id": "{862DF6EF-1565-414F-815E-2D52B8AAE5D1}",
        "Shape_Length": 267.78533766167885,
        "layer": "bike_lanes"
      }
    },
    {
      "type": "Feature",
      "id": "bike_lanes_299",
      "geometry": {
        "type": "LineString",
        "coordinates": [
          [
            -123.08539878480464,
            44.05960170241047
          ],
          [
            -123.08529566713992,
            44.059708221348856
          ],
          [
            -123.085318961443,
            44.05998557389607
          ]
        ]
      },
      "properties": {
        "OBJECTID": 464,
        "bike_segid": 788,
        "eug_id": null,
        "name": null,
        "ftype": "Accessway",
        "ftypedes": "Accessway",
        "lane_type": null,
        "lane_typedes": null,
        "status": "Built",
        "maint": "UNKNOWN",
        "source": null,
        "easement": null,
        "lane_num": null,
        "lane_placement": null,
        "geofeature_id": "{5E43E486-1D22-4347-96C6-3D30ABE186B8}",
        "Shape_Length": 148.65195863202086,
        "layer": "bike_lanes"
      }
    },
    {
      "type": "Feature",
      "id": "bike_lanes_300",
      "geometry": {
        "type": "LineString",
        "coordinates": [
          [
            -123.08307183166231,
            44.0591952738128
          ],
          [
            -123.08295265722724,
            44.059357123314214
          ],
          [
            -123.082538410019,
            44.05986738351289
          ],
          [
            -123.08240263322789,
            44.060023442039736
          ],
          [
            -123.08233805045465,
            44.06010759062639
          ],
          [
            -123.08231928466826,
            44.060130704278436
          ]
        ]
      },
      "properties": {
        "OBJECTID": 465,
        "bike_segid": 789,
        "eug_id": null,
        "name": null,
        "ftype": "Shared Use Path",
        "ftypedes": "Shared Use Path",
        "lane_type": null,
        "lane_typedes": null,
        "status": "Built",
        "maint": "UNKNOWN",
        "source": null,
        "easement": null,
        "lane_num": null,
        "lane_placement": null,
        "geofeature_id": "{2DA51635-F6EB-4D39-98A2-43A81EBB3017}",
        "Shape_Length": 394.33859770389404,
        "layer": "bike_lanes"
      }
    },
    {
      "type": "Feature",
      "id": "bike_lanes_301",
      "geometry": {
        "type": "LineString",
        "coordinates": [
          [
            -123.08231928466826,
            44.060130704278436
          ],
          [
            -123.08224315191242,
            44.06020308852488
          ]
        ]
      },
      "properties": {
        "OBJECTID": 466,
        "bike_segid": 790,
        "eug_id": null,
        "name": null,
        "ftype": "Shared Use Path",
        "ftypedes": "Shared Use Path",
        "lane_type": null,
        "lane_typedes": null,
        "status": "Built",
        "maint": "UNKNOWN",
        "source": null,
        "easement": null,
        "lane_num": null,
        "lane_placement": null,
        "geofeature_id": "{77301F76-0D69-4166-91E2-158CB41313C9}",
        "Shape_Length": 33.119035200106076,
        "layer": "bike_lanes"
      }
    },
    {
      "type": "Feature",
      "id": "bike_lanes_302",
      "geometry": {
        "type": "LineString",
        "coordinates": [
          [
            -123.10039000378029,
            44.058786379508376
          ],
          [
            -123.10037898020883,
            44.059426521953874
          ],
          [
            -123.10037543555175,
            44.059831154346185
          ],
          [
            -123.1004107309734,
            44.059874389815086
          ],
          [
            -123.1004170729622,
            44.06082681350649
          ],
          [
            -123.10042245760735,
            44.0613615462301
          ],
          [
            -123.10041450238093,
            44.061413086859936
          ],
          [
            -123.10039829337863,
            44.061441752193026
          ],
          [
            -123.10036438674989,
            44.061464523703236
          ],
          [
            -123.10030851540262,
            44.061483594876954
          ],
          [
            -123.10023907828086,
            44.06149143931524
          ]
        ]
      },
      "properties": {
        "OBJECTID": 467,
        "bike_segid": 793,
        "eug_id": null,
        "name": "Wash/Jeff Park E",
        "ftype": "Shared Use Path",
        "ftypedes": "Shared Use Path",
        "lane_type": null,
        "lane_typedes": null,
        "status": "Built",
        "maint": "UNKNOWN",
        "source": null,
        "easement": null,
        "lane_num": null,
        "lane_placement": null,
        "geofeature_id": "{DFC807B8-3D24-40C7-8480-4BE7BE5513A9}",
        "Shape_Length": 1018.4346666361371,
        "layer": "bike_lanes"
      }
    },
    {
      "type": "Feature",
      "id": "bike_lanes_303",
      "geometry": {
        "type": "LineString",
        "coordinates": [
          [
            -123.10016689366937,
            44.062616743734985
          ],
          [
            -123.10017309831414,
            44.06289178231472
          ]
        ]
      },
      "properties": {
        "OBJECTID": 468,
        "bike_segid": 794,
        "eug_id": null,
        "name": "Wash/Jeff Park E",
        "ftype": "Shared Use Path",
        "ftypedes": "Shared Use Path",
        "lane_type": null,
        "lane_typedes": null,
        "status": "Built",
        "maint": "UNKNOWN",
        "source": null,
        "easement": null,
        "lane_num": null,
        "lane_placement": null,
        "geofeature_id": "{CB9D4E81-9A06-49B8-B8FF-B94D8EBA32C2}",
        "Shape_Length": 100.27900047549116,
        "layer": "bike_lanes"
      }
    },
    {
      "type": "Feature",
      "id": "bike_lanes_304",
      "geometry": {
        "type": "LineString",
        "coordinates": [
          [
            -123.10160423750848,
            44.06338068663929
          ],
          [
            -123.101500446548,
            44.063367288563
          ],
          [
            -123.10137600941508,
            44.06334701651774
          ],
          [
            -123.10127744277735,
            44.063319874537335
          ],
          [
            -123.10117518287858,
            44.06328546525111
          ],
          [
            -123.10100924392734,
            44.06323906917664
          ],
          [
            -123.10064811266786,
            44.063120136577446
          ],
          [
            -123.10057709479699,
            44.06309132888185
          ],
          [
            -123.10051329351074,
            44.06306131144263
          ],
          [
            -123.1004610199209,
            44.063028939648305
          ],
          [
            -123.10037117653391,
            44.06296805893858
          ],
          [
            -123.1003161342589,
            44.06293889328708
          ],
          [
            -123.10024375492549,
            44.062912212916586
          ],
          [
            -123.10017309831414,
            44.06289178231472
          ],
          [
            -123.1001162783948,
            44.06288886161987
          ],
          [
            -123.1000505656737,
            44.06288194778068
          ],
          [
            -123.10000504912496,
            44.062871436545855
          ],
          [
            -123.09993575456316,
            44.06284888007055
          ],
          [
            -123.09967696124379,
            44.06274670799274
          ],
          [
            -123.09956442339092,
            44.06269891340795
          ],
          [
            -123.09945469967623,
            44.06264895958102
          ],
          [
            -123.09941217895351,
            44.062640477176345
          ],
          [
            -123.09936253075162,
            44.06263530032395
          ],
          [
            -123.09925660519507,
            44.062639767877755
          ],
          [
            -123.09919547444258,
            44.06263799131093
          ],
          [
            -123.09912553989595,
            44.062634315664155
          ],
          [
            -123.09905832917437,
            44.062626386740654
          ],
          [
            -123.09899093937031,
            44.062614268626405
          ],
          [
            -123.09892772544342,
            44.062597863838334
          ],
          [
            -123.09863648748303,
            44.06248488612594
          ],
          [
            -123.09846337224874,
            44.06241433722252
          ],
          [
            -123.09832872106465,
            44.06235448120213
          ],
          [
            -123.098138881281,
            44.06227170411916
          ]
        ]
      },
      "properties": {
        "OBJECTID": 469,
        "bike_segid": 795,
        "eug_id": null,
        "name": "Ruth Bascom Path - South Bank",
        "ftype": "Shared Use Path",
        "ftypedes": "Shared Use Path",
        "lane_type": null,
        "lane_typedes": null,
        "status": "Built",
        "maint": "UNKNOWN",
        "source": null,
        "easement": null,
        "lane_num": null,
        "lane_placement": null,
        "geofeature_id": "{DE14030B-406C-4F18-A1CA-19B7E58D45DF}",
        "Shape_Length": 1012.1992653025102,
        "layer": "bike_lanes"
      }
    },
    {
      "type": "Feature",
      "id": "bike_lanes_305",
      "geometry": {
        "type": "LineString",
        "coordinates": [
          [
            -123.08224315191242,
            44.06020308852488
          ],
          [
            -123.08219242080821,
            44.06027444675714
          ],
          [
            -123.08212027610737,
            44.06037360819614
          ],
          [
            -123.08209763734031,
            44.06040338802818
          ],
          [
            -123.08203483932864,
            44.06046453214964
          ],
          [
            -123.08100034534154,
            44.061665721739494
          ],
          [
            -123.08098229072813,
            44.0616813100417
          ],
          [
            -123.08089307235133,
            44.061821428174056
          ],
          [
            -123.08084204480305,
            44.06190718418429
          ],
          [
            -123.08070146980681,
            44.06218611212159
          ],
          [
            -123.08062042293628,
            44.0623152265192
          ],
          [
            -123.08052389085945,
            44.06255785547907
          ],
          [
            -123.08047923262163,
            44.06263536707255
          ],
          [
            -123.08043953335213,
            44.062692852628906
          ],
          [
            -123.08038848470305,
            44.06275687965141
          ],
          [
            -123.08032590756817,
            44.062823258972074
          ],
          [
            -123.0802350893719,
            44.06290913450417
          ],
          [
            -123.08014777799782,
            44.062975015328725
          ],
          [
            -123.08005297976666,
            44.06303582216298
          ],
          [
            -123.07996068392116,
            44.06308713808995
          ],
          [
            -123.07984066152288,
            44.06313592584434
          ],
          [
            -123.07979054700417,
            44.06315381098191
          ],
          [
            -123.079704349009,
            44.06317773900992
          ],
          [
            -123.07947908836591,
            44.06321314190255
          ],
          [
            -123.07929163153862,
            44.063248752607755
          ],
          [
            -123.07920670628577,
            44.06326845795469
          ],
          [
            -123.07893993390492,
            44.06335299975383
          ],
          [
            -123.0788370681259,
            44.06339511611228
          ],
          [
            -123.07874155341965,
            44.06343916612223
          ],
          [
            -123.0787020962675,
            44.06346834359991
          ],
          [
            -123.0786832731113,
            44.06349791726546
          ]
        ]
      },
      "properties": {
        "OBJECTID": 470,
        "bike_segid": 796,
        "eug_id": null,
        "name": "Coburg W Sidewalk",
        "ftype": "Shared Use Path",
        "ftypedes": "Shared Use Path",
        "lane_type": null,
        "lane_typedes": null,
        "status": "Built",
        "maint": "UNKNOWN",
        "source": null,
        "easement": null,
        "lane_num": null,
        "lane_placement": null,
        "geofeature_id": "{F19351F6-BE4E-4900-9B02-1546E70FC4FF}",
        "Shape_Length": 1596.3460732889218,
        "layer": "bike_lanes"
      }
    },
    {
      "type": "Feature",
      "id": "bike_lanes_306",
      "geometry": {
        "type": "LineString",
        "coordinates": [
          [
            -123.07807764956517,
            44.06346267129292
          ],
          [
            -123.07845528626109,
            44.06327152113434
          ],
          [
            -123.07851476207294,
            44.063234561862245
          ],
          [
            -123.07860674376731,
            44.06316954381869
          ],
          [
            -123.07867214030209,
            44.063107377931196
          ],
          [
            -123.07871568506003,
            44.063071819525156
          ],
          [
            -123.0787454681665,
            44.063054387324264
          ],
          [
            -123.07878119378005,
            44.06303996730037
          ],
          [
            -123.07891292672109,
            44.06299301665721
          ],
          [
            -123.07895682917267,
            44.0629658364676
          ],
          [
            -123.07924363581571,
            44.06277183534683
          ],
          [
            -123.0794082282318,
            44.06264344291261
          ],
          [
            -123.07958798595668,
            44.06248964813844
          ],
          [
            -123.07971554702921,
            44.062373250047514
          ],
          [
            -123.08000060662143,
            44.061980392380065
          ],
          [
            -123.0800220518485,
            44.06193798630554
          ],
          [
            -123.08004177778498,
            44.06188933098279
          ],
          [
            -123.08005578242789,
            44.0618428980097
          ],
          [
            -123.0800854466687,
            44.0617685100724
          ],
          [
            -123.08012177137432,
            44.06168629735372
          ],
          [
            -123.08013653926209,
            44.06165766709536
          ],
          [
            -123.08017145685064,
            44.06162439681443
          ],
          [
            -123.08021640824154,
            44.06158775936091
          ],
          [
            -123.08079301747364,
            44.061236372085816
          ],
          [
            -123.08084808768157,
            44.061198460479865
          ],
          [
            -123.0808930383065,
            44.061161821857915
          ],
          [
            -123.08092936371476,
            44.06112747197213
          ],
          [
            -123.08121375124547,
            44.060816201478026
          ],
          [
            -123.08148596672797,
            44.06051237696843
          ],
          [
            -123.08154621827725,
            44.060459675155776
          ],
          [
            -123.08163075481006,
            44.06039699987133
          ],
          [
            -123.08165168798509,
            44.060376617664915
          ],
          [
            -123.08190135520194,
            44.06009643537055
          ],
          [
            -123.08192038705054,
            44.06006561299319
          ],
          [
            -123.08192384738447,
            44.06004457214344
          ],
          [
            -123.0819143020277,
            44.059991326169104
          ]
        ]
      },
      "properties": {
        "OBJECTID": 471,
        "bike_segid": 797,
        "eug_id": null,
        "name": null,
        "ftype": "Shared Use Path",
        "ftypedes": "Shared Use Path",
        "lane_type": null,
        "lane_typedes": null,
        "status": "Built",
        "maint": "UNKNOWN",
        "source": null,
        "easement": null,
        "lane_num": null,
        "lane_placement": null,
        "geofeature_id": "{D69070EC-9C73-4FF8-8E12-B44CA1FBB43E}",
        "Shape_Length": 1655.3004205590519,
        "layer": "bike_lanes"
      }
    },
    {
      "type": "Feature",
      "id": "bike_lanes_307",
      "geometry": {
        "type": "LineString",
        "coordinates": [
          [
            -123.10329093405184,
            44.060864777976896
          ],
          [
            -123.10330030670589,
            44.06090572968319
          ],
          [
            -123.10331752303436,
            44.06098095758262
          ],
          [
            -123.10339610284556,
            44.061160043060326
          ],
          [
            -123.10352500070223,
            44.061453797187816
          ],
          [
            -123.1035835164457,
            44.06158715265529
          ],
          [
            -123.10360310992371,
            44.06163702681127
          ],
          [
            -123.10361550371752,
            44.06169124568308
          ],
          [
            -123.103614845684,
            44.061736296723055
          ],
          [
            -123.10361920935122,
            44.062090004412674
          ]
        ]
      },
      "properties": {
        "OBJECTID": 472,
        "bike_segid": 798,
        "eug_id": null,
        "name": null,
        "ftype": "Route",
        "ftypedes": "Route",
        "lane_type": null,
        "lane_typedes": null,
        "status": "Built",
        "maint": "UNKNOWN",
        "source": null,
        "easement": null,
        "lane_num": null,
        "lane_placement": null,
        "geofeature_id": "{07B9695E-C33B-469E-9823-7A8AB18B6095}",
        "Shape_Length": 459.01748572993256,
        "layer": "bike_lanes"
      }
    },
    {
      "type": "Feature",
      "id": "bike_lanes_308",
      "geometry": {
        "type": "LineString",
        "coordinates": [
          [
            -123.06432198629798,
            44.06351056938179
          ],
          [
            -123.06431888613287,
            44.06353100732349
          ],
          [
            -123.06432422233935,
            44.063553950200294
          ],
          [
            -123.06433817136372,
            44.06359395788588
          ],
          [
            -123.06437524732752,
            44.06359160656451
          ],
          [
            -123.06440896215835,
            44.063598199186714
          ],
          [
            -123.06443845290289,
            44.06360803015008
          ],
          [
            -123.06446090430747,
            44.06362325774105
          ],
          [
            -123.06448357936922,
            44.06364372064456
          ],
          [
            -123.06449490203987,
            44.06367072439591
          ],
          [
            -123.06449931876695,
            44.06370626509007
          ],
          [
            -123.06449611907001,
            44.06373358869837
          ],
          [
            -123.06448702072005,
            44.063758946487944
          ],
          [
            -123.0644791075573,
            44.06377798889097
          ],
          [
            -123.06449425275032,
            44.06379232979686
          ],
          [
            -123.06450562114307,
            44.06382037968708
          ],
          [
            -123.06451790660842,
            44.06383583180469
          ],
          [
            -123.06453477206979,
            44.06385642301694
          ],
          [
            -123.06456356710491,
            44.063884087989585
          ],
          [
            -123.06457361592993,
            44.06436159998691
          ]
        ]
      },
      "properties": {
        "OBJECTID": 473,
        "bike_segid": 800,
        "eug_id": null,
        "name": null,
        "ftype": "Accessway",
        "ftypedes": "Accessway",
        "lane_type": null,
        "lane_typedes": null,
        "status": "Built",
        "maint": "UNKNOWN",
        "source": null,
        "easement": null,
        "lane_num": null,
        "lane_placement": null,
        "geofeature_id": "{97853EED-46BF-4C19-B42D-4452C9A8F8D8}",
        "Shape_Length": 345.40007555587823,
        "layer": "bike_lanes"
      }
    },
    {
      "type": "Feature",
      "id": "bike_lanes_309",
      "geometry": {
        "type": "LineString",
        "coordinates": [
          [
            -123.10380755636992,
            44.06390886224621
          ],
          [
            -123.10374891436737,
            44.06386905153078
          ],
          [
            -123.10371488567212,
            44.06382159637582
          ],
          [
            -123.10369900727815,
            44.063790505955424
          ],
          [
            -123.103687126311,
            44.06375093955855
          ],
          [
            -123.10369324081424,
            44.063589377692146
          ],
          [
            -123.1036968372758,
            44.06353793457771
          ],
          [
            -123.10369593946967,
            44.063483447146254
          ],
          [
            -123.10368301853939,
            44.063419795833305
          ],
          [
            -123.10365268501053,
            44.06328944882402
          ],
          [
            -123.10360878366622,
            44.063147876420324
          ],
          [
            -123.10358632816907,
            44.06309911363322
          ],
          [
            -123.10354808615536,
            44.063021354469264
          ]
        ]
      },
      "properties": {
        "OBJECTID": 474,
        "bike_segid": 803,
        "eug_id": null,
        "name": null,
        "ftype": "Shared Use Path",
        "ftypedes": "Shared Use Path",
        "lane_type": null,
        "lane_typedes": null,
        "status": "Built",
        "maint": "UNKNOWN",
        "source": null,
        "easement": null,
        "lane_num": null,
        "lane_placement": null,
        "geofeature_id": "{D9C48E06-4144-4E89-A6A1-F5A9C79C5C25}",
        "Shape_Length": 338.3727067571729,
        "layer": "bike_lanes"
      }
    },
    {
      "type": "Feature",
      "id": "bike_lanes_310",
      "geometry": {
        "type": "LineString",
        "coordinates": [
          [
            -123.10380755636992,
            44.06390886224621
          ],
          [
            -123.10363542465865,
            44.06386135987575
          ],
          [
            -123.10351603767856,
            44.06383297408102
          ],
          [
            -123.10326274750274,
            44.063781667089366
          ],
          [
            -123.10316367428435,
            44.06377655103085
          ],
          [
            -123.10309042757693,
            44.063763517601785
          ],
          [
            -123.10303020584794,
            44.063749144951444
          ],
          [
            -123.10295914095414,
            44.06371929166649
          ],
          [
            -123.102865389249,
            44.06366898200704
          ],
          [
            -123.10277059073505,
            44.063628130136834
          ],
          [
            -123.1026835958087,
            44.06359968185799
          ],
          [
            -123.10248754950119,
            44.063530975528096
          ],
          [
            -123.10233250179915,
            44.06348195742882
          ],
          [
            -123.10215867996044,
            44.063428009713675
          ],
          [
            -123.10206760019062,
            44.0634059418291
          ],
          [
            -123.10197252286112,
            44.06339234978936
          ],
          [
            -123.10188212020948,
            44.06338598937685
          ],
          [
            -123.10173435912306,
            44.06338375407331
          ],
          [
            -123.10160423750848,
            44.06338068663929
          ]
        ]
      },
      "properties": {
        "OBJECTID": 475,
        "bike_segid": 804,
        "eug_id": null,
        "name": "Ruth Bascom Path - South Bank",
        "ftype": "Shared Use Path",
        "ftypedes": "Shared Use Path",
        "lane_type": null,
        "lane_typedes": null,
        "status": "Built",
        "maint": "UNKNOWN",
        "source": null,
        "easement": null,
        "lane_num": null,
        "lane_placement": null,
        "geofeature_id": "{C0B3429F-EF33-4A3A-8669-25E2663A7A04}",
        "Shape_Length": 618.9795878816283,
        "layer": "bike_lanes"
      }
    },
    {
      "type": "Feature",
      "id": "bike_lanes_311",
      "geometry": {
        "type": "LineString",
        "coordinates": [
          [
            -123.11028958168752,
            44.06392616879089
          ],
          [
            -123.11032162572627,
            44.06011271614518
          ]
        ]
      },
      "properties": {
        "OBJECTID": 476,
        "bike_segid": 3076,
        "eug_id": null,
        "name": "N Grand",
        "ftype": "Neighborhood Greenway",
        "ftypedes": "Neighborhood Greenway",
        "lane_type": null,
        "lane_typedes": null,
        "status": "Built",
        "maint": "EUG",
        "source": null,
        "easement": null,
        "lane_num": null,
        "lane_placement": null,
        "geofeature_id": "{26084084-98FC-42E7-9FAA-987AB74F4D2E}",
        "Shape_Length": 1390.2250641569672,
        "layer": "bike_lanes"
      }
    },
    {
      "type": "Feature",
      "id": "bike_lanes_312",
      "geometry": {
        "type": "LineString",
        "coordinates": [
          [
            -123.11026302060384,
            44.06407594286776
          ],
          [
            -123.11028958168752,
            44.06392616879089
          ]
        ]
      },
      "properties": {
        "OBJECTID": 477,
        "bike_segid": 812,
        "eug_id": null,
        "name": "Ruth Bascom Path - South Bank",
        "ftype": "Shared Use Path",
        "ftypedes": "Shared Use Path",
        "lane_type": null,
        "lane_typedes": null,
        "status": "Built",
        "maint": "UNKNOWN",
        "source": null,
        "easement": null,
        "lane_num": null,
        "lane_placement": null,
        "geofeature_id": "{0C98A4A9-6F5D-4415-BB5B-556576F971CE}",
        "Shape_Length": 55.044997188915374,
        "layer": "bike_lanes"
      }
    },
    {
      "type": "Feature",
      "id": "bike_lanes_313",
      "geometry": {
        "type": "LineString",
        "coordinates": [
          [
            -123.10637096324655,
            44.06409451228095
          ],
          [
            -123.10623992311501,
            44.06409399084427
          ],
          [
            -123.10608774701805,
            44.064104744884155
          ],
          [
            -123.10584072801588,
            44.06412569945371
          ],
          [
            -123.10553886037113,
            44.064152702398275
          ],
          [
            -123.10543193248998,
            44.06416768049467
          ],
          [
            -123.10528329421146,
            44.06419302882164
          ],
          [
            -123.1052355934214,
            44.06419934038204
          ],
          [
            -123.10511800228808,
            44.0642030260125
          ],
          [
            -123.10493179105693,
            44.064199867436486
          ],
          [
            -123.1048674368106,
            44.064190828770506
          ],
          [
            -123.10480149494673,
            44.06417868148648
          ],
          [
            -123.10455847625006,
            44.06410551650647
          ],
          [
            -123.10448659059257,
            44.06409035727945
          ],
          [
            -123.10441216098603,
            44.06408364140553
          ],
          [
            -123.10434222569536,
            44.06407996887435
          ],
          [
            -123.10422400108673,
            44.064068993981614
          ],
          [
            -123.10415066349897,
            44.064053868015606
          ],
          [
            -123.10409330021503,
            44.06403838282776
          ],
          [
            -123.10404165625978,
            44.064020673206834
          ],
          [
            -123.10399582196392,
            44.06400283326743
          ],
          [
            -123.10380755636992,
            44.06390886224621
          ]
        ]
      },
      "properties": {
        "OBJECTID": 478,
        "bike_segid": 813,
        "eug_id": null,
        "name": "Ruth Bascom Path - South Bank",
        "ftype": "Shared Use Path",
        "ftypedes": "Shared Use Path",
        "lane_type": null,
        "lane_typedes": null,
        "status": "Built",
        "maint": "UNKNOWN",
        "source": null,
        "easement": null,
        "lane_num": null,
        "lane_placement": null,
        "geofeature_id": "{618A4C03-3A00-47CA-983C-8E12769171C6}",
        "Shape_Length": 699.9968019480566,
        "layer": "bike_lanes"
      }
    },
    {
      "type": "Feature",
      "id": "bike_lanes_314",
      "geometry": {
        "type": "LineString",
        "coordinates": [
          [
            -123.10075079980298,
            44.06437621442011
          ],
          [
            -123.10052101237238,
            44.06430972551433
          ],
          [
            -123.10032765329056,
            44.064253477231496
          ],
          [
            -123.09987423420885,
            44.06413130654971
          ],
          [
            -123.099629769574,
            44.06405816377093
          ],
          [
            -123.09947780614516,
            44.06400172377903
          ],
          [
            -123.09940098476191,
            44.06396699281379
          ],
          [
            -123.09901798483082,
            44.06377330829937
          ],
          [
            -123.09890303564232,
            44.06372328092823
          ],
          [
            -123.09875382870302,
            44.06366792092053
          ],
          [
            -123.09857776575731,
            44.063608778649595
          ],
          [
            -123.09844597220471,
            44.06357418250187
          ],
          [
            -123.09835053481342,
            44.063552209252066
          ],
          [
            -123.09819682751093,
            44.06352734762938
          ],
          [
            -123.09786331572715,
            44.06347925396849
          ],
          [
            -123.09766326180237,
            44.063454760541624
          ],
          [
            -123.09751115024963,
            44.06343681970184
          ],
          [
            -123.09691469103608,
            44.06338702520531
          ],
          [
            -123.09659641755627,
            44.06336084496295
          ],
          [
            -123.0964241458686,
            44.06334373263815
          ],
          [
            -123.09631564207626,
            44.063322049935394
          ],
          [
            -123.09621707650633,
            44.06329490368809
          ],
          [
            -123.09459160299497,
            44.06281551903704
          ],
          [
            -123.09428997058345,
            44.062731064188384
          ],
          [
            -123.09389549517309,
            44.06261723731563
          ],
          [
            -123.0937481975252,
            44.062572309889845
          ],
          [
            -123.0935392760241,
            44.06251408416435
          ],
          [
            -123.09336288888586,
            44.06246875799291
          ],
          [
            -123.09322929285702,
            44.06243819945961
          ],
          [
            -123.09308130876305,
            44.062411106308815
          ],
          [
            -123.09288671765215,
            44.062381909638454
          ],
          [
            -123.09216711939288,
            44.062279529563064
          ],
          [
            -123.09204845087976,
            44.06225806987972
          ],
          [
            -123.09196341086884,
            44.06224110055623
          ],
          [
            -123.09181647523467,
            44.06220454804468
          ],
          [
            -123.09175303892876,
            44.06218290405316
          ],
          [
            -123.09110282915431,
            44.06200408067216
          ],
          [
            -123.09049105502827,
            44.061841329022634
          ],
          [
            -123.09029696217264,
            44.06178772790275
          ],
          [
            -123.08938284846055,
            44.06152195702919
          ],
          [
            -123.089070254614,
            44.061418865534655
          ],
          [
            -123.08895015307577,
            44.06136389221488
          ],
          [
            -123.0888659822002,
            44.06133327467882
          ],
          [
            -123.08829058129689,
            44.06113541260804
          ],
          [
            -123.08804973577614,
            44.06104434640997
          ],
          [
            -123.08798158553606,
            44.06101441918978
          ],
          [
            -123.0879217011292,
            44.06097382526748
          ],
          [
            -123.0877532380037,
            44.06085432852568
          ],
          [
            -123.08722247305525,
            44.06046425550552
          ],
          [
            -123.08709689586904,
            44.06038319630481
          ],
          [
            -123.0869140086105,
            44.06028769122828
          ],
          [
            -123.08680452534887,
            44.06024296157801
          ],
          [
            -123.08660388324301,
            44.060174056757155
          ],
          [
            -123.08649453374578,
            44.06013246802642
          ],
          [
            -123.08640719262776,
            44.06009563011541
          ],
          [
            -123.08626785740113,
            44.06003269718543
          ],
          [
            -123.08540796420706,
            44.059606358334186
          ],
          [
            -123.08474675720413,
            44.059270978915265
          ],
          [
            -123.08463792240094,
            44.05920736503938
          ],
          [
            -123.08455591575813,
            44.059152861896436
          ],
          [
            -123.08450175661234,
            44.059120345925784
          ]
        ]
      },
      "properties": {
        "OBJECTID": 479,
        "bike_segid": 814,
        "eug_id": null,
        "name": "Ruth Bascom Path - North Bank",
        "ftype": "Shared Use Path",
        "ftypedes": "Shared Use Path",
        "lane_type": null,
        "lane_typedes": null,
        "status": "Built",
        "maint": "UNKNOWN",
        "source": null,
        "easement": null,
        "lane_num": null,
        "lane_placement": null,
        "geofeature_id": "{CC551EA7-16A5-4DD8-B4C7-D18EF50E9136}",
        "Shape_Length": 4749.704489430407,
        "layer": "bike_lanes"
      }
    },
    {
      "type": "Feature",
      "id": "bike_lanes_315",
      "geometry": {
        "type": "LineString",
        "coordinates": [
          [
            -123.0520067155265,
            44.064596792383554
          ],
          [
            -123.05291692767419,
            44.06457900878922
          ],
          [
            -123.0529469303513,
            44.06457972129843
          ],
          [
            -123.05298088047107,
            44.06458377746652
          ],
          [
            -123.0530101717368,
            44.06459016721381
          ],
          [
            -123.0532021030322,
            44.064656592793675
          ],
          [
            -123.05644534083203,
            44.0645854219752
          ],
          [
            -123.05644744838132,
            44.064324220764796
          ],
          [
            -123.05708769123393,
            44.06431505198784
          ],
          [
            -123.0572083142662,
            44.06432941270655
          ],
          [
            -123.05729346607646,
            44.06437323182212
          ],
          [
            -123.0573425955456,
            44.06443184797454
          ],
          [
            -123.05735784052945,
            44.06449450584012
          ],
          [
            -123.05735675057264,
            44.06457937223019
          ],
          [
            -123.05738507290322,
            44.06466468836783
          ],
          [
            -123.05744620479997,
            44.064719019896266
          ],
          [
            -123.05754276478623,
            44.06475459844329
          ],
          [
            -123.0576948708497,
            44.06475884176808
          ],
          [
            -123.05939128171896,
            44.06473321141622
          ],
          [
            -123.05938149938487,
            44.06582707119139
          ]
        ]
      },
      "properties": {
        "OBJECTID": 482,
        "bike_segid": 819,
        "eug_id": null,
        "name": null,
        "ftype": "Route",
        "ftypedes": "Route",
        "lane_type": null,
        "lane_typedes": null,
        "status": "Built",
        "maint": "UNKNOWN",
        "source": null,
        "easement": null,
        "lane_num": null,
        "lane_placement": null,
        "geofeature_id": "{41B18810-FE50-4B19-9185-732AFC1642F8}",
        "Shape_Length": 2546.29760563839,
        "layer": "bike_lanes"
      }
    },
    {
      "type": "Feature",
      "id": "bike_lanes_316",
      "geometry": {
        "type": "LineString",
        "coordinates": [
          [
            -123.06007233205447,
            44.06582223381889
          ],
          [
            -123.06003865659483,
            44.06583546104429
          ],
          [
            -123.05942288143639,
            44.0658478159925
          ]
        ]
      },
      "properties": {
        "OBJECTID": 483,
        "bike_segid": 820,
        "eug_id": null,
        "name": null,
        "ftype": "Accessway",
        "ftypedes": "Accessway",
        "lane_type": null,
        "lane_typedes": null,
        "status": "Built",
        "maint": "UNKNOWN",
        "source": null,
        "easement": null,
        "lane_num": null,
        "lane_placement": null,
        "geofeature_id": "{B20F300A-6E12-4001-AD8A-67110B029410}",
        "Shape_Length": 172.00352920106252,
        "layer": "bike_lanes"
      }
    },
    {
      "type": "Feature",
      "id": "bike_lanes_317",
      "geometry": {
        "type": "LineString",
        "coordinates": [
          [
            -123.06461221790941,
            44.064413793684054
          ],
          [
            -123.06396905837595,
            44.064266333428016
          ],
          [
            -123.06281828367543,
            44.064000478852456
          ],
          [
            -123.06238551888171,
            44.063900473921734
          ],
          [
            -123.06095001466068,
            44.06356867434873
          ],
          [
            -123.06087507589672,
            44.06395539643134
          ],
          [
            -123.06086861841135,
            44.06401625821666
          ],
          [
            -123.06086999237102,
            44.06404864722605
          ],
          [
            -123.0608759929134,
            44.06408916462382
          ],
          [
            -123.06088672479106,
            44.06412906444653
          ],
          [
            -123.06089852646268,
            44.06416053736643
          ],
          [
            -123.060926943703,
            44.06421359612879
          ],
          [
            -123.06097028469355,
            44.06427078803237
          ],
          [
            -123.06134920605409,
            44.06469859937041
          ],
          [
            -123.06142124882034,
            44.064779999611815
          ],
          [
            -123.06154894849928,
            44.06492456398114
          ],
          [
            -123.06156001246062,
            44.064938727875905
          ],
          [
            -123.06158027945543,
            44.06496778281174
          ],
          [
            -123.06159773458359,
            44.064997931621456
          ],
          [
            -123.06160870500345,
            44.06502101410045
          ],
          [
            -123.06162097146918,
            44.06505230381813
          ],
          [
            -123.06162592924741,
            44.065068144782266
          ],
          [
            -123.061633482851,
            44.0651004001428
          ],
          [
            -123.06163606753094,
            44.06511646363462
          ],
          [
            -123.06163887497428,
            44.06514898847479
          ],
          [
            -123.06162619750143,
            44.06604809832599
          ],
          [
            -123.06068712097888,
            44.065816455577654
          ],
          [
            -123.06060017931256,
            44.065796933838975
          ],
          [
            -123.06051444989666,
            44.06578355744686
          ],
          [
            -123.06042704460943,
            44.06577553652497
          ],
          [
            -123.06035700533415,
            44.06577313727653
          ],
          [
            -123.06019833029518,
            44.065772744606804
          ]
        ]
      },
      "properties": {
        "OBJECTID": 487,
        "bike_segid": 827,
        "eug_id": null,
        "name": null,
        "ftype": "Route",
        "ftypedes": "Route",
        "lane_type": null,
        "lane_typedes": null,
        "status": "Built",
        "maint": "UNKNOWN",
        "source": null,
        "easement": null,
        "lane_num": null,
        "lane_placement": null,
        "geofeature_id": "{57C00310-396A-4BB5-A4F7-AAE04D20C04A}",
        "Shape_Length": 2360.999649119867,
        "layer": "bike_lanes"
      }
    },
    {
      "type": "Feature",
      "id": "bike_lanes_318",
      "geometry": {
        "type": "LineString",
        "coordinates": [
          [
            -123.11234613017037,
            44.064235623684425
          ],
          [
            -123.11234287043833,
            44.06423569702634
          ],
          [
            -123.11230833237524,
            44.064243812393244
          ],
          [
            -123.1122900870662,
            44.06425889856912
          ],
          [
            -123.11228355035409,
            44.06427581655137
          ],
          [
            -123.11227988929325,
            44.06472872974849
          ],
          [
            -123.11227239489024,
            44.064824286175146
          ],
          [
            -123.11224907739123,
            44.06491022482494
          ],
          [
            -123.11223321883313,
            44.06496038741224
          ],
          [
            -123.11219617858428,
            44.065045078882214
          ],
          [
            -123.11217330269348,
            44.06508752260493
          ],
          [
            -123.11214289176412,
            44.065123845624484
          ],
          [
            -123.11211361577038,
            44.06515280661843
          ],
          [
            -123.11209128561862,
            44.0651742730607
          ],
          [
            -123.11206170333057,
            44.06519563702762
          ],
          [
            -123.11202919487307,
            44.06521759895239
          ],
          [
            -123.11198217487085,
            44.0652396207987
          ]
        ]
      },
      "properties": {
        "OBJECTID": 488,
        "bike_segid": 828,
        "eug_id": null,
        "name": null,
        "ftype": "Shared Use Path",
        "ftypedes": "Shared Use Path",
        "lane_type": null,
        "lane_typedes": null,
        "status": "Built",
        "maint": "UNKNOWN",
        "source": null,
        "easement": null,
        "lane_num": null,
        "lane_placement": null,
        "geofeature_id": "{71B0F987-CD4C-4B70-855F-1B11E58FE2BF}",
        "Shape_Length": 399.5302117898964,
        "layer": "bike_lanes"
      }
    },
    {
      "type": "Feature",
      "id": "bike_lanes_319",
      "geometry": {
        "type": "LineString",
        "coordinates": [
          [
            -123.1136953996019,
            44.065019689481254
          ],
          [
            -123.11369127055372,
            44.065026796572745
          ],
          [
            -123.11348036283144,
            44.06536891621334
          ]
        ]
      },
      "properties": {
        "OBJECTID": 489,
        "bike_segid": 829,
        "eug_id": null,
        "name": null,
        "ftype": "Accessway",
        "ftypedes": "Accessway",
        "lane_type": null,
        "lane_typedes": null,
        "status": "Built",
        "maint": "UNKNOWN",
        "source": null,
        "easement": null,
        "lane_num": null,
        "lane_placement": null,
        "geofeature_id": "{9A6D2E48-FC49-42AE-9E28-AB409191CE8B}",
        "Shape_Length": 139.29595922205593,
        "layer": "bike_lanes"
      }
    },
    {
      "type": "Feature",
      "id": "bike_lanes_320",
      "geometry": {
        "type": "LineString",
        "coordinates": [
          [
            -123.11731388472214,
            44.06576964618978
          ],
          [
            -123.11687276240733,
            44.06577941337877
          ],
          [
            -123.11678028499955,
            44.06581966481685
          ],
          [
            -123.11612144227163,
            44.065836039263594
          ],
          [
            -123.11601557937672,
            44.06583613291653
          ]
        ]
      },
      "properties": {
        "OBJECTID": 492,
        "bike_segid": 832,
        "eug_id": null,
        "name": "Fir Ln Sidewalk Path",
        "ftype": "Route",
        "ftypedes": "Route",
        "lane_type": null,
        "lane_typedes": null,
        "status": "Built",
        "maint": "EUG",
        "source": null,
        "easement": null,
        "lane_num": null,
        "lane_placement": null,
        "geofeature_id": "{9C54D9A6-8A54-4300-8BC4-1D9EC07ACB9B}",
        "Shape_Length": 345.51202640209306,
        "layer": "bike_lanes"
      }
    },
    {
      "type": "Feature",
      "id": "bike_lanes_321",
      "geometry": {
        "type": "LineString",
        "coordinates": [
          [
            -123.11357892724037,
            44.06643527718482
          ],
          [
            -123.11371682097325,
            44.066410905710825
          ],
          [
            -123.11397984562322,
            44.06639180543143
          ]
        ]
      },
      "properties": {
        "OBJECTID": 499,
        "bike_segid": 841,
        "eug_id": null,
        "name": null,
        "ftype": "Shared Use Path",
        "ftypedes": "Shared Use Path",
        "lane_type": null,
        "lane_typedes": null,
        "status": "Built",
        "maint": "EUG",
        "source": null,
        "easement": null,
        "lane_num": null,
        "lane_placement": null,
        "geofeature_id": "{057F18CF-81C0-46C9-B7F8-C2233156007A}",
        "Shape_Length": 106.80602423395203,
        "layer": "bike_lanes"
      }
    },
    {
      "type": "Feature",
      "id": "bike_lanes_322",
      "geometry": {
        "type": "LineString",
        "coordinates": [
          [
            -123.11357892724037,
            44.06643527718482
          ],
          [
            -123.11362608611108,
            44.0663828530808
          ],
          [
            -123.1136667537246,
            44.0663483949489
          ],
          [
            -123.11373161274223,
            44.06630186168083
          ],
          [
            -123.11380522986238,
            44.066256179287585
          ],
          [
            -123.11389042117308,
            44.06620918821809
          ],
          [
            -123.11397411483068,
            44.066161181828605
          ],
          [
            -123.11407464706174,
            44.066099170477315
          ],
          [
            -123.11413953777158,
            44.06605280552546
          ],
          [
            -123.11420018754521,
            44.06601038974381
          ],
          [
            -123.11427149015255,
            44.06594484312126
          ],
          [
            -123.11433035790061,
            44.06586070757733
          ],
          [
            -123.11436495109064,
            44.06575558361963
          ]
        ]
      },
      "properties": {
        "OBJECTID": 500,
        "bike_segid": 842,
        "eug_id": null,
        "name": null,
        "ftype": "Shared Use Path",
        "ftypedes": "Shared Use Path",
        "lane_type": null,
        "lane_typedes": null,
        "status": "Built",
        "maint": "EUG",
        "source": null,
        "easement": null,
        "lane_num": null,
        "lane_placement": null,
        "geofeature_id": "{A1721A92-D007-4C93-B53E-648A22B1AC1D}",
        "Shape_Length": 330.2678750491366,
        "layer": "bike_lanes"
      }
    },
    {
      "type": "Feature",
      "id": "bike_lanes_323",
      "geometry": {
        "type": "LineString",
        "coordinates": [
          [
            -123.11269128412327,
            44.06677604662393
          ],
          [
            -123.1125777313561,
            44.066705226063135
          ],
          [
            -123.11248464873698,
            44.06663708993143
          ],
          [
            -123.1124123534134,
            44.06657896852098
          ],
          [
            -123.11235194731148,
            44.06652686798842
          ],
          [
            -123.11230193420742,
            44.0664797748459
          ],
          [
            -123.11226658113986,
            44.06643549697005
          ],
          [
            -123.11222768941556,
            44.06637662393455
          ],
          [
            -123.1121772266917,
            44.066285515673535
          ],
          [
            -123.11212939652222,
            44.066188058854415
          ],
          [
            -123.11207262797363,
            44.066052019154455
          ],
          [
            -123.11203473784202,
            44.065949098335565
          ],
          [
            -123.11198428013202,
            44.06579090447404
          ],
          [
            -123.11193141366579,
            44.06556257477579
          ],
          [
            -123.11189861638549,
            44.065457400879986
          ],
          [
            -123.11186077222598,
            44.06535552702665
          ]
        ]
      },
      "properties": {
        "OBJECTID": 504,
        "bike_segid": 847,
        "eug_id": null,
        "name": "Ruth Bascom Path - South Bank",
        "ftype": "Shared Use Path",
        "ftypedes": "Shared Use Path",
        "lane_type": null,
        "lane_typedes": null,
        "status": "Built",
        "maint": "UNKNOWN",
        "source": null,
        "easement": null,
        "lane_num": null,
        "lane_placement": null,
        "geofeature_id": "{D383FEFA-0D3E-4DD1-950F-4F92EFFB28D8}",
        "Shape_Length": 576.9411320306594,
        "layer": "bike_lanes"
      }
    },
    {
      "type": "Feature",
      "id": "bike_lanes_324",
      "geometry": {
        "type": "LineString",
        "coordinates": [
          [
            -123.11342173765891,
            44.06683399397805
          ],
          [
            -123.11345491571527,
            44.06679446326455
          ],
          [
            -123.11348008626769,
            44.06674445470671
          ],
          [
            -123.11350076332829,
            44.06669172632072
          ],
          [
            -123.11352069261227,
            44.0665340728057
          ],
          [
            -123.11354307061673,
            44.066480109483315
          ],
          [
            -123.11357892724037,
            44.06643527718482
          ]
        ]
      },
      "properties": {
        "OBJECTID": 506,
        "bike_segid": 849,
        "eug_id": null,
        "name": null,
        "ftype": "Shared Use Path",
        "ftypedes": "Shared Use Path",
        "lane_type": null,
        "lane_typedes": null,
        "status": "Built",
        "maint": "EUG",
        "source": null,
        "easement": null,
        "lane_num": null,
        "lane_placement": null,
        "geofeature_id": "{BABE5520-9D2F-4C97-82E4-141F1DFB38F9}",
        "Shape_Length": 153.3251390259346,
        "layer": "bike_lanes"
      }
    },
    {
      "type": "Feature",
      "id": "bike_lanes_325",
      "geometry": {
        "type": "LineString",
        "coordinates": [
          [
            -123.11294762035001,
            44.066887679211256
          ],
          [
            -123.11287087418611,
            44.06686110389429
          ],
          [
            -123.11280406660154,
            44.066829064544244
          ],
          [
            -123.11269128412327,
            44.06677604662393
          ]
        ]
      },
      "properties": {
        "OBJECTID": 507,
        "bike_segid": 850,
        "eug_id": null,
        "name": "Ruth Bascom Path - West Bank",
        "ftype": "Shared Use Path",
        "ftypedes": "Shared Use Path",
        "lane_type": null,
        "lane_typedes": null,
        "status": "Built",
        "maint": "UNKNOWN",
        "source": null,
        "easement": null,
        "lane_num": null,
        "lane_placement": null,
        "geofeature_id": "{269A8583-6EF2-4D45-A247-8E5585098DE5}",
        "Shape_Length": 78.85816914376399,
        "layer": "bike_lanes"
      }
    },
    {
      "type": "Feature",
      "id": "bike_lanes_326",
      "geometry": {
        "type": "LineString",
        "coordinates": [
          [
            -123.05476748122413,
            44.068221842889926
          ],
          [
            -123.05388055717003,
            44.06839074385469
          ]
        ]
      },
      "properties": {
        "OBJECTID": 508,
        "bike_segid": 851,
        "eug_id": null,
        "name": null,
        "ftype": "Accessway",
        "ftypedes": "Accessway",
        "lane_type": null,
        "lane_typedes": null,
        "status": "Built",
        "maint": "UNKNOWN",
        "source": null,
        "easement": null,
        "lane_num": null,
        "lane_placement": null,
        "geofeature_id": "{72E1EE76-17DE-44AA-B7ED-A9C8930B00D9}",
        "Shape_Length": 241.11908682073988,
        "layer": "bike_lanes"
      }
    },
    {
      "type": "Feature",
      "id": "bike_lanes_327",
      "geometry": {
        "type": "LineString",
        "coordinates": [
          [
            -123.11144029655046,
            44.06775109467926
          ],
          [
            -123.11246476553666,
            44.06708387126968
          ],
          [
            -123.11258233452008,
            44.067012751288445
          ],
          [
            -123.112689497085,
            44.06693591637919
          ]
        ]
      },
      "properties": {
        "OBJECTID": 510,
        "bike_segid": 854,
        "eug_id": null,
        "name": "Greenway Bridge Path",
        "ftype": "Shared Use Path",
        "ftypedes": "Shared Use Path",
        "lane_type": null,
        "lane_typedes": null,
        "status": "Built",
        "maint": "UNKNOWN",
        "source": null,
        "easement": null,
        "lane_num": null,
        "lane_placement": null,
        "geofeature_id": "{67AAE22F-A9A1-4FC2-A804-20466EE923A1}",
        "Shape_Length": 442.93671553018964,
        "layer": "bike_lanes"
      }
    },
    {
      "type": "Feature",
      "id": "bike_lanes_328",
      "geometry": {
        "type": "LineString",
        "coordinates": [
          [
            -123.07523016499195,
            44.068727787674426
          ],
          [
            -123.07441358958557,
            44.06873448492996
          ],
          [
            -123.07388050691014,
            44.068685239994174
          ],
          [
            -123.07342842785759,
            44.0685271664229
          ],
          [
            -123.0729534787424,
            44.06832362945596
          ],
          [
            -123.07193450825133,
            44.06777684396207
          ]
        ]
      },
      "properties": {
        "OBJECTID": 511,
        "bike_segid": 856,
        "eug_id": null,
        "name": "Oakmont Park",
        "ftype": "Route",
        "ftypedes": "Route",
        "lane_type": null,
        "lane_typedes": null,
        "status": "Built",
        "maint": "EUG",
        "source": null,
        "easement": null,
        "lane_num": null,
        "lane_placement": null,
        "geofeature_id": "{4D2B2137-F1BB-4D34-82E0-7C7A3366F7F4}",
        "Shape_Length": 967.0655661846371,
        "layer": "bike_lanes"
      }
    },
    {
      "type": "Feature",
      "id": "bike_lanes_329",
      "geometry": {
        "type": "LineString",
        "coordinates": [
          [
            -123.1109738404255,
            44.068046367930606
          ],
          [
            -123.11093675613819,
            44.06802355996567
          ],
          [
            -123.11089559038344,
            44.06801295506238
          ],
          [
            -123.11075497255474,
            44.0679227947293
          ],
          [
            -123.11051252286623,
            44.067783587297356
          ],
          [
            -123.11033157950784,
            44.06767969344358
          ],
          [
            -123.11003254000707,
            44.06752184573164
          ],
          [
            -123.10920685732141,
            44.06713826729507
          ],
          [
            -123.10895110954016,
            44.06702323236817
          ],
          [
            -123.10852704994194,
            44.06686385357991
          ],
          [
            -123.1082551193437,
            44.06676728597964
          ],
          [
            -123.10801788310556,
            44.06668766018018
          ],
          [
            -123.10764990687237,
            44.066582717360966
          ],
          [
            -123.10754370824462,
            44.06654736652193
          ],
          [
            -123.10715095245824,
            44.0664240152873
          ],
          [
            -123.107108281081,
            44.06639996117932
          ],
          [
            -123.10707387826486,
            44.066360709018895
          ],
          [
            -123.1070397497554,
            44.06630412607762
          ],
          [
            -123.10697917294979,
            44.06625723820747
          ],
          [
            -123.10690998604163,
            44.066213588774815
          ],
          [
            -123.10663725614758,
            44.06607391343461
          ],
          [
            -123.10656262503075,
            44.0660441432446
          ],
          [
            -123.10651354675227,
            44.06603237915887
          ],
          [
            -123.10642368721169,
            44.066017243696066
          ],
          [
            -123.10614650293002,
            44.06598040384349
          ],
          [
            -123.10605665674814,
            44.0659647347632
          ],
          [
            -123.1059266934541,
            44.06593906303516
          ],
          [
            -123.10586548860834,
            44.06592185689863
          ],
          [
            -123.1054422758523,
            44.06577558586341
          ],
          [
            -123.105320658695,
            44.06573353878866
          ],
          [
            -123.1048091481803,
            44.06557055800297
          ],
          [
            -123.10381541043925,
            44.06524738887123
          ],
          [
            -123.10349828083184,
            44.06514129291891
          ],
          [
            -123.10281374367862,
            44.06490926155382
          ],
          [
            -123.10216301150164,
            44.064710986362265
          ],
          [
            -123.10138476965976,
            44.06447168532644
          ],
          [
            -123.10114554255476,
            44.064408048200676
          ],
          [
            -123.10107193113724,
            44.06440055462095
          ],
          [
            -123.1010123644821,
            44.06439831624177
          ],
          [
            -123.10093914953632,
            44.064401386188365
          ],
          [
            -123.10089555049697,
            44.06440164612476
          ],
          [
            -123.10083589157219,
            44.06439726587085
          ],
          [
            -123.10078885834167,
            44.06438688343749
          ],
          [
            -123.10075079980298,
            44.06437621442011
          ]
        ]
      },
      "properties": {
        "OBJECTID": 513,
        "bike_segid": 860,
        "eug_id": null,
        "name": "Ruth Bascom Path - North Bank",
        "ftype": "Shared Use Path",
        "ftypedes": "Shared Use Path",
        "lane_type": null,
        "lane_typedes": null,
        "status": "Built",
        "maint": "UNKNOWN",
        "source": null,
        "easement": null,
        "lane_num": null,
        "lane_placement": null,
        "geofeature_id": "{CCB42CDB-C2EA-444B-99EB-4202F2B663EE}",
        "Shape_Length": 3036.4340314146434,
        "layer": "bike_lanes"
      }
    },
    {
      "type": "Feature",
      "id": "bike_lanes_330",
      "geometry": {
        "type": "LineString",
        "coordinates": [
          [
            -123.07574310348615,
            44.06867087708954
          ],
          [
            -123.075651041193,
            44.0686938838695
          ],
          [
            -123.07559216151523,
            44.06871091249087
          ],
          [
            -123.07555176109881,
            44.06871809782286
          ],
          [
            -123.07551276947001,
            44.06872420384007
          ],
          [
            -123.07545199072435,
            44.06873079307837
          ],
          [
            -123.0753707889428,
            44.06873573824278
          ],
          [
            -123.07531700322777,
            44.06873588309198
          ],
          [
            -123.07523016499195,
            44.068727787674426
          ]
        ]
      },
      "properties": {
        "OBJECTID": 514,
        "bike_segid": 861,
        "eug_id": null,
        "name": null,
        "ftype": "Accessway",
        "ftypedes": "Accessway",
        "lane_type": null,
        "lane_typedes": null,
        "status": "Built",
        "maint": "UNKNOWN",
        "source": null,
        "easement": null,
        "lane_num": null,
        "lane_placement": null,
        "geofeature_id": "{8C392731-5688-4B33-91DE-6FB875F07966}",
        "Shape_Length": 138.4369589315461,
        "layer": "bike_lanes"
      }
    },
    {
      "type": "Feature",
      "id": "bike_lanes_331",
      "geometry": {
        "type": "LineString",
        "coordinates": [
          [
            -123.07727723986547,
            44.068921567527056
          ],
          [
            -123.07741878743917,
            44.06891983574838
          ],
          [
            -123.0774704700626,
            44.06892962739503
          ],
          [
            -123.07756290624893,
            44.06894386810367
          ],
          [
            -123.0776834464429,
            44.068958861561995
          ],
          [
            -123.07777755733721,
            44.06896774992297
          ],
          [
            -123.07787204114778,
            44.068974228589184
          ],
          [
            -123.07791972181217,
            44.06897660053125
          ],
          [
            -123.07796189369098,
            44.068978116932406
          ],
          [
            -123.07801452724712,
            44.06897946858078
          ],
          [
            -123.07851695060883,
            44.06898338896512
          ]
        ]
      },
      "properties": {
        "OBJECTID": 515,
        "bike_segid": 862,
        "eug_id": null,
        "name": null,
        "ftype": "Route",
        "ftypedes": "Route",
        "lane_type": null,
        "lane_typedes": null,
        "status": "Built",
        "maint": "UNKNOWN",
        "source": null,
        "easement": null,
        "lane_num": null,
        "lane_placement": null,
        "geofeature_id": "{A10BEEB0-032D-43C8-8258-34D944921087}",
        "Shape_Length": 327.7163403910307,
        "layer": "bike_lanes"
      }
    },
    {
      "type": "Feature",
      "id": "bike_lanes_332",
      "geometry": {
        "type": "LineString",
        "coordinates": [
          [
            -123.05190695204557,
            44.06167422864181
          ],
          [
            -123.05189562652619,
            44.06143261629381
          ],
          [
            -123.05189755557414,
            44.06125041439358
          ],
          [
            -123.0518692655266,
            44.06117287650665
          ],
          [
            -123.05186392723094,
            44.06115824463827
          ],
          [
            -123.0517382745348,
            44.0610383199217
          ],
          [
            -123.05172474114364,
            44.060913547630996
          ],
          [
            -123.05183553310039,
            44.0607991461289
          ],
          [
            -123.05183561387271,
            44.06075453118891
          ],
          [
            -123.05183628212971,
            44.06038699741394
          ]
        ]
      },
      "properties": {
        "OBJECTID": 516,
        "bike_segid": 863,
        "eug_id": null,
        "name": "Garden Way Path",
        "ftype": "Shared Use Path",
        "ftypedes": "Shared Use Path",
        "lane_type": null,
        "lane_typedes": null,
        "status": "Built",
        "maint": "EUG",
        "source": null,
        "easement": null,
        "lane_num": null,
        "lane_placement": null,
        "geofeature_id": "{1D978D84-A728-4333-B4AC-54DB012781BB}",
        "Shape_Length": 490.834919613434,
        "layer": "bike_lanes"
      }
    },
    {
      "type": "Feature",
      "id": "bike_lanes_333",
      "geometry": {
        "type": "LineString",
        "coordinates": [
          [
            -123.05931627935911,
            44.069626286976636
          ],
          [
            -123.0593382475511,
            44.068755090218005
          ],
          [
            -123.05936682045781,
            44.06749132486859
          ],
          [
            -123.05937736581423,
            44.06628933177867
          ],
          [
            -123.0593813078725,
            44.06584864954241
          ],
          [
            -123.05938149938487,
            44.06582707119139
          ]
        ]
      },
      "properties": {
        "OBJECTID": 517,
        "bike_segid": 864,
        "eug_id": null,
        "name": null,
        "ftype": "Route",
        "ftypedes": "Route",
        "lane_type": null,
        "lane_typedes": null,
        "status": "Built",
        "maint": "UNKNOWN",
        "source": null,
        "easement": null,
        "lane_num": null,
        "lane_placement": null,
        "geofeature_id": "{03B067B0-000A-49F0-9323-29E43B449E89}",
        "Shape_Length": 1385.1389987944738,
        "layer": "bike_lanes"
      }
    },
    {
      "type": "Feature",
      "id": "bike_lanes_334",
      "geometry": {
        "type": "LineString",
        "coordinates": [
          [
            -123.10320321884213,
            44.07012753735097
          ],
          [
            -123.10320169309142,
            44.07013070133913
          ],
          [
            -123.1031703280355,
            44.070136915822914
          ],
          [
            -123.10315290225503,
            44.070139417906894
          ],
          [
            -123.10145845337738,
            44.07013832237177
          ],
          [
            -123.10120636054663,
            44.07013110493276
          ],
          [
            -123.10097462900004,
            44.07013629575019
          ],
          [
            -123.10084018764114,
            44.07014370818359
          ],
          [
            -123.1006260403609,
            44.070144103309524
          ],
          [
            -123.10057237851385,
            44.07014101742368
          ],
          [
            -123.10050892693879,
            44.070113144928044
          ],
          [
            -123.10046096541072,
            44.070129262856895
          ]
        ]
      },
      "properties": {
        "OBJECTID": 519,
        "bike_segid": 880,
        "eug_id": null,
        "name": null,
        "ftype": "Sidewalk Path",
        "ftypedes": "Sidewalk Path",
        "lane_type": null,
        "lane_typedes": null,
        "status": "Built",
        "maint": "UNKNOWN",
        "source": null,
        "easement": null,
        "lane_num": null,
        "lane_placement": null,
        "geofeature_id": "{315E5EE4-6770-4F23-AE8D-2E59823DA28B}",
        "Shape_Length": 726.3687899665589,
        "layer": "bike_lanes"
      }
    },
    {
      "type": "Feature",
      "id": "bike_lanes_335",
      "geometry": {
        "type": "LineString",
        "coordinates": [
          [
            -123.0638244566149,
            44.072470915875144
          ],
          [
            -123.06382325977333,
            44.072461320796165
          ],
          [
            -123.06382081907738,
            44.07241047507574
          ],
          [
            -123.06382174973206,
            44.07236517241686
          ],
          [
            -123.0638313966937,
            44.07228983228719
          ],
          [
            -123.06385472967838,
            44.07220063830705
          ],
          [
            -123.06389337957665,
            44.07210964391444
          ],
          [
            -123.0639026771966,
            44.07208603134683
          ],
          [
            -123.06390526153635,
            44.072067019400265
          ],
          [
            -123.06391131226884,
            44.07172367464692
          ],
          [
            -123.06390873550114,
            44.071651103840395
          ],
          [
            -123.06389765316888,
            44.07157568923294
          ],
          [
            -123.0638861587969,
            44.07152911852934
          ],
          [
            -123.06387182669447,
            44.07148295082329
          ],
          [
            -123.06384688235892,
            44.07142226912353
          ],
          [
            -123.0638162994173,
            44.07136308409566
          ],
          [
            -123.06378007001837,
            44.07130556338046
          ],
          [
            -123.06375985099415,
            44.07127753692145
          ],
          [
            -123.06372670109043,
            44.07123641713214
          ],
          [
            -123.06370320905563,
            44.07120983511003
          ],
          [
            -123.0636787882076,
            44.071183789509334
          ],
          [
            -123.06363911433971,
            44.07114590114565
          ],
          [
            -123.06358218266938,
            44.071097806142234
          ],
          [
            -123.06351174026081,
            44.07103722211548
          ],
          [
            -123.06343752732383,
            44.070959101660065
          ],
          [
            -123.06337498757064,
            44.07087574975176
          ],
          [
            -123.06333241081416,
            44.07080310750012
          ],
          [
            -123.06329288744566,
            44.070712729586695
          ],
          [
            -123.06327010120515,
            44.070635531190284
          ],
          [
            -123.06325677863636,
            44.07055709744933
          ],
          [
            -123.06325332939689,
            44.07047587156237
          ],
          [
            -123.06325890215486,
            44.0701315684114
          ],
          [
            -123.06326339240242,
            44.06964528759824
          ]
        ]
      },
      "properties": {
        "OBJECTID": 524,
        "bike_segid": 888,
        "eug_id": null,
        "name": null,
        "ftype": "Route",
        "ftypedes": "Route",
        "lane_type": null,
        "lane_typedes": null,
        "status": "Built",
        "maint": "UNKNOWN",
        "source": null,
        "easement": null,
        "lane_num": null,
        "lane_placement": null,
        "geofeature_id": "{3872C200-4F8F-4FEA-A5CC-4D5780FF6342}",
        "Shape_Length": 1076.1140778403565,
        "layer": "bike_lanes"
      }
    },
    {
      "type": "Feature",
      "id": "bike_lanes_336",
      "geometry": {
        "type": "LineString",
        "coordinates": [
          [
            -123.05854568843482,
            44.073187654532596
          ],
          [
            -123.05823106189027,
            44.073255401463236
          ],
          [
            -123.05815259981652,
            44.073265336006905
          ],
          [
            -123.05806048448,
            44.073269395535576
          ],
          [
            -123.05739006840263,
            44.07326915857155
          ],
          [
            -123.0572844226894,
            44.07326113340767
          ],
          [
            -123.05719435343869,
            44.073245541384246
          ],
          [
            -123.0570292377881,
            44.073209049030545
          ],
          [
            -123.05693922090256,
            44.073189117621475
          ],
          [
            -123.05680017760858,
            44.07316422222529
          ],
          [
            -123.05668078426662,
            44.0731507070501
          ],
          [
            -123.05656293399008,
            44.07314628854902
          ],
          [
            -123.05629596305629,
            44.073145477655366
          ],
          [
            -123.05622865144325,
            44.07314026863379
          ],
          [
            -123.05616256289693,
            44.07313023271945
          ],
          [
            -123.05607792369034,
            44.07310911172504
          ],
          [
            -123.05599769001857,
            44.073079660617225
          ],
          [
            -123.05591548600489,
            44.07303738727617
          ],
          [
            -123.0558478229802,
            44.072990164084366
          ],
          [
            -123.05575866235588,
            44.07291764417715
          ],
          [
            -123.05519949968904,
            44.07246395693209
          ],
          [
            -123.05506030570439,
            44.072377175118206
          ],
          [
            -123.05486339205366,
            44.0722759594997
          ],
          [
            -123.054628932191,
            44.07219779004644
          ],
          [
            -123.05448896123445,
            44.07216753887757
          ],
          [
            -123.05432683880699,
            44.07215999620005
          ],
          [
            -123.05420296662406,
            44.07214605392484
          ],
          [
            -123.0541077717112,
            44.072141608263735
          ],
          [
            -123.05410955187213,
            44.06981301090055
          ]
        ]
      },
      "properties": {
        "OBJECTID": 525,
        "bike_segid": 890,
        "eug_id": null,
        "name": null,
        "ftype": "Route",
        "ftypedes": "Route",
        "lane_type": null,
        "lane_typedes": null,
        "status": "Built",
        "maint": "UNKNOWN",
        "source": null,
        "easement": null,
        "lane_num": null,
        "lane_placement": null,
        "geofeature_id": "{6629508E-2592-4AA6-8E8E-B37BBB232FB6}",
        "Shape_Length": 2159.166552193798,
        "layer": "bike_lanes"
      }
    },
    {
      "type": "Feature",
      "id": "bike_lanes_337",
      "geometry": {
        "type": "LineString",
        "coordinates": [
          [
            -123.06144175449525,
            44.07325014298721
          ],
          [
            -123.06139822247218,
            44.07325215122358
          ],
          [
            -123.06135002111122,
            44.07324692521332
          ],
          [
            -123.06130278452306,
            44.0732301476017
          ],
          [
            -123.06128620934739,
            44.0732047190174
          ],
          [
            -123.06079992455642,
            44.07307519537423
          ],
          [
            -123.06077070527917,
            44.073067618314724
          ],
          [
            -123.06074274083842,
            44.07306071137375
          ],
          [
            -123.06066637789587,
            44.07304404365461
          ],
          [
            -123.06061506172522,
            44.073034540780824
          ],
          [
            -123.06056332834916,
            44.07302641926718
          ],
          [
            -123.06053700809684,
            44.0730228830714
          ],
          [
            -123.06048440377633,
            44.07301666342707
          ],
          [
            -123.06040560308976,
            44.07300982744435
          ],
          [
            -123.0603526690241,
            44.07300705087123
          ],
          [
            -123.06027265285265,
            44.07300521170975
          ],
          [
            -123.06021985684261,
            44.073005689616664
          ],
          [
            -123.06011395666944,
            44.07301059852862
          ],
          [
            -123.06006085971025,
            44.07301519954666
          ],
          [
            -123.05995624446848,
            44.073027967337566
          ],
          [
            -123.0598273456804,
            44.07305156440142
          ],
          [
            -123.05972696388918,
            44.073076108403974
          ]
        ]
      },
      "properties": {
        "OBJECTID": 526,
        "bike_segid": 891,
        "eug_id": null,
        "name": null,
        "ftype": "Route",
        "ftypedes": "Route",
        "lane_type": null,
        "lane_typedes": null,
        "status": "Built",
        "maint": "UNKNOWN",
        "source": null,
        "easement": null,
        "lane_num": null,
        "lane_placement": null,
        "geofeature_id": "{636921CA-6234-4C2A-B639-42744DBF40F6}",
        "Shape_Length": 472.7702401072921,
        "layer": "bike_lanes"
      }
    },
    {
      "type": "Feature",
      "id": "bike_lanes_338",
      "geometry": {
        "type": "LineString",
        "coordinates": [
          [
            -123.06144175449525,
            44.07325014298721
          ],
          [
            -123.06145956156567,
            44.072984556827436
          ],
          [
            -123.06146486911194,
            44.072938319438244
          ],
          [
            -123.06147110988373,
            44.07291407312631
          ],
          [
            -123.06149006737034,
            44.07288116104386
          ],
          [
            -123.06151351638148,
            44.07285129402069
          ],
          [
            -123.06154977218503,
            44.072814855319535
          ],
          [
            -123.06159465179941,
            44.072776130283124
          ],
          [
            -123.06164125287854,
            44.07274365732983
          ],
          [
            -123.06168543682112,
            44.07272276618332
          ],
          [
            -123.06171708191526,
            44.072714730878516
          ],
          [
            -123.06176342927868,
            44.07271056341379
          ],
          [
            -123.06186438850338,
            44.072713426948305
          ],
          [
            -123.06211276323845,
            44.07271731664012
          ],
          [
            -123.06237883027542,
            44.07272004648471
          ],
          [
            -123.06249970214567,
            44.0727247174394
          ],
          [
            -123.06258720868041,
            44.07273117170449
          ],
          [
            -123.06272050198537,
            44.07275443495679
          ],
          [
            -123.0628906853876,
            44.07279051030522
          ],
          [
            -123.0631753307617,
            44.07286860819389
          ],
          [
            -123.06354379855999,
            44.07296892406087
          ],
          [
            -123.06372318549066,
            44.07301636406764
          ],
          [
            -123.0637905353459,
            44.07302745552284
          ]
        ]
      },
      "properties": {
        "OBJECTID": 531,
        "bike_segid": 896,
        "eug_id": null,
        "name": "Ascot Park Path",
        "ftype": "Shared Use Path",
        "ftypedes": "Shared Use Path",
        "lane_type": null,
        "lane_typedes": null,
        "status": "Built",
        "maint": "UNKNOWN",
        "source": null,
        "easement": null,
        "lane_num": null,
        "lane_placement": null,
        "geofeature_id": "{C2FE08AE-988E-4AB5-B99F-D3BCC954C2CF}",
        "Shape_Length": 786.4282588679354,
        "layer": "bike_lanes"
      }
    },
    {
      "type": "Feature",
      "id": "bike_lanes_339",
      "geometry": {
        "type": "LineString",
        "coordinates": [
          [
            -123.07421707992582,
            44.07302340192878
          ],
          [
            -123.07418025493297,
            44.07346244382582
          ]
        ]
      },
      "properties": {
        "OBJECTID": 532,
        "bike_segid": 898,
        "eug_id": null,
        "name": null,
        "ftype": "Accessway",
        "ftypedes": "Accessway",
        "lane_type": null,
        "lane_typedes": null,
        "status": "Built",
        "maint": "UNKNOWN",
        "source": null,
        "easement": null,
        "lane_num": null,
        "lane_placement": null,
        "geofeature_id": "{3DBA2AE9-6031-4131-83A9-EB0951E3EBFD}",
        "Shape_Length": 160.34651745036686,
        "layer": "bike_lanes"
      }
    },
    {
      "type": "Feature",
      "id": "bike_lanes_340",
      "geometry": {
        "type": "LineString",
        "coordinates": [
          [
            -123.07418025493297,
            44.07346244382582
          ],
          [
            -123.07289195897926,
            44.073443950007935
          ],
          [
            -123.07155690020292,
            44.073424295827856
          ],
          [
            -123.06959951183732,
            44.07342458155712
          ]
        ]
      },
      "properties": {
        "OBJECTID": 533,
        "bike_segid": 899,
        "eug_id": null,
        "name": "Tandy Turn/Lariat Meadows",
        "ftype": "Route",
        "ftypedes": "Route",
        "lane_type": null,
        "lane_typedes": null,
        "status": "Built",
        "maint": "EUG",
        "source": null,
        "easement": null,
        "lane_num": null,
        "lane_placement": null,
        "geofeature_id": "{B7F50350-CB05-4AE0-B1E1-A77C59EE95F4}",
        "Shape_Length": 1204.0695858509007,
        "layer": "bike_lanes"
      }
    },
    {
      "type": "Feature",
      "id": "bike_lanes_341",
      "geometry": {
        "type": "LineString",
        "coordinates": [
          [
            -123.07846836281753,
            44.073451254219144
          ],
          [
            -123.07765842372265,
            44.07343433348253
          ],
          [
            -123.07747034276163,
            44.07340324535787
          ],
          [
            -123.07732852898715,
            44.07331022152974
          ],
          [
            -123.07723920224697,
            44.07319679948856
          ],
          [
            -123.07713429514837,
            44.073135013757486
          ],
          [
            -123.07693411678149,
            44.073133045292835
          ],
          [
            -123.07641368751011,
            44.07312856238123
          ],
          [
            -123.0760442957746,
            44.073120730347554
          ],
          [
            -123.07591382863505,
            44.07308515358466
          ],
          [
            -123.07577536657024,
            44.0729664105272
          ],
          [
            -123.07565460358268,
            44.07294985321591
          ],
          [
            -123.0752319722877,
            44.07304898688875
          ],
          [
            -123.07497889717078,
            44.073057804236775
          ],
          [
            -123.07465351818931,
            44.07303937300847
          ],
          [
            -123.07421707992582,
            44.07302340192878
          ]
        ]
      },
      "properties": {
        "OBJECTID": 534,
        "bike_segid": 900,
        "eug_id": null,
        "name": "Tandy Turn/Lariat Meadows",
        "ftype": "Route",
        "ftypedes": "Route",
        "lane_type": null,
        "lane_typedes": null,
        "status": "Built",
        "maint": "EUG",
        "source": null,
        "easement": null,
        "lane_num": null,
        "lane_placement": null,
        "geofeature_id": "{CF7A1ACF-5453-4BD2-9BD7-9CC1B102E002}",
        "Shape_Length": 1193.3143917645139,
        "layer": "bike_lanes"
      }
    },
    {
      "type": "Feature",
      "id": "bike_lanes_342",
      "geometry": {
        "type": "LineString",
        "coordinates": [
          [
            -123.05730324481007,
            44.075049975203676
          ],
          [
            -123.05730151440392,
            44.07500913422105
          ],
          [
            -123.05686895194549,
            44.07500940294467
          ]
        ]
      },
      "properties": {
        "OBJECTID": 540,
        "bike_segid": 910,
        "eug_id": null,
        "name": null,
        "ftype": "Accessway",
        "ftypedes": "Accessway",
        "lane_type": null,
        "lane_typedes": null,
        "status": "Built",
        "maint": "UNKNOWN",
        "source": null,
        "easement": null,
        "lane_num": null,
        "lane_placement": null,
        "geofeature_id": "{F6759E10-DD61-4052-81A6-52E58A8B1173}",
        "Shape_Length": 128.58055202778826,
        "layer": "bike_lanes"
      }
    },
    {
      "type": "Feature",
      "id": "bike_lanes_343",
      "geometry": {
        "type": "LineString",
        "coordinates": [
          [
            -123.066853673514,
            44.074731242330486
          ],
          [
            -123.06685206416499,
            44.074590819789144
          ],
          [
            -123.06684891818658,
            44.074551057233734
          ],
          [
            -123.06683655085097,
            44.07446537812427
          ],
          [
            -123.06682283757377,
            44.07441641671402
          ],
          [
            -123.06680789455532,
            44.074372721818186
          ],
          [
            -123.06679008893981,
            44.07433014003996
          ],
          [
            -123.06676466645226,
            44.07427933953426
          ],
          [
            -123.06671307877387,
            44.07419272290817
          ],
          [
            -123.0666715895331,
            44.07414198757041
          ],
          [
            -123.06662632031502,
            44.07410315600606
          ],
          [
            -123.06658902668659,
            44.07408091961054
          ],
          [
            -123.06652715169977,
            44.07406043388932
          ],
          [
            -123.06633336189566,
            44.073996044340795
          ],
          [
            -123.0661167567045,
            44.073921616039875
          ],
          [
            -123.06585288770181,
            44.07383094517818
          ],
          [
            -123.06562541062281,
            44.07374687448204
          ],
          [
            -123.06541442238344,
            44.07366472066433
          ],
          [
            -123.06523517017287,
            44.0735961689326
          ],
          [
            -123.06509301020554,
            44.07353537017472
          ]
        ]
      },
      "properties": {
        "OBJECTID": 543,
        "bike_segid": 913,
        "eug_id": null,
        "name": "Ascot Park Path",
        "ftype": "Shared Use Path",
        "ftypedes": "Shared Use Path",
        "lane_type": null,
        "lane_typedes": null,
        "status": "Built",
        "maint": "UNKNOWN",
        "source": null,
        "easement": null,
        "lane_num": null,
        "lane_placement": null,
        "geofeature_id": "{308A33F4-A663-4136-8410-C490B6B4E7F8}",
        "Shape_Length": 695.5233050207233,
        "layer": "bike_lanes"
      }
    },
    {
      "type": "Feature",
      "id": "bike_lanes_344",
      "geometry": {
        "type": "LineString",
        "coordinates": [
          [
            -123.11212504695644,
            44.07078874263343
          ],
          [
            -123.11212089443094,
            44.0706625134247
          ],
          [
            -123.11212652550412,
            44.070624650957974
          ],
          [
            -123.11215594091911,
            44.07056528852428
          ],
          [
            -123.11218217908497,
            44.07053325178685
          ],
          [
            -123.11223832776534,
            44.07048691551112
          ],
          [
            -123.11268933160127,
            44.070191654122866
          ],
          [
            -123.11273976126374,
            44.070147542393805
          ],
          [
            -123.11277031032948,
            44.070114360441885
          ],
          [
            -123.11279346092454,
            44.07007819985246
          ],
          [
            -123.1128058994385,
            44.07002970258683
          ],
          [
            -123.11281134869463,
            44.06998765098756
          ],
          [
            -123.11280368468785,
            44.06987776018582
          ],
          [
            -123.11280423204776,
            44.069823240275745
          ],
          [
            -123.11283274279664,
            44.06970939128461
          ],
          [
            -123.11283846401875,
            44.0696736237614
          ],
          [
            -123.11283624290063,
            44.06962231124253
          ],
          [
            -123.11282598710423,
            44.0695869023246
          ],
          [
            -123.11279644197633,
            44.069542493935074
          ],
          [
            -123.11234299349134,
            44.06905451852513
          ],
          [
            -123.11207822294939,
            44.068769344501455
          ],
          [
            -123.11202830010366,
            44.068724346256424
          ],
          [
            -123.11196839067829,
            44.06868376580324
          ],
          [
            -123.11191134164183,
            44.06864207201117
          ],
          [
            -123.11157499255526,
            44.06839492008047
          ],
          [
            -123.11148962249968,
            44.06833709217933
          ],
          [
            -123.1114300761979,
            44.06830488782995
          ],
          [
            -123.11124344941429,
            44.06822522781761
          ]
        ]
      },
      "properties": {
        "OBJECTID": 545,
        "bike_segid": 915,
        "eug_id": null,
        "name": "Ruth Bascom Path - East Bank",
        "ftype": "Shared Use Path",
        "ftypedes": "Shared Use Path",
        "lane_type": null,
        "lane_typedes": null,
        "status": "Built",
        "maint": "EUG",
        "source": null,
        "easement": null,
        "lane_num": null,
        "lane_placement": null,
        "geofeature_id": "{4BCE90B2-BB4D-4616-8969-484436491462}",
        "Shape_Length": 1164.1904713255653,
        "layer": "bike_lanes"
      }
    },
    {
      "type": "Feature",
      "id": "bike_lanes_345",
      "geometry": {
        "type": "LineString",
        "coordinates": [
          [
            -123.06933500444363,
            44.07609850403368
          ],
          [
            -123.06767193341247,
            44.07609024459576
          ],
          [
            -123.06688468495324,
            44.07608642768199
          ],
          [
            -123.0668804857618,
            44.075453094316444
          ],
          [
            -123.06688485917896,
            44.074824810620186
          ],
          [
            -123.066853673514,
            44.074731242330486
          ]
        ]
      },
      "properties": {
        "OBJECTID": 551,
        "bike_segid": 923,
        "eug_id": null,
        "name": null,
        "ftype": "Route",
        "ftypedes": "Route",
        "lane_type": null,
        "lane_typedes": null,
        "status": "Built",
        "maint": "UNKNOWN",
        "source": null,
        "easement": null,
        "lane_num": null,
        "lane_placement": null,
        "geofeature_id": "{CA95C223-9D81-4112-B4E2-10C620A9574D}",
        "Shape_Length": 1139.0036412326367,
        "layer": "bike_lanes"
      }
    },
    {
      "type": "Feature",
      "id": "bike_lanes_346",
      "geometry": {
        "type": "LineString",
        "coordinates": [
          [
            -123.1162963610023,
            44.07311931488629
          ],
          [
            -123.11634194425346,
            44.07285212838501
          ],
          [
            -123.11638264890902,
            44.072379198365965
          ],
          [
            -123.11638583607137,
            44.07225470367335
          ],
          [
            -123.11637839128892,
            44.07218359292517
          ],
          [
            -123.11636808858984,
            44.072113594633834
          ],
          [
            -123.11636303506464,
            44.07206085672226
          ],
          [
            -123.11636654445077,
            44.0719773608445
          ],
          [
            -123.11637566737845,
            44.0719195034775
          ],
          [
            -123.11639473175924,
            44.0718561808756
          ],
          [
            -123.11641079921289,
            44.0717572860918
          ],
          [
            -123.1164120025258,
            44.071671068921276
          ],
          [
            -123.11641456553636,
            44.07140814516071
          ],
          [
            -123.1164124840119,
            44.071387264920276
          ],
          [
            -123.11639141681673,
            44.071175961462636
          ],
          [
            -123.11634244122259,
            44.070884612575206
          ],
          [
            -123.11629918393216,
            44.070725209389444
          ],
          [
            -123.11616115534488,
            44.07029121269075
          ],
          [
            -123.11599294688907,
            44.06973106141998
          ],
          [
            -123.11594846606539,
            44.069610469560565
          ],
          [
            -123.11576759719952,
            44.069194208309135
          ],
          [
            -123.11569522808465,
            44.068983574936766
          ],
          [
            -123.11567423684494,
            44.068918533596396
          ]
        ]
      },
      "properties": {
        "OBJECTID": 552,
        "bike_segid": 924,
        "eug_id": null,
        "name": "Ruth Bascom Path - West Bank",
        "ftype": "Shared Use Path",
        "ftypedes": "Shared Use Path",
        "lane_type": null,
        "lane_typedes": null,
        "status": "Built",
        "maint": "UNKNOWN",
        "source": null,
        "easement": null,
        "lane_num": null,
        "lane_placement": null,
        "geofeature_id": "{986E8555-B267-4FAC-9705-7F44EE0B3777}",
        "Shape_Length": 1556.370627189777,
        "layer": "bike_lanes"
      }
    },
    {
      "type": "Feature",
      "id": "bike_lanes_347",
      "geometry": {
        "type": "LineString",
        "coordinates": [
          [
            -123.11927746869942,
            44.075107886917934
          ],
          [
            -123.11927706061462,
            44.07510789432145
          ],
          [
            -123.11610784393056,
            44.07509268519549
          ]
        ]
      },
      "properties": {
        "OBJECTID": 553,
        "bike_segid": 926,
        "eug_id": null,
        "name": null,
        "ftype": "Route",
        "ftypedes": "Route",
        "lane_type": null,
        "lane_typedes": null,
        "status": "Built",
        "maint": "UNKNOWN",
        "source": null,
        "easement": null,
        "lane_num": null,
        "lane_placement": null,
        "geofeature_id": "{0A0D60A5-F23B-4329-A9FA-BAFDD08E76CE}",
        "Shape_Length": 833.049039041228,
        "layer": "bike_lanes"
      }
    },
    {
      "type": "Feature",
      "id": "bike_lanes_348",
      "geometry": {
        "type": "LineString",
        "coordinates": [
          [
            -123.10821588799546,
            44.07579304204534
          ],
          [
            -123.1082498386188,
            44.07579174649546
          ],
          [
            -123.10837178225658,
            44.07574577683718
          ],
          [
            -123.10846227244636,
            44.07571204133133
          ],
          [
            -123.10853411677941,
            44.07568648150438
          ],
          [
            -123.10858695691655,
            44.07566433063352
          ],
          [
            -123.10865505266973,
            44.07562506534302
          ],
          [
            -123.10899249077781,
            44.075418726610536
          ],
          [
            -123.10957763553346,
            44.075070796756634
          ],
          [
            -123.1099416622993,
            44.07484773235237
          ],
          [
            -123.11043197475806,
            44.07455264500229
          ],
          [
            -123.11054655109798,
            44.074478792032814
          ],
          [
            -123.1107501341782,
            44.07433849010602
          ],
          [
            -123.11086778389243,
            44.07426196464659
          ],
          [
            -123.11091639950459,
            44.074243050926256
          ],
          [
            -123.11096687643047,
            44.074233530615714
          ],
          [
            -123.11102048452676,
            44.07422918110334
          ],
          [
            -123.1110742297494,
            44.07422797267596
          ],
          [
            -123.11125189513047,
            44.074247877095395
          ]
        ]
      },
      "properties": {
        "OBJECTID": 556,
        "bike_segid": 929,
        "eug_id": null,
        "name": "Delta Ponds Path",
        "ftype": "Shared Use Path",
        "ftypedes": "Shared Use Path",
        "lane_type": null,
        "lane_typedes": null,
        "status": "Built",
        "maint": "EUG",
        "source": null,
        "easement": null,
        "lane_num": null,
        "lane_placement": null,
        "geofeature_id": "{B9DAB40E-549F-47B9-8638-C7D7BE433F3A}",
        "Shape_Length": 1000.8267789428112,
        "layer": "bike_lanes"
      }
    },
    {
      "type": "Feature",
      "id": "bike_lanes_349",
      "geometry": {
        "type": "LineString",
        "coordinates": [
          [
            -123.0581128205588,
            44.07739401220694
          ],
          [
            -123.05817862724652,
            44.07736203707359
          ],
          [
            -123.05825479684154,
            44.07733195491971
          ],
          [
            -123.05840599257168,
            44.07729717845617
          ],
          [
            -123.05847118475157,
            44.07729154920781
          ],
          [
            -123.05897869117538,
            44.077292945948805
          ],
          [
            -123.05904142120129,
            44.0772978528605
          ],
          [
            -123.05943945467169,
            44.077396559893884
          ]
        ]
      },
      "properties": {
        "OBJECTID": 557,
        "bike_segid": 935,
        "eug_id": null,
        "name": null,
        "ftype": "Accessway",
        "ftypedes": "Accessway",
        "lane_type": null,
        "lane_typedes": null,
        "status": "Built",
        "maint": "UNKNOWN",
        "source": null,
        "easement": null,
        "lane_num": null,
        "lane_placement": null,
        "geofeature_id": "{C2F32E6B-323D-4169-AB70-7389DCF0D441}",
        "Shape_Length": 363.22750458602627,
        "layer": "bike_lanes"
      }
    },
    {
      "type": "Feature",
      "id": "bike_lanes_350",
      "geometry": {
        "type": "LineString",
        "coordinates": [
          [
            -123.05572796272342,
            44.077720418954144
          ],
          [
            -123.05573090656746,
            44.07729911264165
          ]
        ]
      },
      "properties": {
        "OBJECTID": 560,
        "bike_segid": 938,
        "eug_id": null,
        "name": null,
        "ftype": "Accessway",
        "ftypedes": "Accessway",
        "lane_type": null,
        "lane_typedes": null,
        "status": "Built",
        "maint": "UNKNOWN",
        "source": null,
        "easement": null,
        "lane_num": null,
        "lane_placement": null,
        "geofeature_id": "{C1D95419-4394-42FD-A15D-A8BCBD82307A}",
        "Shape_Length": 153.59083323457625,
        "layer": "bike_lanes"
      }
    },
    {
      "type": "Feature",
      "id": "bike_lanes_351",
      "geometry": {
        "type": "LineString",
        "coordinates": [
          [
            -123.1065865927079,
            44.076235896045674
          ],
          [
            -123.10750552503939,
            44.07591365633213
          ],
          [
            -123.10757086388446,
            44.07589921992754
          ],
          [
            -123.10771545308373,
            44.07591470692699
          ],
          [
            -123.10777517466396,
            44.07590904305598
          ],
          [
            -123.10783995485423,
            44.07588164972236
          ],
          [
            -123.10787596803543,
            44.07583616869413
          ],
          [
            -123.10788109471983,
            44.07576976632284
          ],
          [
            -123.10793108629068,
            44.07572397136631
          ],
          [
            -123.10795948044792,
            44.075725570303675
          ]
        ]
      },
      "properties": {
        "OBJECTID": 561,
        "bike_segid": 939,
        "eug_id": null,
        "name": "Delta Ponds Path",
        "ftype": "Shared Use Path",
        "ftypedes": "Shared Use Path",
        "lane_type": null,
        "lane_typedes": null,
        "status": "Built",
        "maint": "EUG",
        "source": null,
        "easement": null,
        "lane_num": null,
        "lane_placement": null,
        "geofeature_id": "{4E9652CC-2BA7-47B3-8992-12B2587C9747}",
        "Shape_Length": 432.574217908296,
        "layer": "bike_lanes"
      }
    },
    {
      "type": "Feature",
      "id": "bike_lanes_352",
      "geometry": {
        "type": "LineString",
        "coordinates": [
          [
            -123.1382634723691,
            44.07598255335543
          ],
          [
            -123.1378610344055,
            44.075734403939435
          ],
          [
            -123.13615869806596,
            44.07466408606932
          ],
          [
            -123.13494458388809,
            44.07391381165779
          ],
          [
            -123.1305908693415,
            44.071242303559465
          ],
          [
            -123.12271323601023,
            44.06630168626112
          ],
          [
            -123.12177316018867,
            44.06562485734505
          ],
          [
            -123.12060791534998,
            44.06482789659496
          ],
          [
            -123.11984420149663,
            44.064343825041874
          ],
          [
            -123.11947575124087,
            44.06415202296136
          ],
          [
            -123.11911999395461,
            44.064024256612434
          ],
          [
            -123.11885454437888,
            44.06395996581209
          ],
          [
            -123.11866001017557,
            44.063931000654264
          ],
          [
            -123.11838058750553,
            44.063925390927594
          ],
          [
            -123.11804196032107,
            44.063963997333595
          ],
          [
            -123.11750324925737,
            44.06396196366759
          ],
          [
            -123.11740483766648,
            44.06391996781064
          ]
        ]
      },
      "properties": {
        "OBJECTID": 562,
        "bike_segid": 940,
        "eug_id": null,
        "name": null,
        "ftype": "Paved Shoulder",
        "ftypedes": "Paved Shoulder",
        "lane_type": null,
        "lane_typedes": null,
        "status": "Built",
        "maint": "UNKNOWN",
        "source": null,
        "easement": null,
        "lane_num": null,
        "lane_placement": null,
        "geofeature_id": "{289589A5-733B-4FD7-A88C-DB224E8270F4}",
        "Shape_Length": 7123.727276238816,
        "layer": "bike_lanes"
      }
    },
    {
      "type": "Feature",
      "id": "bike_lanes_353",
      "geometry": {
        "type": "LineString",
        "coordinates": [
          [
            -123.0814578298206,
            44.077519271687784
          ],
          [
            -123.08145856110151,
            44.077451627309586
          ],
          [
            -123.08145404853829,
            44.07738957474852
          ],
          [
            -123.08144427858922,
            44.07734465277548
          ],
          [
            -123.08142911922195,
            44.07730051688408
          ],
          [
            -123.08140397100205,
            44.07724906137252
          ],
          [
            -123.08137740506753,
            44.07720782255481
          ],
          [
            -123.08134595745858,
            44.077168406576156
          ],
          [
            -123.08130986110356,
            44.07713111978973
          ],
          [
            -123.08122144093367,
            44.077047762522945
          ],
          [
            -123.08112228161482,
            44.0769628980223
          ],
          [
            -123.08101564830947,
            44.07688731057102
          ],
          [
            -123.08095590217442,
            44.076850263859754
          ],
          [
            -123.08088813606005,
            44.076812505767975
          ],
          [
            -123.0807694002156,
            44.07675542171267
          ],
          [
            -123.08069500394211,
            44.0767248284728
          ],
          [
            -123.08061848779047,
            44.07669708700083
          ],
          [
            -123.08048682555012,
            44.07665738106491
          ],
          [
            -123.08035086255153,
            44.07662610002825
          ],
          [
            -123.08021163919638,
            44.076603479170835
          ],
          [
            -123.08009861837115,
            44.076591737950025
          ],
          [
            -123.07998474267892,
            44.07658570876271
          ],
          [
            -123.07987055153222,
            44.07658541833932
          ],
          [
            -123.07975661352093,
            44.07659087475663
          ],
          [
            -123.07961539127335,
            44.07660572490158
          ],
          [
            -123.07894142278562,
            44.076706233044135
          ],
          [
            -123.07879976410759,
            44.07671929740644
          ],
          [
            -123.07865058520176,
            44.07672338334395
          ],
          [
            -123.07857086261332,
            44.07672338243716
          ]
        ]
      },
      "properties": {
        "OBJECTID": 563,
        "bike_segid": 941,
        "eug_id": null,
        "name": null,
        "ftype": "Route",
        "ftypedes": "Route",
        "lane_type": null,
        "lane_typedes": null,
        "status": "Built",
        "maint": "UNKNOWN",
        "source": null,
        "easement": null,
        "lane_num": null,
        "lane_placement": null,
        "geofeature_id": "{0241388E-45D1-4451-B97C-A8E4E1668AA2}",
        "Shape_Length": 942.4997006171491,
        "layer": "bike_lanes"
      }
    },
    {
      "type": "Feature",
      "id": "bike_lanes_354",
      "geometry": {
        "type": "LineString",
        "coordinates": [
          [
            -123.08825012119212,
            44.07609607341125
          ],
          [
            -123.08824585968351,
            44.07634371815371
          ],
          [
            -123.08824138072205,
            44.07640880725856
          ],
          [
            -123.08824275747659,
            44.0764748130089
          ],
          [
            -123.08824011486946,
            44.07663226554405
          ],
          [
            -123.08826227873158,
            44.07754664901593
          ]
        ]
      },
      "properties": {
        "OBJECTID": 564,
        "bike_segid": 942,
        "eug_id": null,
        "name": null,
        "ftype": "Accessway",
        "ftypedes": "Accessway",
        "lane_type": null,
        "lane_typedes": null,
        "status": "Built",
        "maint": "UNKNOWN",
        "source": null,
        "easement": null,
        "lane_num": null,
        "lane_placement": null,
        "geofeature_id": "{11B72A9F-9803-4C97-BA88-8E64814A91FA}",
        "Shape_Length": 528.9068518107905,
        "layer": "bike_lanes"
      }
    },
    {
      "type": "Feature",
      "id": "bike_lanes_355",
      "geometry": {
        "type": "LineString",
        "coordinates": [
          [
            -123.09622889702077,
            44.076067888705545
          ],
          [
            -123.09619772276349,
            44.07542608294559
          ],
          [
            -123.09620900548732,
            44.07502463514414
          ],
          [
            -123.09623975122125,
            44.074190679213174
          ],
          [
            -123.09625115237264,
            44.074057491045274
          ],
          [
            -123.09621477002177,
            44.07325591003528
          ],
          [
            -123.09708942002058,
            44.07323549327124
          ],
          [
            -123.09749875708967,
            44.07323834470524
          ],
          [
            -123.0980219478169,
            44.073233161455
          ],
          [
            -123.09898957807064,
            44.07320619046407
          ],
          [
            -123.09935770945896,
            44.07322453585881
          ],
          [
            -123.10024638562163,
            44.073214561765234
          ]
        ]
      },
      "properties": {
        "OBJECTID": 566,
        "bike_segid": 944,
        "eug_id": null,
        "name": "Clinton/Debrick",
        "ftype": "Route",
        "ftypedes": "Route",
        "lane_type": null,
        "lane_typedes": null,
        "status": "Built",
        "maint": "EUG",
        "source": null,
        "easement": null,
        "lane_num": null,
        "lane_placement": null,
        "geofeature_id": "{1D5A72DB-4149-442B-9AEC-6BC3D3DD7B71}",
        "Shape_Length": 2085.842899841498,
        "layer": "bike_lanes"
      }
    },
    {
      "type": "Feature",
      "id": "bike_lanes_356",
      "geometry": {
        "type": "LineString",
        "coordinates": [
          [
            -123.11400144990698,
            44.07961365245658
          ],
          [
            -123.11391899244491,
            44.079400197148416
          ],
          [
            -123.11379836575068,
            44.079082815222755
          ],
          [
            -123.11379455251603,
            44.07906193617995
          ],
          [
            -123.11378194452661,
            44.07877081694921
          ],
          [
            -123.11378498663765,
            44.0787403501458
          ],
          [
            -123.11380478154467,
            44.078693783547216
          ],
          [
            -123.11382412287873,
            44.07863674471774
          ],
          [
            -123.11383524592698,
            44.07859142134764
          ],
          [
            -123.11383438534124,
            44.078537981380265
          ],
          [
            -123.11379939280286,
            44.07836791029331
          ],
          [
            -123.11374896543455,
            44.07821076512954
          ],
          [
            -123.11374147647196,
            44.078172149923816
          ],
          [
            -123.11375006586256,
            44.07796755449681
          ],
          [
            -123.11373699636987,
            44.07786722012351
          ],
          [
            -123.1137109470174,
            44.07770218891462
          ],
          [
            -123.11369814849925,
            44.077608137712204
          ],
          [
            -123.11369501933483,
            44.07753588092952
          ],
          [
            -123.11369679290455,
            44.07747609327134
          ],
          [
            -123.11369207407203,
            44.07743427061588
          ],
          [
            -123.11368295141864,
            44.07739149900762
          ],
          [
            -123.11363887645899,
            44.077313874447704
          ],
          [
            -123.11360764783417,
            44.077264263889596
          ],
          [
            -123.11359439354,
            44.07722682647669
          ],
          [
            -123.1135852722349,
            44.07718405482861
          ],
          [
            -123.11358227799447,
            44.07714848263744
          ],
          [
            -123.1135871429707,
            44.076958646552846
          ],
          [
            -123.11359536619956,
            44.0767792173146
          ],
          [
            -123.11358520196545,
            44.07671236005345
          ],
          [
            -123.1135354606386,
            44.07647029347343
          ],
          [
            -123.11351862415428,
            44.07638367043555
          ],
          [
            -123.11351327070201,
            44.07632718733752
          ],
          [
            -123.11351268254705,
            44.07628003137583
          ],
          [
            -123.11351686088682,
            44.07624220162362
          ],
          [
            -123.11352485097363,
            44.07619170751384
          ],
          [
            -123.11353338769486,
            44.07615377967387
          ],
          [
            -123.11357029687805,
            44.07603240360397
          ],
          [
            -123.11360216859924,
            44.07592896158328
          ],
          [
            -123.11361115875116,
            44.07586796340441
          ],
          [
            -123.11361492885632,
            44.075820708445015
          ],
          [
            -123.11361883756679,
            44.075709510317914
          ],
          [
            -123.11362469491412,
            44.07567688398573
          ],
          [
            -123.11386145171194,
            44.074865477180374
          ],
          [
            -123.11386703674131,
            44.07482656765667
          ],
          [
            -123.11386399585984,
            44.07478994841825
          ],
          [
            -123.11385682594329,
            44.07475866334362
          ],
          [
            -123.11383966851668,
            44.074731796231234
          ],
          [
            -123.11381370504708,
            44.07470303029239
          ],
          [
            -123.11377916234086,
            44.07467760254353
          ],
          [
            -123.11374343940881,
            44.074658490640275
          ],
          [
            -123.11369759417101,
            44.074640654615244
          ],
          [
            -123.11366237011143,
            44.07463306197756
          ],
          [
            -123.1136113491216,
            44.074630017121756
          ],
          [
            -123.11356196187717,
            44.074631128635794
          ],
          [
            -123.11317099645403,
            44.07466822925501
          ],
          [
            -123.1131263301489,
            44.07467761976997
          ],
          [
            -123.11187710774028,
            44.0750411515028
          ],
          [
            -123.111826766249,
            44.07505381424061
          ],
          [
            -123.1117717504297,
            44.07505924383264
          ],
          [
            -123.11171646275716,
            44.07505839112695
          ],
          [
            -123.11165808786052,
            44.07505341466734
          ],
          [
            -123.11159785279246,
            44.07503904563314
          ],
          [
            -123.1115416589409,
            44.0750172492389
          ],
          [
            -123.11148950499675,
            44.07498802371931
          ],
          [
            -123.11144747478028,
            44.07495752245559
          ],
          [
            -123.11128720514638,
            44.07481542478949
          ],
          [
            -123.11119924133195,
            44.07473144976265
          ],
          [
            -123.11116247715128,
            44.07468825051866
          ],
          [
            -123.1111528131004,
            44.07463291321067
          ],
          [
            -123.1111579947436,
            44.07455103598547
          ],
          [
            -123.11125189513047,
            44.074247877095395
          ]
        ]
      },
      "properties": {
        "OBJECTID": 572,
        "bike_segid": 950,
        "eug_id": null,
        "name": "Ruth Bascom Path - East Bank",
        "ftype": "Shared Use Path",
        "ftypedes": "Shared Use Path",
        "lane_type": null,
        "lane_typedes": null,
        "status": "Built",
        "maint": "EUG",
        "source": null,
        "easement": null,
        "lane_num": null,
        "lane_placement": null,
        "geofeature_id": "{5FA65A50-CC0B-4107-8334-F83CB7CB0C1A}",
        "Shape_Length": 2777.5778068057666,
        "layer": "bike_lanes"
      }
    },
    {
      "type": "Feature",
      "id": "bike_lanes_357",
      "geometry": {
        "type": "LineString",
        "coordinates": [
          [
            -123.116631015355,
            44.078989591661596
          ],
          [
            -123.1159234139807,
            44.07897345462444
          ]
        ]
      },
      "properties": {
        "OBJECTID": 575,
        "bike_segid": 955,
        "eug_id": null,
        "name": null,
        "ftype": "Accessway",
        "ftypedes": "Accessway",
        "lane_type": null,
        "lane_typedes": null,
        "status": "Built",
        "maint": "UNKNOWN",
        "source": null,
        "easement": null,
        "lane_num": null,
        "lane_placement": null,
        "geofeature_id": "{E0A5C58F-6CE1-48B7-B650-9EEE0399963D}",
        "Shape_Length": 186.05058354187057,
        "layer": "bike_lanes"
      }
    },
    {
      "type": "Feature",
      "id": "bike_lanes_358",
      "geometry": {
        "type": "LineString",
        "coordinates": [
          [
            -123.12091239389213,
            44.07898732766107
          ],
          [
            -123.116631015355,
            44.078989591661596
          ]
        ]
      },
      "properties": {
        "OBJECTID": 577,
        "bike_segid": 959,
        "eug_id": null,
        "name": "Hilliard Ln",
        "ftype": "Route",
        "ftypedes": "Route",
        "lane_type": null,
        "lane_typedes": null,
        "status": "Built",
        "maint": "UNKNOWN",
        "source": null,
        "easement": null,
        "lane_num": null,
        "lane_placement": null,
        "geofeature_id": "{A8A06185-8CE0-42DC-AFFE-F7D1BA94FAFC}",
        "Shape_Length": 1125.1459274456083,
        "layer": "bike_lanes"
      }
    },
    {
      "type": "Feature",
      "id": "bike_lanes_359",
      "geometry": {
        "type": "LineString",
        "coordinates": [
          [
            -123.08872617990528,
            44.079921191987474
          ],
          [
            -123.08982685875436,
            44.07992003138564
          ],
          [
            -123.09305558636662,
            44.07991578279512
          ],
          [
            -123.09447352182964,
            44.079913892463125
          ],
          [
            -123.09461249789494,
            44.07991370770714
          ],
          [
            -123.09584653623845,
            44.079912057867574
          ],
          [
            -123.09639472213397,
            44.07991132805927
          ],
          [
            -123.09639860108571,
            44.07891568159795
          ],
          [
            -123.09640297194707,
            44.077667038581026
          ]
        ]
      },
      "properties": {
        "OBJECTID": 583,
        "bike_segid": 969,
        "eug_id": null,
        "name": null,
        "ftype": "Route",
        "ftypedes": "Route",
        "lane_type": null,
        "lane_typedes": null,
        "status": "Built",
        "maint": "UNKNOWN",
        "source": null,
        "easement": null,
        "lane_num": null,
        "lane_placement": null,
        "geofeature_id": "{F7D41231-3FE6-46D1-B986-8D5783FCE91F}",
        "Shape_Length": 2833.431948194581,
        "layer": "bike_lanes"
      }
    },
    {
      "type": "Feature",
      "id": "bike_lanes_360",
      "geometry": {
        "type": "LineString",
        "coordinates": [
          [
            -123.13791174907045,
            44.07893056741133
          ],
          [
            -123.1378813540843,
            44.07893068874362
          ],
          [
            -123.13473200799905,
            44.07894915106514
          ],
          [
            -123.13363831753026,
            44.0789593823127
          ],
          [
            -123.13142155531492,
            44.07893193614791
          ],
          [
            -123.13088247018933,
            44.07894087568082
          ],
          [
            -123.13034794125358,
            44.07894270257606
          ],
          [
            -123.12985147048711,
            44.078928708606114
          ],
          [
            -123.12966398372573,
            44.07894101712676
          ],
          [
            -123.12949729631335,
            44.0789915231319
          ],
          [
            -123.12933386447443,
            44.079048356149805
          ],
          [
            -123.1291981181593,
            44.07910311791654
          ],
          [
            -123.1290385261392,
            44.079156758984176
          ],
          [
            -123.12888129757634,
            44.07918890683179
          ],
          [
            -123.12868702818373,
            44.07920521470516
          ],
          [
            -123.12852504766627,
            44.079204116900925
          ],
          [
            -123.12796523133842,
            44.07917390422964
          ],
          [
            -123.12757337388743,
            44.07913035998564
          ],
          [
            -123.12704159923877,
            44.07898515644687
          ],
          [
            -123.12623025356118,
            44.07894633190459
          ],
          [
            -123.12332225831102,
            44.07895011375021
          ],
          [
            -123.1211725154823,
            44.078984710209824
          ]
        ]
      },
      "properties": {
        "OBJECTID": 584,
        "bike_segid": 971,
        "eug_id": null,
        "name": "Hilliard Ln",
        "ftype": "Route",
        "ftypedes": "Route",
        "lane_type": null,
        "lane_typedes": null,
        "status": "Built",
        "maint": "UNKNOWN",
        "source": null,
        "easement": null,
        "lane_num": null,
        "lane_placement": null,
        "geofeature_id": "{E326449E-0BB9-4185-BB47-32B7CD2272ED}",
        "Shape_Length": 4431.443824415502,
        "layer": "bike_lanes"
      }
    },
    {
      "type": "Feature",
      "id": "bike_lanes_361",
      "geometry": {
        "type": "LineString",
        "coordinates": [
          [
            -123.11889321187277,
            44.07998294350824
          ],
          [
            -123.12133047253037,
            44.079981167373305
          ]
        ]
      },
      "properties": {
        "OBJECTID": 586,
        "bike_segid": 973,
        "eug_id": null,
        "name": null,
        "ftype": "Route",
        "ftypedes": "Route",
        "lane_type": null,
        "lane_typedes": null,
        "status": "Built",
        "maint": "UNKNOWN",
        "source": null,
        "easement": null,
        "lane_num": null,
        "lane_placement": null,
        "geofeature_id": "{AD053D47-9D69-4B68-A031-A503B8F489FB}",
        "Shape_Length": 640.501513903826,
        "layer": "bike_lanes"
      }
    },
    {
      "type": "Feature",
      "id": "bike_lanes_362",
      "geometry": {
        "type": "LineString",
        "coordinates": [
          [
            -123.05068646891839,
            44.08161172996715
          ],
          [
            -123.0502169351856,
            44.081621326684285
          ],
          [
            -123.04994850455658,
            44.08162722042637
          ],
          [
            -123.04985319716931,
            44.081624151020485
          ],
          [
            -123.04973025926022,
            44.0816241497468
          ],
          [
            -123.04955765395572,
            44.0816222529957
          ],
          [
            -123.04914764298665,
            44.08162671754732
          ],
          [
            -123.04826149905142,
            44.08163707237218
          ],
          [
            -123.04808435589726,
            44.08163866290754
          ],
          [
            -123.04801499230801,
            44.08151565018477
          ],
          [
            -123.04787675987764,
            44.08127235900322
          ],
          [
            -123.04781572013373,
            44.08113533739407
          ],
          [
            -123.04780258784041,
            44.08106539711229
          ],
          [
            -123.04779366156917,
            44.08063060362195
          ],
          [
            -123.04778733336809,
            44.08032439420579
          ],
          [
            -123.04777629128081,
            44.079986079019776
          ],
          [
            -123.0477722136984,
            44.07985208993007
          ],
          [
            -123.04776937223241,
            44.079693000952496
          ],
          [
            -123.04777782942949,
            44.07960057462992
          ],
          [
            -123.0477862866007,
            44.079508148302956
          ],
          [
            -123.04785262001342,
            44.07897840652047
          ],
          [
            -123.04786818654723,
            44.07876714021088
          ],
          [
            -123.04791085262947,
            44.07794571193608
          ],
          [
            -123.04791279472127,
            44.07785793033764
          ]
        ]
      },
      "properties": {
        "OBJECTID": 587,
        "bike_segid": 974,
        "eug_id": null,
        "name": "I-5 Path",
        "ftype": "Shared Use Path",
        "ftypedes": "Shared Use Path",
        "lane_type": null,
        "lane_typedes": null,
        "status": "Built",
        "maint": "UNKNOWN",
        "source": null,
        "easement": null,
        "lane_num": null,
        "lane_placement": null,
        "geofeature_id": "{B94AB697-9B1C-43BE-96B6-0DE8CB5168AE}",
        "Shape_Length": 2077.0396413570884,
        "layer": "bike_lanes"
      }
    },
    {
      "type": "Feature",
      "id": "bike_lanes_363",
      "geometry": {
        "type": "LineString",
        "coordinates": [
          [
            -123.05936834038756,
            44.081624182224814
          ],
          [
            -123.05938813196012,
            44.08031327322309
          ],
          [
            -123.05944058334727,
            44.07733240361612
          ],
          [
            -123.05976167090635,
            44.07718382214805
          ],
          [
            -123.05915938053285,
            44.07650699013127
          ],
          [
            -123.05909539092926,
            44.07635927464683
          ],
          [
            -123.0590989805818,
            44.07542283620921
          ],
          [
            -123.05910168634554,
            44.07525978056888
          ],
          [
            -123.05907571853919,
            44.07513897510248
          ],
          [
            -123.05902130691233,
            44.07502804242727
          ],
          [
            -123.05895497051488,
            44.07494343763115
          ],
          [
            -123.05871439796167,
            44.074748115491474
          ],
          [
            -123.0586404206803,
            44.07462952290744
          ],
          [
            -123.05859440454167,
            44.07396005596923
          ],
          [
            -123.05861577317862,
            44.07344285427815
          ],
          [
            -123.05854568843482,
            44.073187654532596
          ]
        ]
      },
      "properties": {
        "OBJECTID": 589,
        "bike_segid": 976,
        "eug_id": null,
        "name": "Van Duyn/Bogart Rd",
        "ftype": "Route",
        "ftypedes": "Route",
        "lane_type": null,
        "lane_typedes": null,
        "status": "Built",
        "maint": "EUG",
        "source": null,
        "easement": null,
        "lane_num": null,
        "lane_placement": null,
        "geofeature_id": "{0902D7DA-7D75-4A56-BD1A-6170CD43D69E}",
        "Shape_Length": 3208.7153730635373,
        "layer": "bike_lanes"
      }
    },
    {
      "type": "Feature",
      "id": "bike_lanes_364",
      "geometry": {
        "type": "LineString",
        "coordinates": [
          [
            -123.1166231323168,
            44.08043342151286
          ],
          [
            -123.11724107872008,
            44.08045917627211
          ],
          [
            -123.11765214814201,
            44.08047364735806
          ],
          [
            -123.11774715753849,
            44.08047381453533
          ],
          [
            -123.11784216814424,
            44.08047398070725
          ],
          [
            -123.11794322232258,
            44.080470417980244
          ],
          [
            -123.11803752859637,
            44.08045996255827
          ],
          [
            -123.1181407102548,
            44.08044097559066
          ],
          [
            -123.118218276745,
            44.080417567881625
          ],
          [
            -123.1183064494054,
            44.0803722619138
          ],
          [
            -123.11845486831804,
            44.08027728218007
          ],
          [
            -123.11878517850802,
            44.08005716570951
          ],
          [
            -123.11889321187277,
            44.07998294350824
          ]
        ]
      },
      "properties": {
        "OBJECTID": 590,
        "bike_segid": 977,
        "eug_id": null,
        "name": null,
        "ftype": "Shared Use Path",
        "ftypedes": "Shared Use Path",
        "lane_type": null,
        "lane_typedes": null,
        "status": "Built",
        "maint": "EUG",
        "source": null,
        "easement": null,
        "lane_num": null,
        "lane_placement": null,
        "geofeature_id": "{0D09EA43-5D65-4DF8-8E2F-2CBDB405F2A8}",
        "Shape_Length": 660.5424498448391,
        "layer": "bike_lanes"
      }
    },
    {
      "type": "Feature",
      "id": "bike_lanes_365",
      "geometry": {
        "type": "LineString",
        "coordinates": [
          [
            -123.09867523032007,
            44.08183167627266
          ],
          [
            -123.09867963251352,
            44.08088885126527
          ],
          [
            -123.1001662512184,
            44.080886452713386
          ],
          [
            -123.10016995799134,
            44.079406653265906
          ],
          [
            -123.10022564209444,
            44.07868090505242
          ],
          [
            -123.10027491858489,
            44.078038846650045
          ],
          [
            -123.10030069952936,
            44.07770518401067
          ]
        ]
      },
      "properties": {
        "OBJECTID": 594,
        "bike_segid": 981,
        "eug_id": null,
        "name": null,
        "ftype": "Route",
        "ftypedes": "Route",
        "lane_type": null,
        "lane_typedes": null,
        "status": "Built",
        "maint": "UNKNOWN",
        "source": null,
        "easement": null,
        "lane_num": null,
        "lane_placement": null,
        "geofeature_id": "{B9DE5238-554E-4DF6-8E3D-C38FD7998482}",
        "Shape_Length": 1895.0818262510197,
        "layer": "bike_lanes"
      }
    },
    {
      "type": "Feature",
      "id": "bike_lanes_366",
      "geometry": {
        "type": "LineString",
        "coordinates": [
          [
            -123.07618599129896,
            44.078495649764356
          ],
          [
            -123.07610524517506,
            44.07849475142474
          ],
          [
            -123.07558638610641,
            44.07849588788625
          ],
          [
            -123.07479272308917,
            44.078517792936246
          ],
          [
            -123.07471820534379,
            44.07852159871826
          ],
          [
            -123.0746588384366,
            44.078530451973634
          ],
          [
            -123.07462258907708,
            44.07855601977738
          ],
          [
            -123.07461265843665,
            44.078587029494564
          ],
          [
            -123.07461048874981,
            44.07865749940654
          ],
          [
            -123.0746255755188,
            44.07941839351646
          ],
          [
            -123.07460675006041,
            44.07948019457336
          ],
          [
            -123.07459150512636,
            44.079542982306116
          ],
          [
            -123.07458643050516,
            44.07959908431818
          ],
          [
            -123.07458971258382,
            44.07964100369711
          ],
          [
            -123.07459705561396,
            44.07968492284385
          ],
          [
            -123.07461445863548,
            44.07973089965047
          ],
          [
            -123.07462074372317,
            44.079785914276044
          ],
          [
            -123.07463104778928,
            44.07987611236885
          ],
          [
            -123.07463483635752,
            44.080068536883296
          ],
          [
            -123.07462181307459,
            44.080358462129844
          ],
          [
            -123.07462247544616,
            44.08047904041451
          ],
          [
            -123.07463778762364,
            44.08052284591025
          ],
          [
            -123.07467213071564,
            44.08055761644186
          ],
          [
            -123.07472532364399,
            44.08057904856949
          ],
          [
            -123.07478262553532,
            44.08059177560368
          ],
          [
            -123.07482821862324,
            44.08061014559086
          ],
          [
            -123.07485319540199,
            44.08063543288479
          ],
          [
            -123.07486352562807,
            44.080667505147815
          ],
          [
            -123.0748680098239,
            44.08069646203262
          ],
          [
            -123.07485443400395,
            44.080734462998386
          ],
          [
            -123.07483641155687,
            44.080767164739584
          ],
          [
            -123.07484114280808,
            44.08079307104743
          ],
          [
            -123.07486051466024,
            44.08084200063498
          ],
          [
            -123.07489596078251,
            44.080902587673876
          ],
          [
            -123.07491806793185,
            44.080965623253014
          ],
          [
            -123.07492555394101,
            44.08101601655494
          ],
          [
            -123.07492414993433,
            44.081073159947756
          ],
          [
            -123.07492041850574,
            44.081183339840656
          ],
          [
            -123.07492396254162,
            44.081278817225645
          ],
          [
            -123.07492781780742,
            44.08136917622661
          ],
          [
            -123.07492260563923,
            44.081422050682065
          ],
          [
            -123.07490779617214,
            44.081460064583
          ],
          [
            -123.07488132480125,
            44.08150479638008
          ],
          [
            -123.07485946848978,
            44.08155265643201
          ],
          [
            -123.07485501316522,
            44.08158828705464
          ],
          [
            -123.07484151372712,
            44.081621964463054
          ],
          [
            -123.07484107504807,
            44.08171672518116
          ],
          [
            -123.07484974865129,
            44.08199001905726
          ],
          [
            -123.07484574583712,
            44.082386339620356
          ],
          [
            -123.07485740325683,
            44.082659566365805
          ],
          [
            -123.07485811378038,
            44.08271123352306
          ],
          [
            -123.07485016974742,
            44.08273509692345
          ],
          [
            -123.07482420567288,
            44.082748345421045
          ],
          [
            -123.07478985819971,
            44.08275689158077
          ],
          [
            -123.07307132952654,
            44.08278142928576
          ]
        ]
      },
      "properties": {
        "OBJECTID": 598,
        "bike_segid": 985,
        "eug_id": null,
        "name": "Sheldon Complex",
        "ftype": "Shared Use Path",
        "ftypedes": "Shared Use Path",
        "lane_type": null,
        "lane_typedes": null,
        "status": "Built",
        "maint": "UNKNOWN",
        "source": null,
        "easement": null,
        "lane_num": null,
        "lane_placement": null,
        "geofeature_id": "{CE5272A9-2E3F-4ADB-BF70-2EE16F1636C6}",
        "Shape_Length": 2451.4763484000136,
        "layer": "bike_lanes"
      }
    },
    {
      "type": "Feature",
      "id": "bike_lanes_367",
      "geometry": {
        "type": "LineString",
        "coordinates": [
          [
            -123.1166231323168,
            44.08043342151286
          ],
          [
            -123.11656898028737,
            44.08024525807347
          ],
          [
            -123.1165047224152,
            44.080037587345025
          ],
          [
            -123.11642736660643,
            44.07986323016142
          ],
          [
            -123.11630320685718,
            44.07964904741917
          ],
          [
            -123.11626019361049,
            44.079579262182165
          ],
          [
            -123.1161005152175,
            44.07931713718171
          ],
          [
            -123.11599601498904,
            44.079137100969106
          ],
          [
            -123.1159089927059,
            44.07894094912147
          ],
          [
            -123.11575637562326,
            44.078606861395514
          ],
          [
            -123.11554336482111,
            44.07819156976332
          ],
          [
            -123.11545123683739,
            44.078007866204906
          ],
          [
            -123.11532468084478,
            44.07770463738953
          ],
          [
            -123.11529236287163,
            44.07749572258588
          ],
          [
            -123.11527892916084,
            44.07738701109477
          ],
          [
            -123.11523893908034,
            44.07723591978214
          ],
          [
            -123.11512346133246,
            44.07695340612011
          ],
          [
            -123.11508229181028,
            44.076808631487395
          ],
          [
            -123.11506431744566,
            44.076695829037334
          ],
          [
            -123.1150623680968,
            44.076617256369495
          ],
          [
            -123.11506940365838,
            44.07657831414195
          ],
          [
            -123.11509723183704,
            44.076515842670545
          ],
          [
            -123.11516759344491,
            44.07639476261195
          ],
          [
            -123.11524458349037,
            44.07629239929795
          ],
          [
            -123.11534549492498,
            44.07617167919216
          ],
          [
            -123.11567402558305,
            44.07583595102591
          ],
          [
            -123.11591041988557,
            44.0755855815791
          ],
          [
            -123.11596561724086,
            44.07551725209775
          ],
          [
            -123.1160134630949,
            44.07544699115861
          ],
          [
            -123.11603508336958,
            44.07540010020224
          ]
        ]
      },
      "properties": {
        "OBJECTID": 618,
        "bike_segid": 1013,
        "eug_id": null,
        "name": "Ruth Bascom Path - West Bank",
        "ftype": "Shared Use Path",
        "ftypedes": "Shared Use Path",
        "lane_type": null,
        "lane_typedes": null,
        "status": "Built",
        "maint": "UNKNOWN",
        "source": null,
        "easement": null,
        "lane_num": null,
        "lane_placement": null,
        "geofeature_id": "{01413E11-45CE-481F-9479-0F354A4FC02D}",
        "Shape_Length": 1972.9775256170906,
        "layer": "bike_lanes"
      }
    },
    {
      "type": "Feature",
      "id": "bike_lanes_368",
      "geometry": {
        "type": "LineString",
        "coordinates": [
          [
            -123.08197954787948,
            44.03050470252951
          ],
          [
            -123.08206850169401,
            44.03050431065163
          ],
          [
            -123.08206957608871,
            44.03052944411177
          ],
          [
            -123.08281201524346,
            44.030529692552115
          ],
          [
            -123.0829061021804,
            44.03053540039172
          ],
          [
            -123.082921110298,
            44.0305465969472
          ],
          [
            -123.08296972600701,
            44.03056228580527
          ],
          [
            -123.08301785040786,
            44.030566455866456
          ],
          [
            -123.08311831880447,
            44.03057155777854
          ],
          [
            -123.08350578069926,
            44.03056083509183
          ],
          [
            -123.08362462582292,
            44.0305539968172
          ],
          [
            -123.08370419111749,
            44.03054593505457
          ],
          [
            -123.08379945201095,
            44.03053123621313
          ],
          [
            -123.0839175802545,
            44.03050764170919
          ],
          [
            -123.08446736868513,
            44.03038720880441
          ],
          [
            -123.08460570848175,
            44.03022479687413
          ]
        ]
      },
      "properties": {
        "OBJECTID": 718,
        "bike_segid": 1122,
        "eug_id": null,
        "name": null,
        "ftype": "Shared Use Path",
        "ftypedes": "Shared Use Path",
        "lane_type": null,
        "lane_typedes": null,
        "status": "Built",
        "maint": "EUG",
        "source": null,
        "easement": null,
        "lane_num": null,
        "lane_placement": null,
        "geofeature_id": "{B7F4D65A-2FEA-485B-9E98-42635FE33A8F}",
        "Shape_Length": 744.5296163242876,
        "layer": "bike_lanes"
      }
    },
    {
      "type": "Feature",
      "id": "bike_lanes_369",
      "geometry": {
        "type": "LineString",
        "coordinates": [
          [
            -123.08446736868513,
            44.03038720880441
          ],
          [
            -123.08478603712165,
            44.030432521039806
          ]
        ]
      },
      "properties": {
        "OBJECTID": 719,
        "bike_segid": 1123,
        "eug_id": null,
        "name": null,
        "ftype": "Shared Use Path",
        "ftypedes": "Shared Use Path",
        "lane_type": null,
        "lane_typedes": null,
        "status": "Built",
        "maint": "EUG",
        "source": null,
        "easement": null,
        "lane_num": null,
        "lane_placement": null,
        "geofeature_id": "{B62A8CE1-E46B-4BC3-ABEE-D0B443613370}",
        "Shape_Length": 85.42566459309288,
        "layer": "bike_lanes"
      }
    },
    {
      "type": "Feature",
      "id": "bike_lanes_370",
      "geometry": {
        "type": "LineString",
        "coordinates": [
          [
            -123.08281201524346,
            44.030529692552115
          ],
          [
            -123.08270436599109,
            44.03074738213011
          ],
          [
            -123.08269825400765,
            44.03080831543867
          ],
          [
            -123.08269224999724,
            44.03083779963097
          ],
          [
            -123.08268352244369,
            44.03087153673313
          ],
          [
            -123.0826853846472,
            44.03094906353866
          ],
          [
            -123.08269481183902,
            44.031113703807414
          ],
          [
            -123.0827049795767,
            44.03129125472221
          ],
          [
            -123.08271979637912,
            44.03154997825862
          ],
          [
            -123.08272281496139,
            44.03158659904411
          ],
          [
            -123.08272864786841,
            44.03162106014518
          ],
          [
            -123.08275596617202,
            44.03168229746098
          ],
          [
            -123.08277450286121,
            44.03170809032778
          ],
          [
            -123.08283199075416,
            44.031761318729195
          ],
          [
            -123.08287111858324,
            44.03179294261593
          ],
          [
            -123.0829203635048,
            44.03182329323038
          ],
          [
            -123.08294997608029,
            44.03183626086197
          ],
          [
            -123.08298077254982,
            44.03184291279428
          ],
          [
            -123.08305661014245,
            44.03184961022066
          ],
          [
            -123.08315096055783,
            44.031847510016256
          ]
        ]
      },
      "properties": {
        "OBJECTID": 720,
        "bike_segid": 1124,
        "eug_id": null,
        "name": null,
        "ftype": "Shared Use Path",
        "ftypedes": "Shared Use Path",
        "lane_type": null,
        "lane_typedes": null,
        "status": "Built",
        "maint": "EUG",
        "source": null,
        "easement": null,
        "lane_num": null,
        "lane_placement": null,
        "geofeature_id": "{EDB0137C-2CBF-4D5F-B8ED-66F5F777FEE9}",
        "Shape_Length": 557.0637527251221,
        "layer": "bike_lanes"
      }
    },
    {
      "type": "Feature",
      "id": "bike_lanes_371",
      "geometry": {
        "type": "LineString",
        "coordinates": [
          [
            -123.07609170036908,
            44.05689252715213
          ],
          [
            -123.07605327498246,
            44.05672017093477
          ],
          [
            -123.07609295113508,
            44.05671563043316
          ],
          [
            -123.07618240270293,
            44.05670001891829
          ],
          [
            -123.0762355061984,
            44.056684165881016
          ],
          [
            -123.07629533431592,
            44.056655584177925
          ],
          [
            -123.076369974323,
            44.05659942149377
          ],
          [
            -123.07644925999335,
            44.056515901612784
          ],
          [
            -123.07649762834681,
            44.056457175899844
          ],
          [
            -123.07656040368441,
            44.05636144383518
          ],
          [
            -123.07661361690982,
            44.05624600812282
          ],
          [
            -123.07664118572089,
            44.0561426720052
          ],
          [
            -123.0766438203116,
            44.05606819049712
          ],
          [
            -123.0766300803557,
            44.055984638978536
          ],
          [
            -123.07660476855214,
            44.055902392347676
          ],
          [
            -123.07657378071985,
            44.05582341586427
          ],
          [
            -123.07653743222743,
            44.05575504074388
          ],
          [
            -123.0764846187328,
            44.05567550057226
          ],
          [
            -123.07633901709586,
            44.05549096804273
          ],
          [
            -123.07632821442448,
            44.05545046220561
          ],
          [
            -123.0763327274055,
            44.05541996381707
          ],
          [
            -123.07635924485946,
            44.0553942182932
          ],
          [
            -123.07641565325025,
            44.055361015013595
          ],
          [
            -123.07662218685411,
            44.05528880253529
          ],
          [
            -123.07675513303529,
            44.055236586610725
          ],
          [
            -123.07688850160962,
            44.055160251267395
          ],
          [
            -123.07698970091545,
            44.05507938866163
          ],
          [
            -123.07706766720018,
            44.05499904260746
          ],
          [
            -123.07720511832864,
            44.05483831221358
          ]
        ]
      },
      "properties": {
        "OBJECTID": 724,
        "bike_segid": 1128,
        "eug_id": null,
        "name": null,
        "ftype": "Shared Use Path",
        "ftypedes": "Shared Use Path",
        "lane_type": null,
        "lane_typedes": null,
        "status": "Built",
        "maint": "EUG",
        "source": null,
        "easement": null,
        "lane_num": null,
        "lane_placement": null,
        "geofeature_id": "{1ADBBD04-3CDF-4666-9D87-15306B4B2BC2}",
        "Shape_Length": 944.8151871075431,
        "layer": "bike_lanes"
      }
    },
    {
      "type": "Feature",
      "id": "bike_lanes_372",
      "geometry": {
        "type": "LineString",
        "coordinates": [
          [
            -123.09582461415353,
            44.05213554631818
          ],
          [
            -123.09582064927055,
            44.0518128306541
          ],
          [
            -123.09581939128756,
            44.051056378848166
          ]
        ]
      },
      "properties": {
        "OBJECTID": 725,
        "bike_segid": 1129,
        "eug_id": null,
        "name": null,
        "ftype": "Bike Lane",
        "ftypedes": "Bike Lane",
        "lane_type": null,
        "lane_typedes": null,
        "status": "Built",
        "maint": "UNKNOWN",
        "source": null,
        "easement": null,
        "lane_num": null,
        "lane_placement": "Setback",
        "geofeature_id": "{3C16959D-7033-46F2-855E-CEDD6F74C088}",
        "Shape_Length": 393.4150063871058,
        "layer": "bike_lanes"
      }
    },
    {
      "type": "Feature",
      "id": "bike_lanes_373",
      "geometry": {
        "type": "LineString",
        "coordinates": [
          [
            -123.11761708801716,
            44.04032537520183
          ],
          [
            -123.11763429837438,
            44.03889101837642
          ],
          [
            -123.11771432338976,
            44.03871438694764
          ]
        ]
      },
      "properties": {
        "OBJECTID": 726,
        "bike_segid": 1131,
        "eug_id": null,
        "name": null,
        "ftype": "Bike Lane",
        "ftypedes": "Bike Lane",
        "lane_type": null,
        "lane_typedes": null,
        "status": "Built",
        "maint": "UNKNOWN",
        "source": null,
        "easement": null,
        "lane_num": null,
        "lane_placement": "Curbside",
        "geofeature_id": "{3F03C992-BFFE-4AD9-8ABA-A1C8AD976509}",
        "Shape_Length": 590.6534695513053,
        "layer": "bike_lanes"
      }
    },
    {
      "type": "Feature",
      "id": "bike_lanes_374",
      "geometry": {
        "type": "LineString",
        "coordinates": [
          [
            -123.11252489944123,
            44.040282424875656
          ],
          [
            -123.11195409461143,
            44.04028031197765
          ]
        ]
      },
      "properties": {
        "OBJECTID": 727,
        "bike_segid": 1132,
        "eug_id": null,
        "name": null,
        "ftype": "Bike Lane",
        "ftypedes": "Bike Lane",
        "lane_type": null,
        "lane_typedes": null,
        "status": "Built",
        "maint": "UNKNOWN",
        "source": null,
        "easement": null,
        "lane_num": null,
        "lane_placement": "Curbside",
        "geofeature_id": "{7DB19AE3-E760-411D-8445-4188743B901B}",
        "Shape_Length": 150.1055735245966,
        "layer": "bike_lanes"
      }
    },
    {
      "type": "Feature",
      "id": "bike_lanes_375",
      "geometry": {
        "type": "LineString",
        "coordinates": [
          [
            -123.0695272306864,
            44.05615493260695
          ],
          [
            -123.06949151363587,
            44.05620207174186
          ],
          [
            -123.06927336658356,
            44.05639699062576
          ],
          [
            -123.06923637965109,
            44.056448858721254
          ]
        ]
      },
      "properties": {
        "OBJECTID": 731,
        "bike_segid": 1136,
        "eug_id": null,
        "name": "Autzen Conn",
        "ftype": "Shared Use Path",
        "ftypedes": "Shared Use Path",
        "lane_type": null,
        "lane_typedes": null,
        "status": "Built",
        "maint": "UNKNOWN",
        "source": null,
        "easement": null,
        "lane_num": null,
        "lane_placement": null,
        "geofeature_id": "{23F2B1D5-481E-42D1-8CE3-A0A889B2D753}",
        "Shape_Length": 132.1592442031026,
        "layer": "bike_lanes"
      }
    },
    {
      "type": "Feature",
      "id": "bike_lanes_376",
      "geometry": {
        "type": "LineString",
        "coordinates": [
          [
            -123.05010130760405,
            44.04852786242391
          ],
          [
            -123.05035289754782,
            44.04852739700492
          ],
          [
            -123.05039632363209,
            44.04852329782324
          ],
          [
            -123.05042505404633,
            44.048515329301416
          ],
          [
            -123.05045188916336,
            44.048496920984235
          ],
          [
            -123.05048285955847,
            44.04847317973328
          ],
          [
            -123.05051774287743,
            44.04843887106508
          ],
          [
            -123.05054897736917,
            44.048421413211166
          ],
          [
            -123.05059187384134,
            44.04840474805266
          ],
          [
            -123.05069526457116,
            44.048375222306326
          ],
          [
            -123.0507487643364,
            44.04836880642404
          ],
          [
            -123.05083601562718,
            44.04837003325109
          ],
          [
            -123.05096528311975,
            44.048380893724996
          ]
        ]
      },
      "properties": {
        "OBJECTID": 732,
        "bike_segid": 1138,
        "eug_id": null,
        "name": "Canoe Canal Path",
        "ftype": "Shared Use Path",
        "ftypedes": "Shared Use Path",
        "lane_type": null,
        "lane_typedes": null,
        "status": "Built",
        "maint": "UNKNOWN",
        "source": null,
        "easement": null,
        "lane_num": null,
        "lane_placement": null,
        "geofeature_id": "{BC122B74-AA56-4F3E-AE03-307383035AE4}",
        "Shape_Length": 246.75432376012918,
        "layer": "bike_lanes"
      }
    },
    {
      "type": "Feature",
      "id": "bike_lanes_377",
      "geometry": {
        "type": "LineString",
        "coordinates": [
          [
            -123.05096933551253,
            44.048436305574626
          ],
          [
            -123.05096528311975,
            44.048380893724996
          ]
        ]
      },
      "properties": {
        "OBJECTID": 740,
        "bike_segid": 1147,
        "eug_id": null,
        "name": "Garden Way Path",
        "ftype": "Shared Use Path",
        "ftypedes": "Shared Use Path",
        "lane_type": null,
        "lane_typedes": null,
        "status": "Built",
        "maint": "UNKNOWN",
        "source": null,
        "easement": null,
        "lane_num": null,
        "lane_placement": null,
        "geofeature_id": "{60EB81B7-5D26-4504-A0B2-5189220581D3}",
        "Shape_Length": 20.22842676706602,
        "layer": "bike_lanes"
      }
    },
    {
      "type": "Feature",
      "id": "bike_lanes_378",
      "geometry": {
        "type": "LineString",
        "coordinates": [
          [
            -123.08289277254522,
            44.05770114907829
          ],
          [
            -123.08291988637247,
            44.05774597353784
          ],
          [
            -123.0829298986091,
            44.057776149059976
          ],
          [
            -123.08292615860685,
            44.057892584167085
          ],
          [
            -123.0829283538807,
            44.057943897525156
          ]
        ]
      },
      "properties": {
        "OBJECTID": 741,
        "bike_segid": 1148,
        "eug_id": null,
        "name": "Peter DeFazio Path",
        "ftype": "Shared Use Path",
        "ftypedes": "Shared Use Path",
        "lane_type": null,
        "lane_typedes": null,
        "status": "Built",
        "maint": "UNKNOWN",
        "source": null,
        "easement": null,
        "lane_num": null,
        "lane_placement": null,
        "geofeature_id": "{10B50F8E-51D7-4940-86B1-727C16B529B2}",
        "Shape_Length": 90.31192744899701,
        "layer": "bike_lanes"
      }
    },
    {
      "type": "Feature",
      "id": "bike_lanes_379",
      "geometry": {
        "type": "LineString",
        "coordinates": [
          [
            -123.08164199494425,
            44.05784912657534
          ],
          [
            -123.0815787951185,
            44.05783611480755
          ],
          [
            -123.0815165990574,
            44.057815391306505
          ],
          [
            -123.08147845244568,
            44.05779605536158
          ],
          [
            -123.08141813827234,
            44.05775702723717
          ],
          [
            -123.0813683139065,
            44.057713922054056
          ],
          [
            -123.08133159889265,
            44.05766571905766
          ],
          [
            -123.0812858612539,
            44.057510385884136
          ],
          [
            -123.08126299189905,
            44.05743271930043
          ],
          [
            -123.08124505206679,
            44.057356048794276
          ],
          [
            -123.08114726383616,
            44.05736794724637
          ],
          [
            -123.08100813478401,
            44.05735540956306
          ]
        ]
      },
      "properties": {
        "OBJECTID": 742,
        "bike_segid": 1149,
        "eug_id": null,
        "name": "MLK Conn",
        "ftype": "Shared Use Path",
        "ftypedes": "Shared Use Path",
        "lane_type": null,
        "lane_typedes": null,
        "status": "Built",
        "maint": "UNKNOWN",
        "source": null,
        "easement": null,
        "lane_num": null,
        "lane_placement": null,
        "geofeature_id": "{74A11B12-2926-4F86-8268-07B4338368E6}",
        "Shape_Length": 287.46939283483016,
        "layer": "bike_lanes"
      }
    },
    {
      "type": "Feature",
      "id": "bike_lanes_380",
      "geometry": {
        "type": "LineString",
        "coordinates": [
          [
            -123.0532785115157,
            44.04458599614931
          ],
          [
            -123.05313568854176,
            44.04454196811516
          ],
          [
            -123.05294160771736,
            44.0444885858676
          ],
          [
            -123.05281528716537,
            44.04445677385035
          ],
          [
            -123.05274084320878,
            44.04444897682389
          ],
          [
            -123.05264272769477,
            44.04443121888482
          ],
          [
            -123.05257233018226,
            44.04441599637028
          ]
        ]
      },
      "properties": {
        "OBJECTID": 743,
        "bike_segid": 1150,
        "eug_id": null,
        "name": "Knickerbocker Path",
        "ftype": "Shared Use Path",
        "ftypedes": "Shared Use Path",
        "lane_type": null,
        "lane_typedes": null,
        "status": "Built",
        "maint": "UNKNOWN",
        "source": null,
        "easement": null,
        "lane_num": null,
        "lane_placement": null,
        "geofeature_id": "{F563983B-8C83-4C0B-BC56-DBFE46A28AD0}",
        "Shape_Length": 196.34620770374943,
        "layer": "bike_lanes"
      }
    },
    {
      "type": "Feature",
      "id": "bike_lanes_381",
      "geometry": {
        "type": "LineString",
        "coordinates": [
          [
            -123.1002010842907,
            44.061881661173864
          ],
          [
            -123.10019570866491,
            44.06204922630334
          ],
          [
            -123.10017427162168,
            44.062518045929004
          ],
          [
            -123.10016689366937,
            44.062616743734985
          ]
        ]
      },
      "properties": {
        "OBJECTID": 744,
        "bike_segid": 1151,
        "eug_id": null,
        "name": "Wash/Jeff Park E",
        "ftype": "Shared Use Path",
        "ftypedes": "Shared Use Path",
        "lane_type": null,
        "lane_typedes": null,
        "status": "Built",
        "maint": "UNKNOWN",
        "source": null,
        "easement": null,
        "lane_num": null,
        "lane_placement": null,
        "geofeature_id": "{FD7D329D-4E7E-4D61-90B2-E17CDB7D128A}",
        "Shape_Length": 268.13686550634293,
        "layer": "bike_lanes"
      }
    },
    {
      "type": "Feature",
      "id": "bike_lanes_382",
      "geometry": {
        "type": "LineString",
        "coordinates": [
          [
            -123.10023907828086,
            44.06149143931524
          ],
          [
            -123.10023888918232,
            44.06152079390477
          ],
          [
            -123.10022140842048,
            44.06155367995625
          ],
          [
            -123.10020934880895,
            44.06167868701485
          ],
          [
            -123.1002010842907,
            44.061881661173864
          ]
        ]
      },
      "properties": {
        "OBJECTID": 745,
        "bike_segid": 1152,
        "eug_id": null,
        "name": "Wash/Jeff Park E",
        "ftype": "Shared Use Path",
        "ftypedes": "Shared Use Path",
        "lane_type": null,
        "lane_typedes": null,
        "status": "Built",
        "maint": "UNKNOWN",
        "source": null,
        "easement": null,
        "lane_num": null,
        "lane_placement": null,
        "geofeature_id": "{B925C9A4-C5FC-46D7-9BC8-ACB135D1BE91}",
        "Shape_Length": 143.24856117309204,
        "layer": "bike_lanes"
      }
    },
    {
      "type": "Feature",
      "id": "bike_lanes_383",
      "geometry": {
        "type": "LineString",
        "coordinates": [
          [
            -123.07705480680653,
            44.05245755275875
          ],
          [
            -123.07694889749136,
            44.05246200088682
          ],
          [
            -123.07687669685626,
            44.05247303708213
          ],
          [
            -123.0767960086593,
            44.05248950284143
          ],
          [
            -123.07666943520978,
            44.05252061363454
          ],
          [
            -123.07658293834606,
            44.0525372090741
          ],
          [
            -123.07623273590984,
            44.05262247048179
          ],
          [
            -123.07603827524598,
            44.05265653227673
          ],
          [
            -123.07592538216404,
            44.05266895257506
          ],
          [
            -123.07582580154174,
            44.052671162213166
          ],
          [
            -123.07567096364207,
            44.052667161439764
          ],
          [
            -123.07558511810092,
            44.05266906612102
          ],
          [
            -123.07550323452726,
            44.05268327768645
          ],
          [
            -123.0753913596594,
            44.05271219713397
          ],
          [
            -123.07526115172949,
            44.05276019017904
          ],
          [
            -123.07520160700174,
            44.052775285363595
          ],
          [
            -123.0751058071211,
            44.052793725678264
          ],
          [
            -123.07490643293406,
            44.0527931905978
          ],
          [
            -123.07478281560925,
            44.05279593249249
          ],
          [
            -123.0746223758105,
            44.052821800030266
          ],
          [
            -123.07414068985067,
            44.052810173044776
          ],
          [
            -123.07404369812906,
            44.0527924934347
          ],
          [
            -123.07391322122672,
            44.052784445801485
          ]
        ]
      },
      "properties": {
        "OBJECTID": 746,
        "bike_segid": 1153,
        "eug_id": null,
        "name": "Ruth Bascom Path - North Bank",
        "ftype": "Shared Use Path",
        "ftypedes": "Shared Use Path",
        "lane_type": null,
        "lane_typedes": null,
        "status": "Built",
        "maint": "UNKNOWN",
        "source": null,
        "easement": null,
        "lane_num": null,
        "lane_placement": null,
        "geofeature_id": "{90037A99-D164-48A5-98F2-AEC654C0EA2C}",
        "Shape_Length": 847.458024678831,
        "layer": "bike_lanes"
      }
    },
    {
      "type": "Feature",
      "id": "bike_lanes_384",
      "geometry": {
        "type": "LineString",
        "coordinates": [
          [
            -123.1109738404255,
            44.068046367930606
          ],
          [
            -123.1111434895884,
            44.06794740132882
          ],
          [
            -123.11144029655046,
            44.06775109467926
          ]
        ]
      },
      "properties": {
        "OBJECTID": 747,
        "bike_segid": 1154,
        "eug_id": null,
        "name": "Greenway Bridge Path",
        "ftype": "Shared Use Path",
        "ftypedes": "Shared Use Path",
        "lane_type": null,
        "lane_typedes": null,
        "status": "Built",
        "maint": "UNKNOWN",
        "source": null,
        "easement": null,
        "lane_num": null,
        "lane_placement": null,
        "geofeature_id": "{3096C327-4A2B-4D4C-9975-C63261E8AD5D}",
        "Shape_Length": 163.22619584347416,
        "layer": "bike_lanes"
      }
    },
    {
      "type": "Feature",
      "id": "bike_lanes_385",
      "geometry": {
        "type": "LineString",
        "coordinates": [
          [
            -123.11026302060384,
            44.06407594286776
          ],
          [
            -123.11018396241856,
            44.06406304542242
          ],
          [
            -123.11007181802508,
            44.06405822818339
          ],
          [
            -123.110015222916,
            44.064060548488
          ],
          [
            -123.1099500510846,
            44.064066206666254
          ],
          [
            -123.10987217007579,
            44.06408053593688
          ],
          [
            -123.10938064528034,
            44.06417753767056
          ]
        ]
      },
      "properties": {
        "OBJECTID": 750,
        "bike_segid": 1157,
        "eug_id": null,
        "name": "Ruth Bascom Path - South Bank",
        "ftype": "Shared Use Path",
        "ftypedes": "Shared Use Path",
        "lane_type": null,
        "lane_typedes": null,
        "status": "Built",
        "maint": "UNKNOWN",
        "source": null,
        "easement": null,
        "lane_num": null,
        "lane_placement": null,
        "geofeature_id": "{836D3C64-98AB-43C5-A8E6-27E951D33564}",
        "Shape_Length": 238.07828215826294,
        "layer": "bike_lanes"
      }
    },
    {
      "type": "Feature",
      "id": "bike_lanes_386",
      "geometry": {
        "type": "LineString",
        "coordinates": [
          [
            -123.10938064528034,
            44.06417753767056
          ],
          [
            -123.10922474690076,
            44.0642030542403
          ],
          [
            -123.1091149156103,
            44.06421810009202
          ],
          [
            -123.10902205816777,
            44.06422228374192
          ],
          [
            -123.10892452758549,
            44.06421923404371
          ],
          [
            -123.10880330838765,
            44.06420623403934
          ],
          [
            -123.10854811716149,
            44.06415431576397
          ]
        ]
      },
      "properties": {
        "OBJECTID": 751,
        "bike_segid": 1158,
        "eug_id": null,
        "name": "Ruth Bascom Path - South Bank",
        "ftype": "Shared Use Path",
        "ftypedes": "Shared Use Path",
        "lane_type": null,
        "lane_typedes": null,
        "status": "Built",
        "maint": "UNKNOWN",
        "source": null,
        "easement": null,
        "lane_num": null,
        "lane_placement": null,
        "geofeature_id": "{12D95C75-BC24-46F8-A63C-A9C94213D336}",
        "Shape_Length": 223.44195394985144,
        "layer": "bike_lanes"
      }
    },
    {
      "type": "Feature",
      "id": "bike_lanes_387",
      "geometry": {
        "type": "LineString",
        "coordinates": [
          [
            -123.08817474601862,
            44.058303971348366
          ],
          [
            -123.08805419749987,
            44.0583450111526
          ],
          [
            -123.08803298267833,
            44.05836612659442
          ],
          [
            -123.08802398961987,
            44.05839916907313
          ],
          [
            -123.08802714741697,
            44.05847685431963
          ],
          [
            -123.08799894885014,
            44.05849848649344
          ]
        ]
      },
      "properties": {
        "OBJECTID": 752,
        "bike_segid": 1159,
        "eug_id": null,
        "name": null,
        "ftype": "Routing Connection",
        "ftypedes": "Routing Connection",
        "lane_type": null,
        "lane_typedes": null,
        "status": "Built",
        "maint": "UNKNOWN",
        "source": null,
        "easement": null,
        "lane_num": null,
        "lane_placement": null,
        "geofeature_id": "{8079E704-FB3B-428D-8FB0-EB984FB40323}",
        "Shape_Length": 95.98185650930195,
        "layer": "bike_lanes"
      }
    },
    {
      "type": "Feature",
      "id": "bike_lanes_388",
      "geometry": {
        "type": "LineString",
        "coordinates": [
          [
            -123.0844241621572,
            44.05602414100066
          ],
          [
            -123.08446309098078,
            44.05571606053888
          ],
          [
            -123.08448080618709,
            44.05553927286259
          ],
          [
            -123.08448433695516,
            44.05526011148973
          ],
          [
            -123.08447440381144,
            44.05492162637778
          ]
        ]
      },
      "properties": {
        "OBJECTID": 753,
        "bike_segid": 1160,
        "eug_id": null,
        "name": "Ruth Bascom Path - South Bank",
        "ftype": "Shared Use Path",
        "ftypedes": "Shared Use Path",
        "lane_type": null,
        "lane_typedes": null,
        "status": "Built",
        "maint": "UNKNOWN",
        "source": null,
        "easement": null,
        "lane_num": null,
        "lane_placement": null,
        "geofeature_id": "{3136E693-8DA7-48D9-A58B-902CE6E8B4A6}",
        "Shape_Length": 402.587355219145,
        "layer": "bike_lanes"
      }
    },
    {
      "type": "Feature",
      "id": "bike_lanes_389",
      "geometry": {
        "type": "LineString",
        "coordinates": [
          [
            -123.07175506549446,
            44.049861634388115
          ],
          [
            -123.07158416919411,
            44.04993172920236
          ],
          [
            -123.0715010792416,
            44.04996189815015
          ],
          [
            -123.0713975092552,
            44.04998937382625
          ]
        ]
      },
      "properties": {
        "OBJECTID": 754,
        "bike_segid": 1161,
        "eug_id": null,
        "name": "Ruth Bascom Path - South Bank",
        "ftype": "Shared Use Path",
        "ftypedes": "Shared Use Path",
        "lane_type": null,
        "lane_typedes": null,
        "status": "Built",
        "maint": "UNKNOWN",
        "source": null,
        "easement": null,
        "lane_num": null,
        "lane_placement": null,
        "geofeature_id": "{AB59BF21-D21D-440C-A7FA-B58E5E4A796D}",
        "Shape_Length": 105.16451749505114,
        "layer": "bike_lanes"
      }
    },
    {
      "type": "Feature",
      "id": "bike_lanes_390",
      "geometry": {
        "type": "LineString",
        "coordinates": [
          [
            -123.10463587704847,
            44.07618972231487
          ],
          [
            -123.104702402585,
            44.076129311021695
          ],
          [
            -123.10473754020927,
            44.07610978927542
          ],
          [
            -123.10472507696524,
            44.076017704386814
          ],
          [
            -123.10474574071463,
            44.07597558949014
          ],
          [
            -123.1047925980779,
            44.07592098383606
          ],
          [
            -123.10487432725212,
            44.07590387721562
          ],
          [
            -123.10498684391428,
            44.07591002416745
          ]
        ]
      },
      "properties": {
        "OBJECTID": 756,
        "bike_segid": 1163,
        "eug_id": null,
        "name": "Delta Ponds Path",
        "ftype": "Shared Use Path",
        "ftypedes": "Shared Use Path",
        "lane_type": null,
        "lane_typedes": null,
        "status": "Built",
        "maint": "EUG",
        "source": null,
        "easement": null,
        "lane_num": null,
        "lane_placement": null,
        "geofeature_id": "{C5D7BE4B-57F9-449E-9E3F-C64A61C08229}",
        "Shape_Length": 165.22277404207657,
        "layer": "bike_lanes"
      }
    },
    {
      "type": "Feature",
      "id": "bike_lanes_391",
      "geometry": {
        "type": "LineString",
        "coordinates": [
          [
            -123.10498684391428,
            44.07591002416745
          ],
          [
            -123.10516856696611,
            44.07594062916731
          ],
          [
            -123.10543524812613,
            44.076008989411434
          ],
          [
            -123.10558254498235,
            44.07604354903285
          ],
          [
            -123.105730630544,
            44.0760772218914
          ],
          [
            -123.10586942484882,
            44.07610987311003
          ],
          [
            -123.10598719269424,
            44.07614480219736
          ],
          [
            -123.10614513705285,
            44.076181719831034
          ],
          [
            -123.10630295687719,
            44.076215748875306
          ],
          [
            -123.10642848642671,
            44.0762447236844
          ],
          [
            -123.1065865927079,
            44.076235896045674
          ]
        ]
      },
      "properties": {
        "OBJECTID": 757,
        "bike_segid": 1164,
        "eug_id": null,
        "name": "Delta Ponds Path",
        "ftype": "Shared Use Path",
        "ftypedes": "Shared Use Path",
        "lane_type": null,
        "lane_typedes": null,
        "status": "Built",
        "maint": "EUG",
        "source": null,
        "easement": null,
        "lane_num": null,
        "lane_placement": null,
        "geofeature_id": "{B0C2B17A-4B31-4B22-AF4E-14151C9F58B9}",
        "Shape_Length": 440.0341442250819,
        "layer": "bike_lanes"
      }
    },
    {
      "type": "Feature",
      "id": "bike_lanes_392",
      "geometry": {
        "type": "LineString",
        "coordinates": [
          [
            -123.05925536295486,
            44.055377929160215
          ],
          [
            -123.05942807361028,
            44.055380465741116
          ],
          [
            -123.0597498789575,
            44.05539433433425
          ],
          [
            -123.05994539629845,
            44.05541203585054
          ],
          [
            -123.06012393107761,
            44.05544059298715
          ],
          [
            -123.06032627768178,
            44.05548225119814
          ],
          [
            -123.06057034909925,
            44.05554814655837
          ],
          [
            -123.06066910682422,
            44.05558055944731
          ],
          [
            -123.06090012557505,
            44.05568133140831
          ],
          [
            -123.06109515057749,
            44.055790235158184
          ],
          [
            -123.06131300727668,
            44.055946062898556
          ],
          [
            -123.0614300831377,
            44.056044897042405
          ],
          [
            -123.06151372679214,
            44.05613214870294
          ],
          [
            -123.06160067444442,
            44.05622876168667
          ],
          [
            -123.06167283516338,
            44.05631941076828
          ],
          [
            -123.06171393735237,
            44.05635343893887
          ],
          [
            -123.0617405468079,
            44.05639212137234
          ]
        ]
      },
      "properties": {
        "OBJECTID": 758,
        "bike_segid": 1165,
        "eug_id": null,
        "name": "MLK Sidewalk Path",
        "ftype": "Sidewalk Path",
        "ftypedes": "Sidewalk Path",
        "lane_type": null,
        "lane_typedes": null,
        "status": "Built",
        "maint": "UNKNOWN",
        "source": null,
        "easement": null,
        "lane_num": null,
        "lane_placement": null,
        "geofeature_id": "{2F185C92-7881-4528-88AC-B4457EC553C3}",
        "Shape_Length": 797.2546705146085,
        "layer": "bike_lanes"
      }
    },
    {
      "type": "Feature",
      "id": "bike_lanes_393",
      "geometry": {
        "type": "LineString",
        "coordinates": [
          [
            -123.062543257192,
            44.05828197588419
          ],
          [
            -123.06255989609163,
            44.058297311411565
          ],
          [
            -123.06263830432094,
            44.058504669112104
          ],
          [
            -123.06267593681622,
            44.05859977671082
          ],
          [
            -123.06275795514799,
            44.058785594757815
          ],
          [
            -123.06280217341312,
            44.05886847461516
          ],
          [
            -123.0628449842515,
            44.05895243357683
          ],
          [
            -123.0628932920598,
            44.05902893480555
          ],
          [
            -123.06294137770438,
            44.059100199753715
          ],
          [
            -123.06298684087996,
            44.05916104024602
          ],
          [
            -123.063024970212,
            44.059212064512884
          ],
          [
            -123.06305027329834,
            44.059247277471236
          ],
          [
            -123.06309084616205,
            44.05930512314329
          ],
          [
            -123.06311592515347,
            44.0593426730425
          ],
          [
            -123.06315691269133,
            44.05938369657253
          ],
          [
            -123.06324280182598,
            44.059455174846924
          ],
          [
            -123.06332903115113,
            44.05951919212847
          ],
          [
            -123.06340330249174,
            44.059572174391
          ],
          [
            -123.06349877821997,
            44.05962981432862
          ],
          [
            -123.06359984229478,
            44.05968208872901
          ],
          [
            -123.06372202222394,
            44.05971817417084
          ],
          [
            -123.06386247394016,
            44.05977377169523
          ],
          [
            -123.0639833788592,
            44.059814078136725
          ],
          [
            -123.06412606793688,
            44.05985390334405
          ],
          [
            -123.06424489972662,
            44.05987958076204
          ],
          [
            -123.06441319542014,
            44.05990626162246
          ],
          [
            -123.06455059350148,
            44.05992419046735
          ],
          [
            -123.06469067450847,
            44.05993681871852
          ],
          [
            -123.06484655238205,
            44.0599449065118
          ],
          [
            -123.06501005438,
            44.05994744132817
          ],
          [
            -123.06514662909215,
            44.059945514267916
          ],
          [
            -123.06531883720803,
            44.05994180837812
          ],
          [
            -123.06537182934854,
            44.0599574090231
          ]
        ]
      },
      "properties": {
        "OBJECTID": 759,
        "bike_segid": 1166,
        "eug_id": null,
        "name": "MLK Sidewalk Path",
        "ftype": "Sidewalk Path",
        "ftypedes": "Sidewalk Path",
        "lane_type": null,
        "lane_typedes": null,
        "status": "Built",
        "maint": "UNKNOWN",
        "source": null,
        "easement": null,
        "lane_num": null,
        "lane_placement": null,
        "geofeature_id": "{6EB1D97D-19FC-46DC-89EE-9777AC001CA9}",
        "Shape_Length": 1079.1795375677366,
        "layer": "bike_lanes"
      }
    },
    {
      "type": "Feature",
      "id": "bike_lanes_394",
      "geometry": {
        "type": "LineString",
        "coordinates": [
          [
            -123.07198867035744,
            44.059719185127165
          ],
          [
            -123.07207849359588,
            44.05971363686452
          ],
          [
            -123.07210550552337,
            44.05969941190719
          ],
          [
            -123.07212947955452,
            44.059682109177444
          ],
          [
            -123.07216692445905,
            44.05967394230445
          ],
          [
            -123.07240141806557,
            44.05966600430687
          ],
          [
            -123.07388248198244,
            44.059612948206194
          ],
          [
            -123.07443544097534,
            44.05959326334694
          ],
          [
            -123.0745022431937,
            44.059591782027624
          ],
          [
            -123.07463765688586,
            44.05959716450888
          ],
          [
            -123.0747220184136,
            44.05959843873578
          ],
          [
            -123.07489179395029,
            44.05959152844722
          ]
        ]
      },
      "properties": {
        "OBJECTID": 760,
        "bike_segid": 1167,
        "eug_id": null,
        "name": "MLK Sidewalk Path",
        "ftype": "Sidewalk Path",
        "ftypedes": "Sidewalk Path",
        "lane_type": null,
        "lane_typedes": null,
        "status": "Built",
        "maint": "UNKNOWN",
        "source": null,
        "easement": null,
        "lane_num": null,
        "lane_placement": null,
        "geofeature_id": "{3153B3A2-1AE0-4BFA-B344-432EBD4BCB49}",
        "Shape_Length": 768.8814344480029,
        "layer": "bike_lanes"
      }
    },
    {
      "type": "Feature",
      "id": "bike_lanes_395",
      "geometry": {
        "type": "LineString",
        "coordinates": [
          [
            -123.11222105709534,
            44.072876188656345
          ],
          [
            -123.1123396656955,
            44.072828447375144
          ],
          [
            -123.11240212541426,
            44.07279349966204
          ],
          [
            -123.11245709688421,
            44.07275347824823
          ],
          [
            -123.1124986778501,
            44.072706421599555
          ],
          [
            -123.11252464480901,
            44.072668101639685
          ],
          [
            -123.11254126089646,
            44.07261531732682
          ],
          [
            -123.1125407678849,
            44.07250316917776
          ],
          [
            -123.11251073920768,
            44.07217889752899
          ],
          [
            -123.11248414799263,
            44.07206838547458
          ],
          [
            -123.11233835352022,
            44.0716911211127
          ],
          [
            -123.11222873533191,
            44.07140746503972
          ],
          [
            -123.11215594518396,
            44.07117011007174
          ],
          [
            -123.11214419525227,
            44.071100143143084
          ],
          [
            -123.11212504695644,
            44.07078874263343
          ]
        ]
      },
      "properties": {
        "OBJECTID": 762,
        "bike_segid": 1169,
        "eug_id": null,
        "name": "Ruth Bascom Path - East Bank",
        "ftype": "Shared Use Path",
        "ftypedes": "Shared Use Path",
        "lane_type": null,
        "lane_typedes": null,
        "status": "Built",
        "maint": "EUG",
        "source": null,
        "easement": null,
        "lane_num": null,
        "lane_placement": null,
        "geofeature_id": "{752DAFBC-883F-4031-846F-1A24D76792B6}",
        "Shape_Length": 810.9486789382368,
        "layer": "bike_lanes"
      }
    },
    {
      "type": "Feature",
      "id": "bike_lanes_396",
      "geometry": {
        "type": "LineString",
        "coordinates": [
          [
            -123.06153952945402,
            44.052586828275956
          ],
          [
            -123.06150301041173,
            44.0524266360332
          ],
          [
            -123.06142994161465,
            44.052199924387345
          ]
        ]
      },
      "properties": {
        "OBJECTID": 763,
        "bike_segid": 1170,
        "eug_id": null,
        "name": "Walnut Path",
        "ftype": "Shared Use Path",
        "ftypedes": "Shared Use Path",
        "lane_type": null,
        "lane_typedes": null,
        "status": "Built",
        "maint": "EUG",
        "source": null,
        "easement": null,
        "lane_num": null,
        "lane_placement": null,
        "geofeature_id": "{0C42CB8A-4FAB-4BAC-9F5C-8FE9FB354F21}",
        "Shape_Length": 144.03315088996214,
        "layer": "bike_lanes"
      }
    },
    {
      "type": "Feature",
      "id": "bike_lanes_397",
      "geometry": {
        "type": "LineString",
        "coordinates": [
          [
            -123.06312464800945,
            44.05579112893466
          ],
          [
            -123.06291263920703,
            44.05524123831523
          ],
          [
            -123.06283582552317,
            44.05507522192199
          ]
        ]
      },
      "properties": {
        "OBJECTID": 764,
        "bike_segid": 1171,
        "eug_id": null,
        "name": null,
        "ftype": "Route",
        "ftypedes": "Route",
        "lane_type": null,
        "lane_typedes": null,
        "status": "Built",
        "maint": "UNKNOWN",
        "source": null,
        "easement": null,
        "lane_num": null,
        "lane_placement": null,
        "geofeature_id": "{E47BB3D9-BA58-4D97-9711-8C60AA85D4A7}",
        "Shape_Length": 271.8689960309636,
        "layer": "bike_lanes"
      }
    },
    {
      "type": "Feature",
      "id": "bike_lanes_398",
      "geometry": {
        "type": "LineString",
        "coordinates": [
          [
            -123.08010426392974,
            44.04978011925871
          ],
          [
            -123.08041296058835,
            44.04986526288202
          ],
          [
            -123.08065805889986,
            44.049919174764455
          ],
          [
            -123.08096508017346,
            44.04997764476735
          ],
          [
            -123.08119670606986,
            44.050005142949914
          ],
          [
            -123.0816302900311,
            44.05004002105458
          ],
          [
            -123.08174591240932,
            44.05004932131096
          ],
          [
            -123.08184135963477,
            44.05006797423283
          ],
          [
            -123.08192276205254,
            44.05009529337217
          ],
          [
            -123.08196085386383,
            44.05011249460516
          ]
        ]
      },
      "properties": {
        "OBJECTID": 767,
        "bike_segid": 1174,
        "eug_id": null,
        "name": null,
        "ftype": "Sidewalk Path",
        "ftypedes": "Sidewalk Path",
        "lane_type": null,
        "lane_typedes": null,
        "status": "Built",
        "maint": "UNKNOWN",
        "source": null,
        "easement": null,
        "lane_num": null,
        "lane_placement": null,
        "geofeature_id": "{2AE9C4F4-DF19-4AB4-8DD6-0A75B4D93FCA}",
        "Shape_Length": 506.20030463790374,
        "layer": "bike_lanes"
      }
    },
    {
      "type": "Feature",
      "id": "bike_lanes_399",
      "geometry": {
        "type": "LineString",
        "coordinates": [
          [
            -123.11567423684494,
            44.068918533596396
          ],
          [
            -123.11556258541283,
            44.068556268493914
          ],
          [
            -123.11551125618924,
            44.068422783868954
          ],
          [
            -123.1154615108117,
            44.068303828458916
          ],
          [
            -123.11539166181477,
            44.06816808492981
          ],
          [
            -123.11526607885008,
            44.06795393262644
          ],
          [
            -123.11518769619892,
            44.06785611706353
          ],
          [
            -123.11499049425292,
            44.067633094092834
          ],
          [
            -123.11490112893328,
            44.067550201348595
          ],
          [
            -123.1148153032561,
            44.067481903594555
          ],
          [
            -123.11474018975531,
            44.067425942283265
          ],
          [
            -123.11453531712857,
            44.067294287712016
          ],
          [
            -123.11447263910983,
            44.06725691416561
          ],
          [
            -123.1144027457199,
            44.06722075201718
          ],
          [
            -123.11434042950326,
            44.0671917575085
          ],
          [
            -123.11431276654874,
            44.067182041922756
          ],
          [
            -123.11428433261723,
            44.0671720555602
          ],
          [
            -123.11420926446951,
            44.06715068547462
          ],
          [
            -123.1140932107906,
            44.06712289978651
          ],
          [
            -123.11368849076857,
            44.06703712083602
          ],
          [
            -123.11348431010929,
            44.066994049420344
          ]
        ]
      },
      "properties": {
        "OBJECTID": 769,
        "bike_segid": 1176,
        "eug_id": null,
        "name": "Ruth Bascom Path - West Bank",
        "ftype": "Shared Use Path",
        "ftypedes": "Shared Use Path",
        "lane_type": null,
        "lane_typedes": null,
        "status": "Built",
        "maint": "UNKNOWN",
        "source": null,
        "easement": null,
        "lane_num": null,
        "lane_placement": null,
        "geofeature_id": "{31F667D0-5D9B-40CE-B00E-D663C947AAEE}",
        "Shape_Length": 978.6669339920071,
        "layer": "bike_lanes"
      }
    },
    {
      "type": "Feature",
      "id": "bike_lanes_400",
      "geometry": {
        "type": "LineString",
        "coordinates": [
          [
            -123.07485592725325,
            44.07759375151453
          ],
          [
            -123.0747241568216,
            44.077654838755244
          ],
          [
            -123.07454036976453,
            44.07774658100655
          ],
          [
            -123.07441066427471,
            44.077866663959696
          ],
          [
            -123.0743477807489,
            44.07797287714557
          ],
          [
            -123.07432752246037,
            44.07803112552928
          ]
        ]
      },
      "properties": {
        "OBJECTID": 772,
        "bike_segid": 1182,
        "eug_id": null,
        "name": null,
        "ftype": "Bike Lane",
        "ftypedes": "Bike Lane",
        "lane_type": null,
        "lane_typedes": null,
        "status": "Built",
        "maint": "UNKNOWN",
        "source": null,
        "easement": null,
        "lane_num": null,
        "lane_placement": "Curbside",
        "geofeature_id": "{1E6C92E7-6E46-4399-91FD-B6F50700933B}",
        "Shape_Length": 219.39622574775808,
        "layer": "bike_lanes"
      }
    }
  ]
}