{
  "type": "FeatureCollection",
  "features": [
    {
      "type": "Feature",
      "id": "hydrants_1",
      "geometry": {
        "type": "Point",
        "coordinates": [
          -123.11234580983098,
          44.02861701081225
        ]
      },
      "properties": {
        "FD_1ST": "FD15",
        "owner": "Eugene",
        "elog_id": 11444,
        "sub_id": null,
        "ANGLE": 0,
        "OBJECTID": 714,
        "Type": "Mueller",
        "EWEB_Page": "17K",
        "ESFD_Page": "209",
        "GlobalID": "{790B53D3-2181-480C-84F2-E199B76D9663}",
        "layer": "hydrants",
        "source": "city-of-eugene-gis"
      }
    },
    {
      "type": "Feature",
      "id": "hydrants_2",
      "geometry": {
        "type": "Point",
        "coordinates": [
          -123.11765372521202,
          44.02854260573029
        ]
      },
      "properties": {
        "FD_1ST": "FD15",
        "owner": "Eugene",
        "elog_id": 11405,
        "sub_id": null,
        "ANGLE": 0,
        "OBJECTID": 716,
        "Type": "Centurian",
        "EWEB_Page": "17K",
        "ESFD_Page": "209",
        "GlobalID": "{847FC884-978B-40CB-BA98-A270654C5179}",
        "layer": "hydrants",
        "source": "city-of-eugene-gis"
      }
    },
    {
      "type": "Feature",
      "id": "hydrants_3",
      "geometry": {
        "type": "Point",
        "coordinates": [
          -123.08920269713174,
          44.02915484584721
        ]
      },
      "properties": {
        "FD_1ST": "FD15",
        "owner": "Eugene",
        "elog_id": 1239,
        "sub_id": null,
        "ANGLE": 0,
        "OBJECTID": 717,
        "Type": null,
        "EWEB_Page": "20K",
        "ESFD_Page": "211",
        "GlobalID": "{2AC1DE5D-C065-4E51-B22F-D2A712536EE5}",
        "layer": "hydrants",
        "source": "city-of-eugene-gis"
      }
    },
    {
      "type": "Feature",
      "id": "hydrants_4",
      "geometry": {
        "type": "Point",
        "coordinates": [
          -123.10716387195293,
          44.0288830267624
        ]
      },
      "properties": {
        "FD_1ST": "FD15",
        "owner": "Eugene",
        "elog_id": 843,
        "sub_id": null,
        "ANGLE": 0,
        "OBJECTID": 721,
        "Type": null,
        "EWEB_Page": "18K",
        "ESFD_Page": "210",
        "GlobalID": "{2BA5551E-9662-4AA6-874E-66B1C825EE6B}",
        "layer": "hydrants",
        "source": "city-of-eugene-gis"
      }
    },
    {
      "type": "Feature",
      "id": "hydrants_5",
      "geometry": {
        "type": "Point",
        "coordinates": [
          -123.09368329315092,
          44.02906073074328
        ]
      },
      "properties": {
        "FD_1ST": "FD15",
        "owner": "Eugene",
        "elog_id": 576,
        "sub_id": null,
        "ANGLE": 0,
        "OBJECTID": 722,
        "Type": null,
        "EWEB_Page": "19K",
        "ESFD_Page": "211",
        "GlobalID": "{35EF0613-3095-4884-AB48-61559865842E}",
        "layer": "hydrants",
        "source": "city-of-eugene-gis"
      }
    },
    {
      "type": "Feature",
      "id": "hydrants_6",
      "geometry": {
        "type": "Point",
        "coordinates": [
          -123.09577573594375,
          44.02907129800698
        ]
      },
      "properties": {
        "FD_1ST": "FD15",
        "owner": "Eugene",
        "elog_id": 973,
        "sub_id": null,
        "ANGLE": 0,
        "OBJECTID": 723,
        "Type": null,
        "EWEB_Page": "19K",
        "ESFD_Page": "211",
        "GlobalID": "{94FEF541-C4E3-44A8-979C-8229A0F377A3}",
        "layer": "hydrants",
        "source": "city-of-eugene-gis"
      }
    },
    {
      "type": "Feature",
      "id": "hydrants_7",
      "geometry": {
        "type": "Point",
        "coordinates": [
          -123.09857185678054,
          44.02907030523869
        ]
      },
      "properties": {
        "FD_1ST": "FD15",
        "owner": "Eugene",
        "elog_id": 926,
        "sub_id": null,
        "ANGLE": 0,
        "OBJECTID": 726,
        "Type": null,
        "EWEB_Page": "19K",
        "ESFD_Page": "210",
        "GlobalID": "{F704243E-AE7F-469B-B234-3D7A794DD004}",
        "layer": "hydrants",
        "source": "city-of-eugene-gis"
      }
    },
    {
      "type": "Feature",
      "id": "hydrants_8",
      "geometry": {
        "type": "Point",
        "coordinates": [
          -123.10392426888488,
          44.02898330876678
        ]
      },
      "properties": {
        "FD_1ST": "FD15",
        "owner": "Eugene",
        "elog_id": 1151,
        "sub_id": null,
        "ANGLE": 0,
        "OBJECTID": 727,
        "Type": null,
        "EWEB_Page": "18K",
        "ESFD_Page": "210",
        "GlobalID": "{8F60D044-B132-464D-AC9E-7B49F1086847}",
        "layer": "hydrants",
        "source": "city-of-eugene-gis"
      }
    },
    {
      "type": "Feature",
      "id": "hydrants_9",
      "geometry": {
        "type": "Point",
        "coordinates": [
          -123.04866138953373,
          44.03042369502953
        ]
      },
      "properties": {
        "FD_1ST": "FD13",
        "owner": "Eugene",
        "elog_id": 80006,
        "sub_id": null,
        "ANGLE": 0,
        "OBJECTID": 729,
        "Type": null,
        "EWEB_Page": "23K",
        "ESFD_Page": "214",
        "GlobalID": "{05397E1C-EFC2-4A49-A787-D1FC1B0440B0}",
        "layer": "hydrants",
        "source": "city-of-eugene-gis"
      }
    },
    {
      "type": "Feature",
      "id": "hydrants_10",
      "geometry": {
        "type": "Point",
        "coordinates": [
          -123.07295758907965,
          44.02980660679515
        ]
      },
      "properties": {
        "FD_1ST": "FD13",
        "owner": "Eugene",
        "elog_id": 92067,
        "sub_id": null,
        "ANGLE": 0,
        "OBJECTID": 730,
        "Type": null,
        "EWEB_Page": "21K",
        "ESFD_Page": "212",
        "GlobalID": "{26DE8D92-5453-4BCA-8E40-0719A0E21D34}",
        "layer": "hydrants",
        "source": "city-of-eugene-gis"
      }
    },
    {
      "type": "Feature",
      "id": "hydrants_11",
      "geometry": {
        "type": "Point",
        "coordinates": [
          -123.10964624119569,
          44.02903163113008
        ]
      },
      "properties": {
        "FD_1ST": "FD15",
        "owner": "Eugene",
        "elog_id": 909,
        "sub_id": null,
        "ANGLE": 0,
        "OBJECTID": 735,
        "Type": null,
        "EWEB_Page": "18K",
        "ESFD_Page": "210",
        "GlobalID": "{58BAE2F6-15FC-48D8-84C7-E89E345E9540}",
        "layer": "hydrants",
        "source": "city-of-eugene-gis"
      }
    },
    {
      "type": "Feature",
      "id": "hydrants_12",
      "geometry": {
        "type": "Point",
        "coordinates": [
          -123.09229443397028,
          44.02984978216339
        ]
      },
      "properties": {
        "FD_1ST": "FD15",
        "owner": "Eugene",
        "elog_id": 544,
        "sub_id": null,
        "ANGLE": 0,
        "OBJECTID": 741,
        "Type": null,
        "EWEB_Page": "19K",
        "ESFD_Page": "211",
        "GlobalID": "{65FC0F56-01F7-451C-9E37-AA1DDB5197AD}",
        "layer": "hydrants",
        "source": "city-of-eugene-gis"
      }
    },
    {
      "type": "Feature",
      "id": "hydrants_13",
      "geometry": {
        "type": "Point",
        "coordinates": [
          -123.06812091305193,
          44.030508015413
        ]
      },
      "properties": {
        "FD_1ST": "FD13",
        "owner": "Eugene",
        "elog_id": 1302,
        "sub_id": null,
        "ANGLE": 0,
        "OBJECTID": 746,
        "Type": null,
        "EWEB_Page": "22K",
        "ESFD_Page": "212",
        "GlobalID": "{66CAA7AB-94A7-47DE-9BE1-DBCDC757E7DF}",
        "layer": "hydrants",
        "source": "city-of-eugene-gis"
      }
    },
    {
      "type": "Feature",
      "id": "hydrants_14",
      "geometry": {
        "type": "Point",
        "coordinates": [
          -123.06327620939184,
          44.030477108606945
        ]
      },
      "properties": {
        "FD_1ST": "FD13",
        "owner": "Eugene",
        "elog_id": 10819,
        "sub_id": null,
        "ANGLE": 0,
        "OBJECTID": 747,
        "Type": null,
        "EWEB_Page": "22K",
        "ESFD_Page": "213",
        "GlobalID": "{225D3D7C-74D8-4ADA-8019-541281CA0A8F}",
        "layer": "hydrants",
        "source": "city-of-eugene-gis"
      }
    },
    {
      "type": "Feature",
      "id": "hydrants_15",
      "geometry": {
        "type": "Point",
        "coordinates": [
          -123.10135774954063,
          44.02981861137748
        ]
      },
      "properties": {
        "FD_1ST": "FD15",
        "owner": "Eugene",
        "elog_id": 953,
        "sub_id": null,
        "ANGLE": 0,
        "OBJECTID": 748,
        "Type": null,
        "EWEB_Page": "18K",
        "ESFD_Page": "210",
        "GlobalID": "{242EB55A-6710-44EE-B3C4-FEBAC3E9C477}",
        "layer": "hydrants",
        "source": "city-of-eugene-gis"
      }
    },
    {
      "type": "Feature",
      "id": "hydrants_16",
      "geometry": {
        "type": "Point",
        "coordinates": [
          -123.07786185393493,
          44.030334106689146
        ]
      },
      "properties": {
        "FD_1ST": "FD13",
        "owner": "Eugene",
        "elog_id": 11411,
        "sub_id": null,
        "ANGLE": 0,
        "OBJECTID": 749,
        "Type": "K-81",
        "EWEB_Page": "21K",
        "ESFD_Page": "212",
        "GlobalID": "{674E90B5-66CB-4B0F-B7F4-25302F96CF60}",
        "layer": "hydrants",
        "source": "city-of-eugene-gis"
      }
    },
    {
      "type": "Feature",
      "id": "hydrants_17",
      "geometry": {
        "type": "Point",
        "coordinates": [
          -123.0603849695043,
          44.030653554192355
        ]
      },
      "properties": {
        "FD_1ST": "FD13",
        "owner": "Eugene",
        "elog_id": 11447,
        "sub_id": null,
        "ANGLE": 0,
        "OBJECTID": 750,
        "Type": "Kennedy",
        "EWEB_Page": "22K",
        "ESFD_Page": "213",
        "GlobalID": "{4581F897-8AF7-4990-8261-F4E7DD7AC033}",
        "layer": "hydrants",
        "source": "city-of-eugene-gis"
      }
    },
    {
      "type": "Feature",
      "id": "hydrants_18",
      "geometry": {
        "type": "Point",
        "coordinates": [
          -123.10430840579757,
          44.029784177009375
        ]
      },
      "properties": {
        "FD_1ST": "FD15",
        "owner": "Eugene",
        "elog_id": 1153,
        "sub_id": null,
        "ANGLE": 0,
        "OBJECTID": 751,
        "Type": null,
        "EWEB_Page": "18K",
        "ESFD_Page": "210",
        "GlobalID": "{21B91834-E47D-4A57-B98D-01FAE170D813}",
        "layer": "hydrants",
        "source": "city-of-eugene-gis"
      }
    },
    {
      "type": "Feature",
      "id": "hydrants_19",
      "geometry": {
        "type": "Point",
        "coordinates": [
          -123.11462898778312,
          44.029708627539506
        ]
      },
      "properties": {
        "FD_1ST": "FD15",
        "owner": "Eugene",
        "elog_id": 1819,
        "sub_id": null,
        "ANGLE": 0,
        "OBJECTID": 752,
        "Type": null,
        "EWEB_Page": "17K",
        "ESFD_Page": "209",
        "GlobalID": "{CB9715B0-E3AB-44F2-BE1A-95158FE3DABA}",
        "layer": "hydrants",
        "source": "city-of-eugene-gis"
      }
    },
    {
      "type": "Feature",
      "id": "hydrants_20",
      "geometry": {
        "type": "Point",
        "coordinates": [
          -123.09998690537809,
          44.029892378816925
        ]
      },
      "properties": {
        "FD_1ST": "FD15",
        "owner": "Eugene",
        "elog_id": 10957,
        "sub_id": null,
        "ANGLE": 0,
        "OBJECTID": 754,
        "Type": null,
        "EWEB_Page": "19K",
        "ESFD_Page": "210",
        "GlobalID": "{0275D9D6-7DB3-4A6C-B459-FFAD5CF7214B}",
        "layer": "hydrants",
        "source": "city-of-eugene-gis"
      }
    },
    {
      "type": "Feature",
      "id": "hydrants_21",
      "geometry": {
        "type": "Point",
        "coordinates": [
          -123.11128475504069,
          44.02970770946866
        ]
      },
      "properties": {
        "FD_1ST": "FD15",
        "owner": "Eugene",
        "elog_id": 791,
        "sub_id": null,
        "ANGLE": 0,
        "OBJECTID": 757,
        "Type": null,
        "EWEB_Page": "18K",
        "ESFD_Page": "209",
        "GlobalID": "{78751FB4-98DE-47A1-A638-DCCFA900513D}",
        "layer": "hydrants",
        "source": "city-of-eugene-gis"
      }
    },
    {
      "type": "Feature",
      "id": "hydrants_22",
      "geometry": {
        "type": "Point",
        "coordinates": [
          -123.09516207987124,
          44.029957068840005
        ]
      },
      "properties": {
        "FD_1ST": "FD15",
        "owner": "Eugene",
        "elog_id": 1729,
        "sub_id": null,
        "ANGLE": 0,
        "OBJECTID": 758,
        "Type": null,
        "EWEB_Page": "19K",
        "ESFD_Page": "211",
        "GlobalID": "{79CECF8B-7F53-4FC9-B856-98A7C1B854F1}",
        "layer": "hydrants",
        "source": "city-of-eugene-gis"
      }
    },
    {
      "type": "Feature",
      "id": "hydrants_23",
      "geometry": {
        "type": "Point",
        "coordinates": [
          -123.09710951591184,
          44.03005878177918
        ]
      },
      "properties": {
        "FD_1ST": "FD15",
        "owner": "Eugene",
        "elog_id": 688,
        "sub_id": null,
        "ANGLE": 0,
        "OBJECTID": 759,
        "Type": null,
        "EWEB_Page": "19K",
        "ESFD_Page": "210",
        "GlobalID": "{D63B6867-D39E-4144-B921-D970E0EBF7F2}",
        "layer": "hydrants",
        "source": "city-of-eugene-gis"
      }
    },
    {
      "type": "Feature",
      "id": "hydrants_24",
      "geometry": {
        "type": "Point",
        "coordinates": [
          -123.06550133317285,
          44.03060675221823
        ]
      },
      "properties": {
        "FD_1ST": "FD13",
        "owner": "Eugene",
        "elog_id": 583,
        "sub_id": null,
        "ANGLE": 0,
        "OBJECTID": 761,
        "Type": null,
        "EWEB_Page": "22K",
        "ESFD_Page": "213",
        "GlobalID": "{F89E4BE5-3722-4FFA-9EE8-D6965337A67F}",
        "layer": "hydrants",
        "source": "city-of-eugene-gis"
      }
    },
    {
      "type": "Feature",
      "id": "hydrants_25",
      "geometry": {
        "type": "Point",
        "coordinates": [
          -123.05047664221307,
          44.031263008580105
        ]
      },
      "properties": {
        "FD_1ST": "FD13",
        "owner": "Eugene",
        "elog_id": 628,
        "sub_id": null,
        "ANGLE": 0,
        "OBJECTID": 762,
        "Type": null,
        "EWEB_Page": "23K",
        "ESFD_Page": "214",
        "GlobalID": "{011964AB-CB00-4749-ACDB-275C2B1E43C6}",
        "layer": "hydrants",
        "source": "city-of-eugene-gis"
      }
    },
    {
      "type": "Feature",
      "id": "hydrants_26",
      "geometry": {
        "type": "Point",
        "coordinates": [
          -123.06647321241302,
          44.03074958933609
        ]
      },
      "properties": {
        "FD_1ST": "FD13",
        "owner": "Eugene",
        "elog_id": 1623,
        "sub_id": null,
        "ANGLE": 0,
        "OBJECTID": 764,
        "Type": null,
        "EWEB_Page": "22K",
        "ESFD_Page": "213",
        "GlobalID": "{5AF7D032-8408-4189-9E1F-5A86337478A6}",
        "layer": "hydrants",
        "source": "city-of-eugene-gis"
      }
    },
    {
      "type": "Feature",
      "id": "hydrants_27",
      "geometry": {
        "type": "Point",
        "coordinates": [
          -123.10278445157029,
          44.02996417531148
        ]
      },
      "properties": {
        "FD_1ST": "FD15",
        "owner": "Eugene",
        "elog_id": 943,
        "sub_id": null,
        "ANGLE": 0,
        "OBJECTID": 765,
        "Type": null,
        "EWEB_Page": "18K",
        "ESFD_Page": "210",
        "GlobalID": "{DA8E98C2-A9A3-4D85-AE9A-EC5819DBC600}",
        "layer": "hydrants",
        "source": "city-of-eugene-gis"
      }
    },
    {
      "type": "Feature",
      "id": "hydrants_28",
      "geometry": {
        "type": "Point",
        "coordinates": [
          -123.06983347810682,
          44.030679007243435
        ]
      },
      "properties": {
        "FD_1ST": "FD13",
        "owner": "Eugene",
        "elog_id": 10711,
        "sub_id": null,
        "ANGLE": 0,
        "OBJECTID": 766,
        "Type": "MU",
        "EWEB_Page": "21K",
        "ESFD_Page": "212",
        "GlobalID": "{9B83FDE0-B5DA-4EF1-95B5-267A0B76CECE}",
        "layer": "hydrants",
        "source": "city-of-eugene-gis"
      }
    },
    {
      "type": "Feature",
      "id": "hydrants_29",
      "geometry": {
        "type": "Point",
        "coordinates": [
          -123.07891377432144,
          44.030487810022464
        ]
      },
      "properties": {
        "FD_1ST": "FD13",
        "owner": "Eugene",
        "elog_id": 375,
        "sub_id": null,
        "ANGLE": 0,
        "OBJECTID": 767,
        "Type": null,
        "EWEB_Page": "21K",
        "ESFD_Page": "212",
        "GlobalID": "{C7C487DB-B733-4CBA-BB81-6DE4D9E99191}",
        "layer": "hydrants",
        "source": "city-of-eugene-gis"
      }
    },
    {
      "type": "Feature",
      "id": "hydrants_30",
      "geometry": {
        "type": "Point",
        "coordinates": [
          -123.11925745850536,
          44.02953471917972
        ]
      },
      "properties": {
        "FD_1ST": "FD15",
        "owner": "Private",
        "elog_id": 5190,
        "sub_id": null,
        "ANGLE": 0,
        "OBJECTID": 768,
        "Type": null,
        "EWEB_Page": "17K",
        "ESFD_Page": "209",
        "GlobalID": "{1BE0EF70-4ED0-43F9-BE1C-C2D65A706FD2}",
        "layer": "hydrants",
        "source": "city-of-eugene-gis"
      }
    },
    {
      "type": "Feature",
      "id": "hydrants_31",
      "geometry": {
        "type": "Point",
        "coordinates": [
          -123.11699981110789,
          44.02970706085543
        ]
      },
      "properties": {
        "FD_1ST": "FD15",
        "owner": "Eugene",
        "elog_id": 1818,
        "sub_id": null,
        "ANGLE": 0,
        "OBJECTID": 769,
        "Type": null,
        "EWEB_Page": "17K",
        "ESFD_Page": "209",
        "GlobalID": "{585F180C-C4DF-4A27-8921-7DB46785E32E}",
        "layer": "hydrants",
        "source": "city-of-eugene-gis"
      }
    },
    {
      "type": "Feature",
      "id": "hydrants_32",
      "geometry": {
        "type": "Point",
        "coordinates": [
          -123.05610131755101,
          44.03108085569469
        ]
      },
      "properties": {
        "FD_1ST": "FD13",
        "owner": "Eugene",
        "elog_id": 10311,
        "sub_id": null,
        "ANGLE": 0,
        "OBJECTID": 771,
        "Type": null,
        "EWEB_Page": "23K",
        "ESFD_Page": "213",
        "GlobalID": "{71D65E47-CEAF-41FE-8089-E2A6BD559F80}",
        "layer": "hydrants",
        "source": "city-of-eugene-gis"
      }
    },
    {
      "type": "Feature",
      "id": "hydrants_33",
      "geometry": {
        "type": "Point",
        "coordinates": [
          -123.10839751125138,
          44.02994383887835
        ]
      },
      "properties": {
        "FD_1ST": "FD15",
        "owner": "Eugene",
        "elog_id": 713,
        "sub_id": null,
        "ANGLE": 0,
        "OBJECTID": 774,
        "Type": null,
        "EWEB_Page": "18K",
        "ESFD_Page": "210",
        "GlobalID": "{61476D8D-5F62-42E4-83DE-496FFA771FF8}",
        "layer": "hydrants",
        "source": "city-of-eugene-gis"
      }
    },
    {
      "type": "Feature",
      "id": "hydrants_34",
      "geometry": {
        "type": "Point",
        "coordinates": [
          -123.06108967345457,
          44.031200923354504
        ]
      },
      "properties": {
        "FD_1ST": "FD13",
        "owner": "Eugene",
        "elog_id": 1175,
        "sub_id": null,
        "ANGLE": 0,
        "OBJECTID": 775,
        "Type": null,
        "EWEB_Page": "22K",
        "ESFD_Page": "213",
        "GlobalID": "{3EA12764-95B4-42A0-BA51-E73222CB900C}",
        "layer": "hydrants",
        "source": "city-of-eugene-gis"
      }
    },
    {
      "type": "Feature",
      "id": "hydrants_35",
      "geometry": {
        "type": "Point",
        "coordinates": [
          -123.05190221765201,
          44.03141204513993
        ]
      },
      "properties": {
        "FD_1ST": "FD13",
        "owner": "Eugene",
        "elog_id": 618,
        "sub_id": null,
        "ANGLE": 0,
        "OBJECTID": 777,
        "Type": null,
        "EWEB_Page": "23K",
        "ESFD_Page": "214",
        "GlobalID": "{32C899D2-0244-4D2A-B8AC-6E95F322FC7F}",
        "layer": "hydrants",
        "source": "city-of-eugene-gis"
      }
    },
    {
      "type": "Feature",
      "id": "hydrants_36",
      "geometry": {
        "type": "Point",
        "coordinates": [
          -123.09083047608044,
          44.03055750995451
        ]
      },
      "properties": {
        "FD_1ST": "FD15",
        "owner": "Eugene",
        "elog_id": 11290,
        "sub_id": null,
        "ANGLE": 0,
        "OBJECTID": 778,
        "Type": "MU",
        "EWEB_Page": "19K",
        "ESFD_Page": "211",
        "GlobalID": "{1EBE6BC1-17BC-4A83-BA23-86FBDAE57AE2}",
        "layer": "hydrants",
        "source": "city-of-eugene-gis"
      }
    },
    {
      "type": "Feature",
      "id": "hydrants_37",
      "geometry": {
        "type": "Point",
        "coordinates": [
          -123.08930758945799,
          44.03057890340823
        ]
      },
      "properties": {
        "FD_1ST": "FD15",
        "owner": "Eugene",
        "elog_id": 505,
        "sub_id": null,
        "ANGLE": 0,
        "OBJECTID": 779,
        "Type": null,
        "EWEB_Page": "20K",
        "ESFD_Page": "211",
        "GlobalID": "{61619F9B-E66D-48C5-8B7F-60355BDAF5E5}",
        "layer": "hydrants",
        "source": "city-of-eugene-gis"
      }
    },
    {
      "type": "Feature",
      "id": "hydrants_38",
      "geometry": {
        "type": "Point",
        "coordinates": [
          -123.11882396180566,
          44.030148898162196
        ]
      },
      "properties": {
        "FD_1ST": "FD15",
        "owner": "Private",
        "elog_id": 5189,
        "sub_id": null,
        "ANGLE": 0,
        "OBJECTID": 785,
        "Type": null,
        "EWEB_Page": "17K",
        "ESFD_Page": "209",
        "GlobalID": "{E5B7DC63-0443-4FB6-A62B-CE00E87A23A0}",
        "layer": "hydrants",
        "source": "city-of-eugene-gis"
      }
    },
    {
      "type": "Feature",
      "id": "hydrants_39",
      "geometry": {
        "type": "Point",
        "coordinates": [
          -123.081581681011,
          44.03133766331362
        ]
      },
      "properties": {
        "FD_1ST": "FD15",
        "owner": "Eugene",
        "elog_id": 1815,
        "sub_id": null,
        "ANGLE": 0,
        "OBJECTID": 786,
        "Type": null,
        "EWEB_Page": "20K",
        "ESFD_Page": "212",
        "GlobalID": "{E28C63F0-DEB2-4AEA-A98B-6E441A205190}",
        "layer": "hydrants",
        "source": "city-of-eugene-gis"
      }
    },
    {
      "type": "Feature",
      "id": "hydrants_40",
      "geometry": {
        "type": "Point",
        "coordinates": [
          -123.11332781597059,
          44.03029836652511
        ]
      },
      "properties": {
        "FD_1ST": "FD15",
        "owner": "Eugene",
        "elog_id": 1235,
        "sub_id": null,
        "ANGLE": 0,
        "OBJECTID": 788,
        "Type": null,
        "EWEB_Page": "17K",
        "ESFD_Page": "209",
        "GlobalID": "{459CBA77-12EB-4AA3-92C6-8FF9C36313B6}",
        "layer": "hydrants",
        "source": "city-of-eugene-gis"
      }
    },
    {
      "type": "Feature",
      "id": "hydrants_41",
      "geometry": {
        "type": "Point",
        "coordinates": [
          -123.09690676689212,
          44.03143606986299
        ]
      },
      "properties": {
        "FD_1ST": "FD15",
        "owner": "Eugene",
        "elog_id": 367,
        "sub_id": null,
        "ANGLE": 0,
        "OBJECTID": 789,
        "Type": null,
        "EWEB_Page": "19K",
        "ESFD_Page": "210",
        "GlobalID": "{543F309B-A542-465B-908F-D6F23D8BED08}",
        "layer": "hydrants",
        "source": "city-of-eugene-gis"
      }
    },
    {
      "type": "Feature",
      "id": "hydrants_42",
      "geometry": {
        "type": "Point",
        "coordinates": [
          -123.07235813008737,
          44.03139009097796
        ]
      },
      "properties": {
        "FD_1ST": "FD13",
        "owner": "Eugene",
        "elog_id": 10837,
        "sub_id": null,
        "ANGLE": 0,
        "OBJECTID": 791,
        "Type": null,
        "EWEB_Page": "21K",
        "ESFD_Page": "212",
        "GlobalID": "{9136F5C9-92BD-4678-A937-776C20828B8F}",
        "layer": "hydrants",
        "source": "city-of-eugene-gis"
      }
    },
    {
      "type": "Feature",
      "id": "hydrants_43",
      "geometry": {
        "type": "Point",
        "coordinates": [
          -123.09833139504666,
          44.03098152175735
        ]
      },
      "properties": {
        "FD_1ST": "FD15",
        "owner": "Eugene",
        "elog_id": 770,
        "sub_id": null,
        "ANGLE": 0,
        "OBJECTID": 792,
        "Type": null,
        "EWEB_Page": "19K",
        "ESFD_Page": "210",
        "GlobalID": "{0737BA3C-0AC5-496B-B437-C92144FA7557}",
        "layer": "hydrants",
        "source": "city-of-eugene-gis"
      }
    },
    {
      "type": "Feature",
      "id": "hydrants_44",
      "geometry": {
        "type": "Point",
        "coordinates": [
          -123.06469686999498,
          44.03157978801519
        ]
      },
      "properties": {
        "FD_1ST": "FD13",
        "owner": "Eugene",
        "elog_id": 552,
        "sub_id": null,
        "ANGLE": 0,
        "OBJECTID": 797,
        "Type": null,
        "EWEB_Page": "22K",
        "ESFD_Page": "213",
        "GlobalID": "{F07BE818-9BAB-4B25-82F8-1C0274A99C92}",
        "layer": "hydrants",
        "source": "city-of-eugene-gis"
      }
    },
    {
      "type": "Feature",
      "id": "hydrants_45",
      "geometry": {
        "type": "Point",
        "coordinates": [
          -123.09999219655876,
          44.030830953265884
        ]
      },
      "properties": {
        "FD_1ST": "FD15",
        "owner": "Eugene",
        "elog_id": 11141,
        "sub_id": null,
        "ANGLE": 0,
        "OBJECTID": 800,
        "Type": null,
        "EWEB_Page": "19K",
        "ESFD_Page": "210",
        "GlobalID": "{25BE0CB0-87E4-4CA7-B303-F48E3478FC32}",
        "layer": "hydrants",
        "source": "city-of-eugene-gis"
      }
    },
    {
      "type": "Feature",
      "id": "hydrants_46",
      "geometry": {
        "type": "Point",
        "coordinates": [
          -123.08834903703243,
          44.031194952355236
        ]
      },
      "properties": {
        "FD_1ST": "FD15",
        "owner": "Eugene",
        "elog_id": 1549,
        "sub_id": null,
        "ANGLE": 0,
        "OBJECTID": 802,
        "Type": null,
        "EWEB_Page": "20K",
        "ESFD_Page": "211",
        "GlobalID": "{96E5FBFF-3573-4A66-94EC-FEF985E0D7FA}",
        "layer": "hydrants",
        "source": "city-of-eugene-gis"
      }
    },
    {
      "type": "Feature",
      "id": "hydrants_47",
      "geometry": {
        "type": "Point",
        "coordinates": [
          -123.06792355729009,
          44.03158295091156
        ]
      },
      "properties": {
        "FD_1ST": "FD13",
        "owner": "Eugene",
        "elog_id": 966,
        "sub_id": null,
        "ANGLE": 0,
        "OBJECTID": 804,
        "Type": null,
        "EWEB_Page": "22K",
        "ESFD_Page": "212",
        "GlobalID": "{6758F5BC-671B-4CB7-8147-04E605023363}",
        "layer": "hydrants",
        "source": "city-of-eugene-gis"
      }
    },
    {
      "type": "Feature",
      "id": "hydrants_48",
      "geometry": {
        "type": "Point",
        "coordinates": [
          -123.06242056042692,
          44.03189996112484
        ]
      },
      "properties": {
        "FD_1ST": "FD13",
        "owner": "Eugene",
        "elog_id": 10858,
        "sub_id": null,
        "ANGLE": 0,
        "OBJECTID": 808,
        "Type": null,
        "EWEB_Page": "22K",
        "ESFD_Page": "213",
        "GlobalID": "{B8B128D0-826E-4E1A-AD9C-DAF70294836A}",
        "layer": "hydrants",
        "source": "city-of-eugene-gis"
      }
    },
    {
      "type": "Feature",
      "id": "hydrants_49",
      "geometry": {
        "type": "Point",
        "coordinates": [
          -123.09079255220654,
          44.03139091224421
        ]
      },
      "properties": {
        "FD_1ST": "FD15",
        "owner": "Eugene",
        "elog_id": 738,
        "sub_id": null,
        "ANGLE": 0,
        "OBJECTID": 809,
        "Type": null,
        "EWEB_Page": "19K",
        "ESFD_Page": "211",
        "GlobalID": "{216B21D9-5719-48CD-B02B-53ACE393FD9F}",
        "layer": "hydrants",
        "source": "city-of-eugene-gis"
      }
    },
    {
      "type": "Feature",
      "id": "hydrants_50",
      "geometry": {
        "type": "Point",
        "coordinates": [
          -123.09353693710509,
          44.03140009426616
        ]
      },
      "properties": {
        "FD_1ST": "FD15",
        "owner": "Eugene",
        "elog_id": 627,
        "sub_id": null,
        "ANGLE": 0,
        "OBJECTID": 810,
        "Type": null,
        "EWEB_Page": "19K",
        "ESFD_Page": "211",
        "GlobalID": "{D1556F10-AE6C-4F6C-90BA-A9B9D6D25C18}",
        "layer": "hydrants",
        "source": "city-of-eugene-gis"
      }
    },
    {
      "type": "Feature",
      "id": "hydrants_51",
      "geometry": {
        "type": "Point",
        "coordinates": [
          -123.04824796072572,
          44.03244853181622
        ]
      },
      "properties": {
        "FD_1ST": "FD13",
        "owner": "Eugene",
        "elog_id": 80003,
        "sub_id": null,
        "ANGLE": 0,
        "OBJECTID": 811,
        "Type": null,
        "EWEB_Page": "23L",
        "ESFD_Page": "214",
        "GlobalID": "{FAF62ED5-1B61-4083-9C93-C2F4DCE2E131}",
        "layer": "hydrants",
        "source": "city-of-eugene-gis"
      }
    },
    {
      "type": "Feature",
      "id": "hydrants_52",
      "geometry": {
        "type": "Point",
        "coordinates": [
          -123.10276702842879,
          44.03130029197537
        ]
      },
      "properties": {
        "FD_1ST": "FD15",
        "owner": "Eugene",
        "elog_id": 1584,
        "sub_id": null,
        "ANGLE": 0,
        "OBJECTID": 812,
        "Type": null,
        "EWEB_Page": "18K",
        "ESFD_Page": "210",
        "GlobalID": "{18F471C2-D854-43EC-B866-4B86C62B06E3}",
        "layer": "hydrants",
        "source": "city-of-eugene-gis"
      }
    },
    {
      "type": "Feature",
      "id": "hydrants_53",
      "geometry": {
        "type": "Point",
        "coordinates": [
          -123.1123382612966,
          44.03099273615215
        ]
      },
      "properties": {
        "FD_1ST": "FD15",
        "owner": "Eugene",
        "elog_id": 1193,
        "sub_id": null,
        "ANGLE": 0,
        "OBJECTID": 815,
        "Type": null,
        "EWEB_Page": "17K",
        "ESFD_Page": "209",
        "GlobalID": "{F10EE21A-33F1-4FEF-86C1-C0DC401A926C}",
        "layer": "hydrants",
        "source": "city-of-eugene-gis"
      }
    },
    {
      "type": "Feature",
      "id": "hydrants_54",
      "geometry": {
        "type": "Point",
        "coordinates": [
          -123.06041102728165,
          44.03240458808168
        ]
      },
      "properties": {
        "FD_1ST": "FD13",
        "owner": "Eugene",
        "elog_id": 10904,
        "sub_id": null,
        "ANGLE": 0,
        "OBJECTID": 819,
        "Type": null,
        "EWEB_Page": "22L",
        "ESFD_Page": "213",
        "GlobalID": "{21057FA8-1E4C-4E3D-B104-E45E2A9A7A43}",
        "layer": "hydrants",
        "source": "city-of-eugene-gis"
      }
    },
    {
      "type": "Feature",
      "id": "hydrants_55",
      "geometry": {
        "type": "Point",
        "coordinates": [
          -123.07656089550042,
          44.03217298649841
        ]
      },
      "properties": {
        "FD_1ST": "FD13",
        "owner": "Eugene",
        "elog_id": 1194,
        "sub_id": null,
        "ANGLE": 0,
        "OBJECTID": 823,
        "Type": null,
        "EWEB_Page": "21L",
        "ESFD_Page": "212",
        "GlobalID": "{CE3279B2-6460-43A9-84B4-F15D7B98F4C6}",
        "layer": "hydrants",
        "source": "city-of-eugene-gis"
      }
    },
    {
      "type": "Feature",
      "id": "hydrants_56",
      "geometry": {
        "type": "Point",
        "coordinates": [
          -123.09568203702109,
          44.031684678028135
        ]
      },
      "properties": {
        "FD_1ST": "FD15",
        "owner": "Eugene",
        "elog_id": 99024,
        "sub_id": null,
        "ANGLE": 0,
        "OBJECTID": 825,
        "Type": null,
        "EWEB_Page": "19K",
        "ESFD_Page": "211",
        "GlobalID": "{4C151047-25DF-4C56-B774-622C0114321F}",
        "layer": "hydrants",
        "source": "city-of-eugene-gis"
      }
    },
    {
      "type": "Feature",
      "id": "hydrants_57",
      "geometry": {
        "type": "Point",
        "coordinates": [
          -123.10561082809497,
          44.031505222665295
        ]
      },
      "properties": {
        "FD_1ST": "FD15",
        "owner": "Eugene",
        "elog_id": 1003,
        "sub_id": null,
        "ANGLE": 0,
        "OBJECTID": 830,
        "Type": null,
        "EWEB_Page": "18K",
        "ESFD_Page": "210",
        "GlobalID": "{23966FF9-F1DB-4FD9-9CCF-C31146C0487F}",
        "layer": "hydrants",
        "source": "city-of-eugene-gis"
      }
    },
    {
      "type": "Feature",
      "id": "hydrants_58",
      "geometry": {
        "type": "Point",
        "coordinates": [
          -123.10161217554956,
          44.031511029234736
        ]
      },
      "properties": {
        "FD_1ST": "FD15",
        "owner": "Eugene",
        "elog_id": 493,
        "sub_id": null,
        "ANGLE": 0,
        "OBJECTID": 833,
        "Type": null,
        "EWEB_Page": "18K",
        "ESFD_Page": "210",
        "GlobalID": "{A53DBFBE-45D4-4512-AF94-01085C0E7372}",
        "layer": "hydrants",
        "source": "city-of-eugene-gis"
      }
    },
    {
      "type": "Feature",
      "id": "hydrants_59",
      "geometry": {
        "type": "Point",
        "coordinates": [
          -123.07173391630715,
          44.03223105082967
        ]
      },
      "properties": {
        "FD_1ST": "FD13",
        "owner": "Eugene",
        "elog_id": 931,
        "sub_id": null,
        "ANGLE": 0,
        "OBJECTID": 835,
        "Type": null,
        "EWEB_Page": "21L",
        "ESFD_Page": "212",
        "GlobalID": "{9AA9E812-5300-4AD7-8E48-2EAACB9109F4}",
        "layer": "hydrants",
        "source": "city-of-eugene-gis"
      }
    },
    {
      "type": "Feature",
      "id": "hydrants_60",
      "geometry": {
        "type": "Point",
        "coordinates": [
          -123.05059518742502,
          44.03311933771363
        ]
      },
      "properties": {
        "FD_1ST": "FD13",
        "owner": "Eugene",
        "elog_id": 776,
        "sub_id": null,
        "ANGLE": 0,
        "OBJECTID": 836,
        "Type": null,
        "EWEB_Page": "23L",
        "ESFD_Page": "214",
        "GlobalID": "{65C54D87-4F9A-452A-94A5-A34030D8D452}",
        "layer": "hydrants",
        "source": "city-of-eugene-gis"
      }
    },
    {
      "type": "Feature",
      "id": "hydrants_61",
      "geometry": {
        "type": "Point",
        "coordinates": [
          -123.11700334556666,
          44.03143788437456
        ]
      },
      "properties": {
        "FD_1ST": "FD15",
        "owner": "Eugene",
        "elog_id": 1741,
        "sub_id": null,
        "ANGLE": 0,
        "OBJECTID": 837,
        "Type": null,
        "EWEB_Page": "17K",
        "ESFD_Page": "209",
        "GlobalID": "{1564AAAA-E6AB-4EA1-9AC7-2B28E3D490F9}",
        "layer": "hydrants",
        "source": "city-of-eugene-gis"
      }
    },
    {
      "type": "Feature",
      "id": "hydrants_62",
      "geometry": {
        "type": "Point",
        "coordinates": [
          -123.10990215781102,
          44.03163031208362
        ]
      },
      "properties": {
        "FD_1ST": "FD15",
        "owner": "Eugene",
        "elog_id": 773,
        "sub_id": null,
        "ANGLE": 0,
        "OBJECTID": 839,
        "Type": null,
        "EWEB_Page": "18K",
        "ESFD_Page": "210",
        "GlobalID": "{7AADC9C0-2608-4B9D-A813-FFC8C3AEDA98}",
        "layer": "hydrants",
        "source": "city-of-eugene-gis"
      }
    },
    {
      "type": "Feature",
      "id": "hydrants_63",
      "geometry": {
        "type": "Point",
        "coordinates": [
          -123.07758620092754,
          44.032295399172426
        ]
      },
      "properties": {
        "FD_1ST": "FD13",
        "owner": "Eugene",
        "elog_id": 10420,
        "sub_id": null,
        "ANGLE": 0,
        "OBJECTID": 841,
        "Type": null,
        "EWEB_Page": "21L",
        "ESFD_Page": "212",
        "GlobalID": "{F4F51210-B148-45B6-938B-59A1A3F7493D}",
        "layer": "hydrants",
        "source": "city-of-eugene-gis"
      }
    },
    {
      "type": "Feature",
      "id": "hydrants_64",
      "geometry": {
        "type": "Point",
        "coordinates": [
          -123.07458048125909,
          44.03246696044363
        ]
      },
      "properties": {
        "FD_1ST": "FD13",
        "owner": "Eugene",
        "elog_id": 920,
        "sub_id": null,
        "ANGLE": 0,
        "OBJECTID": 843,
        "Type": null,
        "EWEB_Page": "21L",
        "ESFD_Page": "212",
        "GlobalID": "{6482884A-B074-451B-ABB7-63B916BA63FA}",
        "layer": "hydrants",
        "source": "city-of-eugene-gis"
      }
    },
    {
      "type": "Feature",
      "id": "hydrants_65",
      "geometry": {
        "type": "Point",
        "coordinates": [
          -123.08012523341081,
          44.03228229408962
        ]
      },
      "properties": {
        "FD_1ST": "FD15",
        "owner": "Eugene",
        "elog_id": 1296,
        "sub_id": null,
        "ANGLE": 0,
        "OBJECTID": 845,
        "Type": null,
        "EWEB_Page": "20L",
        "ESFD_Page": "212",
        "GlobalID": "{139D3A76-BCD6-4B7B-A8FE-2A218969BEB4}",
        "layer": "hydrants",
        "source": "city-of-eugene-gis"
      }
    },
    {
      "type": "Feature",
      "id": "hydrants_66",
      "geometry": {
        "type": "Point",
        "coordinates": [
          -123.11791326464537,
          44.031636504951344
        ]
      },
      "properties": {
        "FD_1ST": "FD15",
        "owner": "Eugene",
        "elog_id": 92066,
        "sub_id": null,
        "ANGLE": 0,
        "OBJECTID": 850,
        "Type": null,
        "EWEB_Page": "17K",
        "ESFD_Page": "209",
        "GlobalID": "{B2963140-4933-4E58-8931-9BDE6190751B}",
        "layer": "hydrants",
        "source": "city-of-eugene-gis"
      }
    },
    {
      "type": "Feature",
      "id": "hydrants_67",
      "geometry": {
        "type": "Point",
        "coordinates": [
          -123.11545941627188,
          44.03159245656296
        ]
      },
      "properties": {
        "FD_1ST": "FD15",
        "owner": "Eugene",
        "elog_id": 1657,
        "sub_id": null,
        "ANGLE": 0,
        "OBJECTID": 851,
        "Type": null,
        "EWEB_Page": "17K",
        "ESFD_Page": "209",
        "GlobalID": "{995831C1-FA67-4FCE-B2E1-285BE4490F9D}",
        "layer": "hydrants",
        "source": "city-of-eugene-gis"
      }
    },
    {
      "type": "Feature",
      "id": "hydrants_68",
      "geometry": {
        "type": "Point",
        "coordinates": [
          -123.11763987322085,
          44.031029120015575
        ]
      },
      "properties": {
        "FD_1ST": "FD15",
        "owner": "Eugene",
        "elog_id": 1182,
        "sub_id": null,
        "ANGLE": 0,
        "OBJECTID": 853,
        "Type": null,
        "EWEB_Page": "17K",
        "ESFD_Page": "209",
        "GlobalID": "{43278981-8E66-4A87-B216-040623E90F67}",
        "layer": "hydrants",
        "source": "city-of-eugene-gis"
      }
    },
    {
      "type": "Feature",
      "id": "hydrants_69",
      "geometry": {
        "type": "Point",
        "coordinates": [
          -123.05333253018945,
          44.03289749722249
        ]
      },
      "properties": {
        "FD_1ST": "FD13",
        "owner": "Eugene",
        "elog_id": 10515,
        "sub_id": null,
        "ANGLE": null,
        "OBJECTID": 854,
        "Type": null,
        "EWEB_Page": "23L",
        "ESFD_Page": "214",
        "GlobalID": "{01B6461C-72F6-4751-98EB-1E496DEE4393}",
        "layer": "hydrants",
        "source": "city-of-eugene-gis"
      }
    },
    {
      "type": "Feature",
      "id": "hydrants_70",
      "geometry": {
        "type": "Point",
        "coordinates": [
          -123.0884621610138,
          44.03243762909439
        ]
      },
      "properties": {
        "FD_1ST": "FD01",
        "owner": "Eugene",
        "elog_id": 1548,
        "sub_id": null,
        "ANGLE": 0,
        "OBJECTID": 855,
        "Type": null,
        "EWEB_Page": "20L",
        "ESFD_Page": "211",
        "GlobalID": "{3738EE41-4698-4722-8DAA-DFE14D1DB716}",
        "layer": "hydrants",
        "source": "city-of-eugene-gis"
      }
    },
    {
      "type": "Feature",
      "id": "hydrants_71",
      "geometry": {
        "type": "Point",
        "coordinates": [
          -123.09423387989159,
          44.03249682853678
        ]
      },
      "properties": {
        "FD_1ST": "FD15",
        "owner": "Eugene",
        "elog_id": 11561,
        "sub_id": null,
        "ANGLE": 0,
        "OBJECTID": 862,
        "Type": null,
        "EWEB_Page": "19L",
        "ESFD_Page": "211",
        "GlobalID": "{1440E0F6-0D61-4892-BE1F-90964F983EBD}",
        "layer": "hydrants",
        "source": "city-of-eugene-gis"
      }
    },
    {
      "type": "Feature",
      "id": "hydrants_72",
      "geometry": {
        "type": "Point",
        "coordinates": [
          -123.0907847513394,
          44.032585255827655
        ]
      },
      "properties": {
        "FD_1ST": "FD01",
        "owner": "Eugene",
        "elog_id": 11289,
        "sub_id": null,
        "ANGLE": 0,
        "OBJECTID": 863,
        "Type": "MU",
        "EWEB_Page": "19L",
        "ESFD_Page": "211",
        "GlobalID": "{D4FBBD92-9229-4F91-BBB0-D16B369ED006}",
        "layer": "hydrants",
        "source": "city-of-eugene-gis"
      }
    },
    {
      "type": "Feature",
      "id": "hydrants_73",
      "geometry": {
        "type": "Point",
        "coordinates": [
          -123.09191742451064,
          44.03253888773366
        ]
      },
      "properties": {
        "FD_1ST": "FD01",
        "owner": "Eugene",
        "elog_id": 1140,
        "sub_id": null,
        "ANGLE": 0,
        "OBJECTID": 864,
        "Type": null,
        "EWEB_Page": "19L",
        "ESFD_Page": "211",
        "GlobalID": "{A1D29533-1F50-41BB-A83F-02155B8EE706}",
        "layer": "hydrants",
        "source": "city-of-eugene-gis"
      }
    },
    {
      "type": "Feature",
      "id": "hydrants_74",
      "geometry": {
        "type": "Point",
        "coordinates": [
          -123.0518666397681,
          44.0340050703095
        ]
      },
      "properties": {
        "FD_1ST": "FD13",
        "owner": "Eugene",
        "elog_id": 617,
        "sub_id": null,
        "ANGLE": 0,
        "OBJECTID": 865,
        "Type": null,
        "EWEB_Page": "23L",
        "ESFD_Page": "214",
        "GlobalID": "{6F8B68BC-80A3-4B7E-8E44-3FEDB1E45E72}",
        "layer": "hydrants",
        "source": "city-of-eugene-gis"
      }
    },
    {
      "type": "Feature",
      "id": "hydrants_75",
      "geometry": {
        "type": "Point",
        "coordinates": [
          -123.11453152086848,
          44.03215119907195
        ]
      },
      "properties": {
        "FD_1ST": "FD15",
        "owner": "Eugene",
        "elog_id": 1658,
        "sub_id": null,
        "ANGLE": 0,
        "OBJECTID": 868,
        "Type": null,
        "EWEB_Page": "17L",
        "ESFD_Page": "209",
        "GlobalID": "{BA7A9AB1-8383-4757-9C10-011037AD33C6}",
        "layer": "hydrants",
        "source": "city-of-eugene-gis"
      }
    },
    {
      "type": "Feature",
      "id": "hydrants_76",
      "geometry": {
        "type": "Point",
        "coordinates": [
          -123.06212050061248,
          44.03352932578728
        ]
      },
      "properties": {
        "FD_1ST": "FD13",
        "owner": "Eugene",
        "elog_id": 639,
        "sub_id": null,
        "ANGLE": 0,
        "OBJECTID": 874,
        "Type": null,
        "EWEB_Page": "22L",
        "ESFD_Page": "213",
        "GlobalID": "{83ED6B52-072C-44E8-9CD1-5CF5E143B211}",
        "layer": "hydrants",
        "source": "city-of-eugene-gis"
      }
    },
    {
      "type": "Feature",
      "id": "hydrants_77",
      "geometry": {
        "type": "Point",
        "coordinates": [
          -123.10276688403191,
          44.032851342317414
        ]
      },
      "properties": {
        "FD_1ST": "FD15",
        "owner": "Eugene",
        "elog_id": 1543,
        "sub_id": null,
        "ANGLE": 0,
        "OBJECTID": 876,
        "Type": null,
        "EWEB_Page": "18L",
        "ESFD_Page": "210",
        "GlobalID": "{30DF6CFA-19B7-46AF-8DF1-C9E617158F0C}",
        "layer": "hydrants",
        "source": "city-of-eugene-gis"
      }
    },
    {
      "type": "Feature",
      "id": "hydrants_78",
      "geometry": {
        "type": "Point",
        "coordinates": [
          -123.06984461917425,
          44.03355775676803
        ]
      },
      "properties": {
        "FD_1ST": "FD13",
        "owner": "Eugene",
        "elog_id": 80036,
        "sub_id": null,
        "ANGLE": 0,
        "OBJECTID": 878,
        "Type": null,
        "EWEB_Page": "21L",
        "ESFD_Page": "212",
        "GlobalID": "{1E14ABA0-870A-4678-977E-0ED36886D0BF}",
        "layer": "hydrants",
        "source": "city-of-eugene-gis"
      }
    },
    {
      "type": "Feature",
      "id": "hydrants_79",
      "geometry": {
        "type": "Point",
        "coordinates": [
          -123.08225316695867,
          44.033325699067966
        ]
      },
      "properties": {
        "FD_1ST": "FD13",
        "owner": "Eugene",
        "elog_id": 610,
        "sub_id": null,
        "ANGLE": 0,
        "OBJECTID": 879,
        "Type": null,
        "EWEB_Page": "20L",
        "ESFD_Page": "212",
        "GlobalID": "{E14B7EE7-D7AC-45CD-8E0F-481A95FC2B1B}",
        "layer": "hydrants",
        "source": "city-of-eugene-gis"
      }
    },
    {
      "type": "Feature",
      "id": "hydrants_80",
      "geometry": {
        "type": "Point",
        "coordinates": [
          -123.06627963755635,
          44.03379526800428
        ]
      },
      "properties": {
        "FD_1ST": "FD13",
        "owner": "Eugene",
        "elog_id": 553,
        "sub_id": null,
        "ANGLE": 0,
        "OBJECTID": 884,
        "Type": null,
        "EWEB_Page": "22L",
        "ESFD_Page": "213",
        "GlobalID": "{E8C5FA14-9F66-4E82-8FAF-9A2DAF0C2EF0}",
        "layer": "hydrants",
        "source": "city-of-eugene-gis"
      }
    },
    {
      "type": "Feature",
      "id": "hydrants_81",
      "geometry": {
        "type": "Point",
        "coordinates": [
          -123.1193350393303,
          44.032389968057494
        ]
      },
      "properties": {
        "FD_1ST": "FD15",
        "owner": "Eugene",
        "elog_id": 79052,
        "sub_id": null,
        "ANGLE": 0,
        "OBJECTID": 887,
        "Type": null,
        "EWEB_Page": "17L",
        "ESFD_Page": "209",
        "GlobalID": "{214C6592-CC4A-47FA-B945-F497C6977A37}",
        "layer": "hydrants",
        "source": "city-of-eugene-gis"
      }
    },
    {
      "type": "Feature",
      "id": "hydrants_82",
      "geometry": {
        "type": "Point",
        "coordinates": [
          -123.07294702550217,
          44.03349032813133
        ]
      },
      "properties": {
        "FD_1ST": "FD13",
        "owner": "Eugene",
        "elog_id": 1629,
        "sub_id": null,
        "ANGLE": 0,
        "OBJECTID": 889,
        "Type": null,
        "EWEB_Page": "21L",
        "ESFD_Page": "212",
        "GlobalID": "{340DF0EA-9E8B-4E13-8548-67CFCC77172E}",
        "layer": "hydrants",
        "source": "city-of-eugene-gis"
      }
    },
    {
      "type": "Feature",
      "id": "hydrants_83",
      "geometry": {
        "type": "Point",
        "coordinates": [
          -123.10006546708247,
          44.033149602757604
        ]
      },
      "properties": {
        "FD_1ST": "FD01",
        "owner": "Eugene",
        "elog_id": 497,
        "sub_id": null,
        "ANGLE": 0,
        "OBJECTID": 893,
        "Type": null,
        "EWEB_Page": "19L",
        "ESFD_Page": "210",
        "GlobalID": "{75CEAE41-37D0-467A-B7BE-FF1B96E118CA}",
        "layer": "hydrants",
        "source": "city-of-eugene-gis"
      }
    },
    {
      "type": "Feature",
      "id": "hydrants_84",
      "geometry": {
        "type": "Point",
        "coordinates": [
          -123.07617494195475,
          44.033505222856455
        ]
      },
      "properties": {
        "FD_1ST": "FD13",
        "owner": "Eugene",
        "elog_id": 841,
        "sub_id": null,
        "ANGLE": 0,
        "OBJECTID": 894,
        "Type": null,
        "EWEB_Page": "21L",
        "ESFD_Page": "212",
        "GlobalID": "{EF5D226E-4FCD-4A8B-AE47-2FCDE80D1100}",
        "layer": "hydrants",
        "source": "city-of-eugene-gis"
      }
    },
    {
      "type": "Feature",
      "id": "hydrants_85",
      "geometry": {
        "type": "Point",
        "coordinates": [
          -123.07910110108901,
          44.033499760326556
        ]
      },
      "properties": {
        "FD_1ST": "FD13",
        "owner": "Eugene",
        "elog_id": 1266,
        "sub_id": null,
        "ANGLE": 0,
        "OBJECTID": 897,
        "Type": null,
        "EWEB_Page": "21L",
        "ESFD_Page": "212",
        "GlobalID": "{D597851E-0688-4032-AEE0-34747CB584AE}",
        "layer": "hydrants",
        "source": "city-of-eugene-gis"
      }
    },
    {
      "type": "Feature",
      "id": "hydrants_86",
      "geometry": {
        "type": "Point",
        "coordinates": [
          -123.09088290409389,
          44.03333599350014
        ]
      },
      "properties": {
        "FD_1ST": "FD01",
        "owner": "Eugene",
        "elog_id": 11094,
        "sub_id": null,
        "ANGLE": 0,
        "OBJECTID": 898,
        "Type": "MU",
        "EWEB_Page": "19L",
        "ESFD_Page": "211",
        "GlobalID": "{9D0E27F1-238D-486F-A987-570426D5C97E}",
        "layer": "hydrants",
        "source": "city-of-eugene-gis"
      }
    },
    {
      "type": "Feature",
      "id": "hydrants_87",
      "geometry": {
        "type": "Point",
        "coordinates": [
          -123.06421621708505,
          44.03348138795786
        ]
      },
      "properties": {
        "FD_1ST": "FD13",
        "owner": "Eugene",
        "elog_id": 1321,
        "sub_id": null,
        "ANGLE": 0,
        "OBJECTID": 899,
        "Type": null,
        "EWEB_Page": "22L",
        "ESFD_Page": "213",
        "GlobalID": "{3A69B1A1-79AB-4F85-8FF7-7DE74637D87D}",
        "layer": "hydrants",
        "source": "city-of-eugene-gis"
      }
    },
    {
      "type": "Feature",
      "id": "hydrants_88",
      "geometry": {
        "type": "Point",
        "coordinates": [
          -123.11323998173793,
          44.03287994778046
        ]
      },
      "properties": {
        "FD_1ST": "FD15",
        "owner": "Eugene",
        "elog_id": 1234,
        "sub_id": null,
        "ANGLE": 0,
        "OBJECTID": 901,
        "Type": null,
        "EWEB_Page": "17L",
        "ESFD_Page": "209",
        "GlobalID": "{978E6C88-21EE-4331-B67D-E6A23DF9DB71}",
        "layer": "hydrants",
        "source": "city-of-eugene-gis"
      }
    },
    {
      "type": "Feature",
      "id": "hydrants_89",
      "geometry": {
        "type": "Point",
        "coordinates": [
          -123.11127824238909,
          44.03299081054155
        ]
      },
      "properties": {
        "FD_1ST": "FD15",
        "owner": "Eugene",
        "elog_id": 784,
        "sub_id": null,
        "ANGLE": 0,
        "OBJECTID": 902,
        "Type": null,
        "EWEB_Page": "18L",
        "ESFD_Page": "209",
        "GlobalID": "{C9C30F64-5069-40F9-B891-BAF2A45AA8C5}",
        "layer": "hydrants",
        "source": "city-of-eugene-gis"
      }
    },
    {
      "type": "Feature",
      "id": "hydrants_90",
      "geometry": {
        "type": "Point",
        "coordinates": [
          -123.09565869857319,
          44.03327095093147
        ]
      },
      "properties": {
        "FD_1ST": "FD01",
        "owner": "Eugene",
        "elog_id": 1263,
        "sub_id": null,
        "ANGLE": 0,
        "OBJECTID": 903,
        "Type": null,
        "EWEB_Page": "19L",
        "ESFD_Page": "211",
        "GlobalID": "{20CA3833-7621-416C-B9EA-CEDE9BF3872E}",
        "layer": "hydrants",
        "source": "city-of-eugene-gis"
      }
    },
    {
      "type": "Feature",
      "id": "hydrants_91",
      "geometry": {
        "type": "Point",
        "coordinates": [
          -123.1041849744231,
          44.033151898014935
        ]
      },
      "properties": {
        "FD_1ST": "FD15",
        "owner": "Eugene",
        "elog_id": 10899,
        "sub_id": null,
        "ANGLE": 0,
        "OBJECTID": 905,
        "Type": null,
        "EWEB_Page": "18L",
        "ESFD_Page": "210",
        "GlobalID": "{ADDAB364-1B80-4D36-BF4B-D96F9DAE36E4}",
        "layer": "hydrants",
        "source": "city-of-eugene-gis"
      }
    },
    {
      "type": "Feature",
      "id": "hydrants_92",
      "geometry": {
        "type": "Point",
        "coordinates": [
          -123.10564629591553,
          44.03307621412249
        ]
      },
      "properties": {
        "FD_1ST": "FD15",
        "owner": "Eugene",
        "elog_id": 10898,
        "sub_id": null,
        "ANGLE": 0,
        "OBJECTID": 907,
        "Type": null,
        "EWEB_Page": "18L",
        "ESFD_Page": "210",
        "GlobalID": "{76AA511B-8B99-437B-9B12-10C75FF102FA}",
        "layer": "hydrants",
        "source": "city-of-eugene-gis"
      }
    },
    {
      "type": "Feature",
      "id": "hydrants_93",
      "geometry": {
        "type": "Point",
        "coordinates": [
          -123.08904137020646,
          44.03352394253609
        ]
      },
      "properties": {
        "FD_1ST": "FD01",
        "owner": "Eugene",
        "elog_id": 11521,
        "sub_id": null,
        "ANGLE": 0,
        "OBJECTID": 909,
        "Type": "K-81",
        "EWEB_Page": "20L",
        "ESFD_Page": "211",
        "GlobalID": "{1B450B6F-B090-44E5-9D45-E6FE6923DF87}",
        "layer": "hydrants",
        "source": "city-of-eugene-gis"
      }
    },
    {
      "type": "Feature",
      "id": "hydrants_94",
      "geometry": {
        "type": "Point",
        "coordinates": [
          -123.10846054424574,
          44.03310018447127
        ]
      },
      "properties": {
        "FD_1ST": "FD15",
        "owner": "Eugene",
        "elog_id": 10897,
        "sub_id": null,
        "ANGLE": 0,
        "OBJECTID": 910,
        "Type": null,
        "EWEB_Page": "18L",
        "ESFD_Page": "210",
        "GlobalID": "{54FA1D01-C26E-4D7E-AA1C-A36B8B9C13A6}",
        "layer": "hydrants",
        "source": "city-of-eugene-gis"
      }
    },
    {
      "type": "Feature",
      "id": "hydrants_95",
      "geometry": {
        "type": "Point",
        "coordinates": [
          -123.09312251599749,
          44.03346120224626
        ]
      },
      "properties": {
        "FD_1ST": "FD01",
        "owner": "Eugene",
        "elog_id": 683,
        "sub_id": null,
        "ANGLE": 0,
        "OBJECTID": 913,
        "Type": null,
        "EWEB_Page": "19L",
        "ESFD_Page": "211",
        "GlobalID": "{0E350E43-318E-41CA-898F-107D1B180F09}",
        "layer": "hydrants",
        "source": "city-of-eugene-gis"
      }
    },
    {
      "type": "Feature",
      "id": "hydrants_96",
      "geometry": {
        "type": "Point",
        "coordinates": [
          -123.11669775210561,
          44.033241854526054
        ]
      },
      "properties": {
        "FD_1ST": "FD02",
        "owner": "Eugene",
        "elog_id": 1202,
        "sub_id": null,
        "ANGLE": 0,
        "OBJECTID": 918,
        "Type": null,
        "EWEB_Page": "17L",
        "ESFD_Page": "209",
        "GlobalID": "{9047D223-07DC-4C0A-BD52-A8CEC3FE43B5}",
        "layer": "hydrants",
        "source": "city-of-eugene-gis"
      }
    },
    {
      "type": "Feature",
      "id": "hydrants_97",
      "geometry": {
        "type": "Point",
        "coordinates": [
          -123.05511168170491,
          44.03373894115951
        ]
      },
      "properties": {
        "FD_1ST": "FD13",
        "owner": "Eugene",
        "elog_id": 2236,
        "sub_id": null,
        "ANGLE": 0,
        "OBJECTID": 922,
        "Type": null,
        "EWEB_Page": "23L",
        "ESFD_Page": "213",
        "GlobalID": "{D972FAAC-0A4A-40AF-8DF4-834E0757C915}",
        "layer": "hydrants",
        "source": "city-of-eugene-gis"
      }
    },
    {
      "type": "Feature",
      "id": "hydrants_98",
      "geometry": {
        "type": "Point",
        "coordinates": [
          -123.05332585474473,
          44.03487320839602
        ]
      },
      "properties": {
        "FD_1ST": "FD13",
        "owner": "Eugene",
        "elog_id": 10081,
        "sub_id": null,
        "ANGLE": 0,
        "OBJECTID": 925,
        "Type": null,
        "EWEB_Page": "23L",
        "ESFD_Page": "214",
        "GlobalID": "{884DFB26-4FB8-45E6-AF41-F2711194B953}",
        "layer": "hydrants",
        "source": "city-of-eugene-gis"
      }
    },
    {
      "type": "Feature",
      "id": "hydrants_99",
      "geometry": {
        "type": "Point",
        "coordinates": [
          -123.1199151431208,
          44.033313024254504
        ]
      },
      "properties": {
        "FD_1ST": "FD02",
        "owner": "Eugene",
        "elog_id": 1539,
        "sub_id": null,
        "ANGLE": 0,
        "OBJECTID": 929,
        "Type": null,
        "EWEB_Page": "17L",
        "ESFD_Page": "209",
        "GlobalID": "{A93033B3-6E8B-4AC7-B203-01D75708AC52}",
        "layer": "hydrants",
        "source": "city-of-eugene-gis"
      }
    },
    {
      "type": "Feature",
      "id": "hydrants_100",
      "geometry": {
        "type": "Point",
        "coordinates": [
          -123.07474700626008,
          44.03443479685725
        ]
      },
      "properties": {
        "FD_1ST": "FD13",
        "owner": "Eugene",
        "elog_id": 842,
        "sub_id": null,
        "ANGLE": 0,
        "OBJECTID": 930,
        "Type": null,
        "EWEB_Page": "21L",
        "ESFD_Page": "212",
        "GlobalID": "{203733A1-057F-42C7-9C64-48E6B123CA83}",
        "layer": "hydrants",
        "source": "city-of-eugene-gis"
      }
    },
    {
      "type": "Feature",
      "id": "hydrants_101",
      "geometry": {
        "type": "Point",
        "coordinates": [
          -123.08429782477212,
          44.034189162918445
        ]
      },
      "properties": {
        "FD_1ST": "FD13",
        "owner": "Eugene",
        "elog_id": 5519,
        "sub_id": null,
        "ANGLE": 0,
        "OBJECTID": 931,
        "Type": null,
        "EWEB_Page": "20L",
        "ESFD_Page": "211",
        "GlobalID": "{A7DF3207-FDE8-463E-B778-90543EBAC8D6}",
        "layer": "hydrants",
        "source": "city-of-eugene-gis"
      }
    },
    {
      "type": "Feature",
      "id": "hydrants_102",
      "geometry": {
        "type": "Point",
        "coordinates": [
          -123.08556741296256,
          44.03412655816583
        ]
      },
      "properties": {
        "FD_1ST": "FD13",
        "owner": "Private",
        "elog_id": 0,
        "sub_id": null,
        "ANGLE": 0,
        "OBJECTID": 933,
        "Type": null,
        "EWEB_Page": "20L",
        "ESFD_Page": "211",
        "GlobalID": "{ADCFFFCB-990D-4113-9642-A388C386EF91}",
        "layer": "hydrants",
        "source": "city-of-eugene-gis"
      }
    },
    {
      "type": "Feature",
      "id": "hydrants_103",
      "geometry": {
        "type": "Point",
        "coordinates": [
          -123.08038105263742,
          44.034444268328045
        ]
      },
      "properties": {
        "FD_1ST": "FD13",
        "owner": "Eugene",
        "elog_id": 355,
        "sub_id": null,
        "ANGLE": 0,
        "OBJECTID": 935,
        "Type": null,
        "EWEB_Page": "20L",
        "ESFD_Page": "212",
        "GlobalID": "{E03FAFCA-3394-4279-8AE3-86B87DF25898}",
        "layer": "hydrants",
        "source": "city-of-eugene-gis"
      }
    },
    {
      "type": "Feature",
      "id": "hydrants_104",
      "geometry": {
        "type": "Point",
        "coordinates": [
          -123.06818527906469,
          44.034588151118946
        ]
      },
      "properties": {
        "FD_1ST": "FD13",
        "owner": "Eugene",
        "elog_id": 539,
        "sub_id": null,
        "ANGLE": 0,
        "OBJECTID": 938,
        "Type": null,
        "EWEB_Page": "22L",
        "ESFD_Page": "212",
        "GlobalID": "{713BDB35-B0FD-4AB9-8DD3-FA8F8022D787}",
        "layer": "hydrants",
        "source": "city-of-eugene-gis"
      }
    },
    {
      "type": "Feature",
      "id": "hydrants_105",
      "geometry": {
        "type": "Point",
        "coordinates": [
          -123.10977610583718,
          44.03426633894782
        ]
      },
      "properties": {
        "FD_1ST": "FD15",
        "owner": "Eugene",
        "elog_id": 783,
        "sub_id": null,
        "ANGLE": 0,
        "OBJECTID": 939,
        "Type": null,
        "EWEB_Page": "18L",
        "ESFD_Page": "210",
        "GlobalID": "{2B3831BF-8877-4ED5-B04A-C212D1B92B59}",
        "layer": "hydrants",
        "source": "city-of-eugene-gis"
      }
    },
    {
      "type": "Feature",
      "id": "hydrants_106",
      "geometry": {
        "type": "Point",
        "coordinates": [
          -123.08295374964185,
          44.03445503225923
        ]
      },
      "properties": {
        "FD_1ST": "FD13",
        "owner": "Eugene",
        "elog_id": 10877,
        "sub_id": null,
        "ANGLE": 0,
        "OBJECTID": 940,
        "Type": null,
        "EWEB_Page": "20L",
        "ESFD_Page": "211",
        "GlobalID": "{C214A650-9B24-4A4F-9D26-C0A60F083FE2}",
        "layer": "hydrants",
        "source": "city-of-eugene-gis"
      }
    },
    {
      "type": "Feature",
      "id": "hydrants_107",
      "geometry": {
        "type": "Point",
        "coordinates": [
          -123.07163774273145,
          44.03462524469833
        ]
      },
      "properties": {
        "FD_1ST": "FD13",
        "owner": "Eugene",
        "elog_id": 1682,
        "sub_id": null,
        "ANGLE": 0,
        "OBJECTID": 941,
        "Type": null,
        "EWEB_Page": "21L",
        "ESFD_Page": "212",
        "GlobalID": "{E21BDEE2-1937-400C-BBE0-5C4C203961ED}",
        "layer": "hydrants",
        "source": "city-of-eugene-gis"
      }
    },
    {
      "type": "Feature",
      "id": "hydrants_108",
      "geometry": {
        "type": "Point",
        "coordinates": [
          -123.1178719605484,
          44.033571950516354
        ]
      },
      "properties": {
        "FD_1ST": "FD02",
        "owner": "Eugene",
        "elog_id": 11555,
        "sub_id": null,
        "ANGLE": 0,
        "OBJECTID": 942,
        "Type": null,
        "EWEB_Page": "17L",
        "ESFD_Page": "209",
        "GlobalID": "{D5368F68-19D0-4717-9E20-17A6667E0710}",
        "layer": "hydrants",
        "source": "city-of-eugene-gis"
      }
    },
    {
      "type": "Feature",
      "id": "hydrants_109",
      "geometry": {
        "type": "Point",
        "coordinates": [
          -123.05790667890952,
          44.03448495384807
        ]
      },
      "properties": {
        "FD_1ST": "FD13",
        "owner": "Eugene",
        "elog_id": 11518,
        "sub_id": null,
        "ANGLE": 0,
        "OBJECTID": 943,
        "Type": null,
        "EWEB_Page": "23L",
        "ESFD_Page": "213",
        "GlobalID": "{235AE149-C790-4A92-8D60-40997CD506E7}",
        "layer": "hydrants",
        "source": "city-of-eugene-gis"
      }
    },
    {
      "type": "Feature",
      "id": "hydrants_110",
      "geometry": {
        "type": "Point",
        "coordinates": [
          -123.08510600450248,
          44.034675679271395
        ]
      },
      "properties": {
        "FD_1ST": "FD13",
        "owner": "Eugene",
        "elog_id": 5514,
        "sub_id": null,
        "ANGLE": 0,
        "OBJECTID": 944,
        "Type": null,
        "EWEB_Page": "20L",
        "ESFD_Page": "211",
        "GlobalID": "{C4FBD101-1F1B-4A7E-A97B-83087CE422B2}",
        "layer": "hydrants",
        "source": "city-of-eugene-gis"
      }
    },
    {
      "type": "Feature",
      "id": "hydrants_111",
      "geometry": {
        "type": "Point",
        "coordinates": [
          -123.09824041928333,
          44.03430075348282
        ]
      },
      "properties": {
        "FD_1ST": "FD01",
        "owner": "Eugene",
        "elog_id": 924,
        "sub_id": null,
        "ANGLE": 0,
        "OBJECTID": 947,
        "Type": null,
        "EWEB_Page": "19L",
        "ESFD_Page": "210",
        "GlobalID": "{9F4BF3ED-D40D-4D70-B7EF-A61A48FEE611}",
        "layer": "hydrants",
        "source": "city-of-eugene-gis"
      }
    },
    {
      "type": "Feature",
      "id": "hydrants_112",
      "geometry": {
        "type": "Point",
        "coordinates": [
          -123.0778467549554,
          44.03460085469837
        ]
      },
      "properties": {
        "FD_1ST": "FD13",
        "owner": "Eugene",
        "elog_id": 1139,
        "sub_id": null,
        "ANGLE": 0,
        "OBJECTID": 949,
        "Type": null,
        "EWEB_Page": "21L",
        "ESFD_Page": "212",
        "GlobalID": "{AFAC5B1B-F858-4EEF-A3A2-EC683F39A5A2}",
        "layer": "hydrants",
        "source": "city-of-eugene-gis"
      }
    },
    {
      "type": "Feature",
      "id": "hydrants_113",
      "geometry": {
        "type": "Point",
        "coordinates": [
          -123.05524156806945,
          44.035298945245714
        ]
      },
      "properties": {
        "FD_1ST": "FD13",
        "owner": "Eugene",
        "elog_id": 79170,
        "sub_id": null,
        "ANGLE": 0,
        "OBJECTID": 950,
        "Type": null,
        "EWEB_Page": "23L",
        "ESFD_Page": "213",
        "GlobalID": "{97409CE8-FE51-4C20-9FF6-D2C5AF4081AC}",
        "layer": "hydrants",
        "source": "city-of-eugene-gis"
      }
    },
    {
      "type": "Feature",
      "id": "hydrants_114",
      "geometry": {
        "type": "Point",
        "coordinates": [
          -123.05442202081308,
          44.03538632128176
        ]
      },
      "properties": {
        "FD_1ST": "FD13",
        "owner": "Eugene",
        "elog_id": 1245,
        "sub_id": null,
        "ANGLE": 0,
        "OBJECTID": 951,
        "Type": null,
        "EWEB_Page": "23L",
        "ESFD_Page": "213",
        "GlobalID": "{ADBB1EAA-C141-4FF2-8340-94217FCBB07C}",
        "layer": "hydrants",
        "source": "city-of-eugene-gis"
      }
    },
    {
      "type": "Feature",
      "id": "hydrants_115",
      "geometry": {
        "type": "Point",
        "coordinates": [
          -123.09457094876073,
          44.03426335587415
        ]
      },
      "properties": {
        "FD_1ST": "FD01",
        "owner": "Eugene",
        "elog_id": 11142,
        "sub_id": null,
        "ANGLE": 0,
        "OBJECTID": 952,
        "Type": null,
        "EWEB_Page": "19L",
        "ESFD_Page": "211",
        "GlobalID": "{F0807100-C7FC-4824-A671-8DC18EFC7759}",
        "layer": "hydrants",
        "source": "city-of-eugene-gis"
      }
    },
    {
      "type": "Feature",
      "id": "hydrants_116",
      "geometry": {
        "type": "Point",
        "coordinates": [
          -123.10676707059092,
          44.03429476873012
        ]
      },
      "properties": {
        "FD_1ST": "FD15",
        "owner": "Eugene",
        "elog_id": 682,
        "sub_id": null,
        "ANGLE": 0,
        "OBJECTID": 953,
        "Type": null,
        "EWEB_Page": "18L",
        "ESFD_Page": "210",
        "GlobalID": "{B16ACDC1-8B74-439C-AF92-E722F5609A99}",
        "layer": "hydrants",
        "source": "city-of-eugene-gis"
      }
    },
    {
      "type": "Feature",
      "id": "hydrants_117",
      "geometry": {
        "type": "Point",
        "coordinates": [
          -123.09689611674777,
          44.03439666804459
        ]
      },
      "properties": {
        "FD_1ST": "FD01",
        "owner": "Eugene",
        "elog_id": 89018,
        "sub_id": null,
        "ANGLE": 0,
        "OBJECTID": 957,
        "Type": null,
        "EWEB_Page": "19L",
        "ESFD_Page": "210",
        "GlobalID": "{86DDDB35-E917-42F0-A139-201E9D164DB9}",
        "layer": "hydrants",
        "source": "city-of-eugene-gis"
      }
    },
    {
      "type": "Feature",
      "id": "hydrants_118",
      "geometry": {
        "type": "Point",
        "coordinates": [
          -123.08373555059528,
          44.03471826548099
        ]
      },
      "properties": {
        "FD_1ST": "FD13",
        "owner": "Eugene",
        "elog_id": 96058,
        "sub_id": null,
        "ANGLE": 0,
        "OBJECTID": 959,
        "Type": null,
        "EWEB_Page": "20L",
        "ESFD_Page": "211",
        "GlobalID": "{4EF33BEB-D7A0-4CB6-9CCF-7A584393E2F4}",
        "layer": "hydrants",
        "source": "city-of-eugene-gis"
      }
    },
    {
      "type": "Feature",
      "id": "hydrants_119",
      "geometry": {
        "type": "Point",
        "coordinates": [
          -123.05055576012653,
          44.03596005051986
        ]
      },
      "properties": {
        "FD_1ST": "FD13",
        "owner": "Eugene",
        "elog_id": 888,
        "sub_id": null,
        "ANGLE": 0,
        "OBJECTID": 960,
        "Type": null,
        "EWEB_Page": "23L",
        "ESFD_Page": "214",
        "GlobalID": "{8438A3A3-8B84-4CC0-A7BB-22C648C4656D}",
        "layer": "hydrants",
        "source": "city-of-eugene-gis"
      }
    },
    {
      "type": "Feature",
      "id": "hydrants_120",
      "geometry": {
        "type": "Point",
        "coordinates": [
          -123.08444502194564,
          44.034807882676255
        ]
      },
      "properties": {
        "FD_1ST": "FD13",
        "owner": "Private",
        "elog_id": 0,
        "sub_id": null,
        "ANGLE": 0,
        "OBJECTID": 965,
        "Type": null,
        "EWEB_Page": "20L",
        "ESFD_Page": "211",
        "GlobalID": "{A3B1672B-7E2B-4C04-B93C-21A84C2AEFF8}",
        "layer": "hydrants",
        "source": "city-of-eugene-gis"
      }
    },
    {
      "type": "Feature",
      "id": "hydrants_121",
      "geometry": {
        "type": "Point",
        "coordinates": [
          -123.08563566778902,
          44.03492847187847
        ]
      },
      "properties": {
        "FD_1ST": "FD13",
        "owner": "Private",
        "elog_id": 0,
        "sub_id": null,
        "ANGLE": 0,
        "OBJECTID": 968,
        "Type": null,
        "EWEB_Page": "20L",
        "ESFD_Page": "211",
        "GlobalID": "{83F5D6BE-0B07-4E70-94E1-BDA7FA542397}",
        "layer": "hydrants",
        "source": "city-of-eugene-gis"
      }
    },
    {
      "type": "Feature",
      "id": "hydrants_122",
      "geometry": {
        "type": "Point",
        "coordinates": [
          -123.10133509366126,
          44.034442805497505
        ]
      },
      "properties": {
        "FD_1ST": "FD15",
        "owner": "Eugene",
        "elog_id": 10906,
        "sub_id": null,
        "ANGLE": 0,
        "OBJECTID": 969,
        "Type": null,
        "EWEB_Page": "18L",
        "ESFD_Page": "210",
        "GlobalID": "{1BF5290A-FD85-45CA-8A8E-8EE946C08828}",
        "layer": "hydrants",
        "source": "city-of-eugene-gis"
      }
    },
    {
      "type": "Feature",
      "id": "hydrants_123",
      "geometry": {
        "type": "Point",
        "coordinates": [
          -123.10422970938005,
          44.034410640210375
        ]
      },
      "properties": {
        "FD_1ST": "FD15",
        "owner": "Eugene",
        "elog_id": 1583,
        "sub_id": null,
        "ANGLE": 0,
        "OBJECTID": 970,
        "Type": null,
        "EWEB_Page": "18L",
        "ESFD_Page": "210",
        "GlobalID": "{2662D417-6907-427B-A2CE-D70721A54FD6}",
        "layer": "hydrants",
        "source": "city-of-eugene-gis"
      }
    },
    {
      "type": "Feature",
      "id": "hydrants_124",
      "geometry": {
        "type": "Point",
        "coordinates": [
          -123.08975702347583,
          44.03482792247695
        ]
      },
      "properties": {
        "FD_1ST": "FD01",
        "owner": "Eugene",
        "elog_id": 78028,
        "sub_id": null,
        "ANGLE": 0,
        "OBJECTID": 975,
        "Type": null,
        "EWEB_Page": "20L",
        "ESFD_Page": "211",
        "GlobalID": "{47B629F9-9AFD-47F9-991B-333924C6E74A}",
        "layer": "hydrants",
        "source": "city-of-eugene-gis"
      }
    },
    {
      "type": "Feature",
      "id": "hydrants_125",
      "geometry": {
        "type": "Point",
        "coordinates": [
          -123.11231887677262,
          44.03429895199968
        ]
      },
      "properties": {
        "FD_1ST": "FD15",
        "owner": "Eugene",
        "elog_id": 11439,
        "sub_id": null,
        "ANGLE": 0,
        "OBJECTID": 976,
        "Type": "Mueller",
        "EWEB_Page": "17L",
        "ESFD_Page": "209",
        "GlobalID": "{0A88342F-96DC-4E62-B0F4-D52EA2AA48F7}",
        "layer": "hydrants",
        "source": "city-of-eugene-gis"
      }
    },
    {
      "type": "Feature",
      "id": "hydrants_126",
      "geometry": {
        "type": "Point",
        "coordinates": [
          -123.05178474093849,
          44.03635942683461
        ]
      },
      "properties": {
        "FD_1ST": "FD13",
        "owner": "Eugene",
        "elog_id": 616,
        "sub_id": null,
        "ANGLE": 0,
        "OBJECTID": 978,
        "Type": null,
        "EWEB_Page": "23L",
        "ESFD_Page": "214",
        "GlobalID": "{06538F13-C000-4FD8-8020-B3EDAC479D8C}",
        "layer": "hydrants",
        "source": "city-of-eugene-gis"
      }
    },
    {
      "type": "Feature",
      "id": "hydrants_127",
      "geometry": {
        "type": "Point",
        "coordinates": [
          -123.06445250451564,
          44.03570227271282
        ]
      },
      "properties": {
        "FD_1ST": "FD13",
        "owner": "Eugene",
        "elog_id": 1737,
        "sub_id": null,
        "ANGLE": 0,
        "OBJECTID": 988,
        "Type": null,
        "EWEB_Page": "22L",
        "ESFD_Page": "213",
        "GlobalID": "{8B0023FC-8CFA-4964-8D9B-27963ADA262B}",
        "layer": "hydrants",
        "source": "city-of-eugene-gis"
      }
    },
    {
      "type": "Feature",
      "id": "hydrants_128",
      "geometry": {
        "type": "Point",
        "coordinates": [
          -123.069862839437,
          44.035687181102084
        ]
      },
      "properties": {
        "FD_1ST": "FD13",
        "owner": "Eugene",
        "elog_id": 907,
        "sub_id": null,
        "ANGLE": 0,
        "OBJECTID": 991,
        "Type": null,
        "EWEB_Page": "21L",
        "ESFD_Page": "212",
        "GlobalID": "{64F84086-F9F5-4399-B57B-09DDAC2BE644}",
        "layer": "hydrants",
        "source": "city-of-eugene-gis"
      }
    },
    {
      "type": "Feature",
      "id": "hydrants_129",
      "geometry": {
        "type": "Point",
        "coordinates": [
          -123.07164666401945,
          44.035731313639815
        ]
      },
      "properties": {
        "FD_1ST": "FD13",
        "owner": "Eugene",
        "elog_id": 88009,
        "sub_id": null,
        "ANGLE": 0,
        "OBJECTID": 992,
        "Type": null,
        "EWEB_Page": "21L",
        "ESFD_Page": "212",
        "GlobalID": "{B3D1B603-0492-4AB9-90A4-D621D864E228}",
        "layer": "hydrants",
        "source": "city-of-eugene-gis"
      }
    },
    {
      "type": "Feature",
      "id": "hydrants_130",
      "geometry": {
        "type": "Point",
        "coordinates": [
          -123.08220545756642,
          44.03552626899573
        ]
      },
      "properties": {
        "FD_1ST": "FD13",
        "owner": "Eugene",
        "elog_id": 10609,
        "sub_id": null,
        "ANGLE": 0,
        "OBJECTID": 993,
        "Type": null,
        "EWEB_Page": "20L",
        "ESFD_Page": "212",
        "GlobalID": "{AB267118-557E-486F-9267-66BBBB756768}",
        "layer": "hydrants",
        "source": "city-of-eugene-gis"
      }
    },
    {
      "type": "Feature",
      "id": "hydrants_131",
      "geometry": {
        "type": "Point",
        "coordinates": [
          -123.0729270679586,
          44.03569135536037
        ]
      },
      "properties": {
        "FD_1ST": "FD13",
        "owner": "Eugene",
        "elog_id": 11596,
        "sub_id": null,
        "ANGLE": 0,
        "OBJECTID": 995,
        "Type": null,
        "EWEB_Page": "21L",
        "ESFD_Page": "212",
        "GlobalID": "{2FD00C4E-9038-4D12-B9E4-48DC12B5E93A}",
        "layer": "hydrants",
        "source": "city-of-eugene-gis"
      }
    },
    {
      "type": "Feature",
      "id": "hydrants_132",
      "geometry": {
        "type": "Point",
        "coordinates": [
          -123.06733279455707,
          44.03579274040773
        ]
      },
      "properties": {
        "FD_1ST": "FD13",
        "owner": "Eugene",
        "elog_id": 86004,
        "sub_id": null,
        "ANGLE": 0,
        "OBJECTID": 997,
        "Type": null,
        "EWEB_Page": "22L",
        "ESFD_Page": "213",
        "GlobalID": "{C3D83A0C-CA70-4DE0-96EE-DC5EFCE3EB83}",
        "layer": "hydrants",
        "source": "city-of-eugene-gis"
      }
    },
    {
      "type": "Feature",
      "id": "hydrants_133",
      "geometry": {
        "type": "Point",
        "coordinates": [
          -123.08429712373042,
          44.0356111039166
        ]
      },
      "properties": {
        "FD_1ST": "FD13",
        "owner": "Private",
        "elog_id": 5512,
        "sub_id": null,
        "ANGLE": 0,
        "OBJECTID": 1000,
        "Type": null,
        "EWEB_Page": "20L",
        "ESFD_Page": "211",
        "GlobalID": "{4238BDD4-64CD-448D-9A3B-203B139FFAEE}",
        "layer": "hydrants",
        "source": "city-of-eugene-gis"
      }
    },
    {
      "type": "Feature",
      "id": "hydrants_134",
      "geometry": {
        "type": "Point",
        "coordinates": [
          -123.09322494790675,
          44.035448605554976
        ]
      },
      "properties": {
        "FD_1ST": "FD01",
        "owner": "Eugene",
        "elog_id": 1679,
        "sub_id": null,
        "ANGLE": 0,
        "OBJECTID": 1001,
        "Type": null,
        "EWEB_Page": "19L",
        "ESFD_Page": "211",
        "GlobalID": "{4255E439-D2BE-44EC-B2FA-FDFC5EAC2C75}",
        "layer": "hydrants",
        "source": "city-of-eugene-gis"
      }
    },
    {
      "type": "Feature",
      "id": "hydrants_135",
      "geometry": {
        "type": "Point",
        "coordinates": [
          -123.07642284431905,
          44.035698190957945
        ]
      },
      "properties": {
        "FD_1ST": "FD13",
        "owner": "Eugene",
        "elog_id": 878,
        "sub_id": null,
        "ANGLE": 0,
        "OBJECTID": 1002,
        "Type": null,
        "EWEB_Page": "21L",
        "ESFD_Page": "212",
        "GlobalID": "{67F9878E-9832-43BC-ADDD-1513439985E4}",
        "layer": "hydrants",
        "source": "city-of-eugene-gis"
      }
    },
    {
      "type": "Feature",
      "id": "hydrants_136",
      "geometry": {
        "type": "Point",
        "coordinates": [
          -123.08966070284409,
          44.03540703054579
        ]
      },
      "properties": {
        "FD_1ST": "FD01",
        "owner": "Eugene",
        "elog_id": 78026,
        "sub_id": null,
        "ANGLE": 0,
        "OBJECTID": 1004,
        "Type": null,
        "EWEB_Page": "20L",
        "ESFD_Page": "211",
        "GlobalID": "{F9175EB7-ED13-49AC-95F5-785EBC5A545A}",
        "layer": "hydrants",
        "source": "city-of-eugene-gis"
      }
    },
    {
      "type": "Feature",
      "id": "hydrants_137",
      "geometry": {
        "type": "Point",
        "coordinates": [
          -123.09579672684518,
          44.03545610441231
        ]
      },
      "properties": {
        "FD_1ST": "FD01",
        "owner": "Eugene",
        "elog_id": 890,
        "sub_id": null,
        "ANGLE": 0,
        "OBJECTID": 1005,
        "Type": null,
        "EWEB_Page": "19L",
        "ESFD_Page": "211",
        "GlobalID": "{666FFC25-EBA9-4CD4-A9D5-8C5976FC26A0}",
        "layer": "hydrants",
        "source": "city-of-eugene-gis"
      }
    },
    {
      "type": "Feature",
      "id": "hydrants_138",
      "geometry": {
        "type": "Point",
        "coordinates": [
          -123.08553621543837,
          44.03560255448307
        ]
      },
      "properties": {
        "FD_1ST": "FD13",
        "owner": "Private",
        "elog_id": 0,
        "sub_id": null,
        "ANGLE": 0,
        "OBJECTID": 1007,
        "Type": null,
        "EWEB_Page": "20L",
        "ESFD_Page": "211",
        "GlobalID": "{B87B839A-5FF8-4E5F-9895-72573DEBF2F6}",
        "layer": "hydrants",
        "source": "city-of-eugene-gis"
      }
    },
    {
      "type": "Feature",
      "id": "hydrants_139",
      "geometry": {
        "type": "Point",
        "coordinates": [
          -123.06564740982509,
          44.03614786871422
        ]
      },
      "properties": {
        "FD_1ST": "FD13",
        "owner": "Eugene",
        "elog_id": 92060,
        "sub_id": null,
        "ANGLE": 0,
        "OBJECTID": 1008,
        "Type": null,
        "EWEB_Page": "22L",
        "ESFD_Page": "213",
        "GlobalID": "{7EBCF0A3-207F-45E7-861A-4C894B8294EB}",
        "layer": "hydrants",
        "source": "city-of-eugene-gis"
      }
    },
    {
      "type": "Feature",
      "id": "hydrants_140",
      "geometry": {
        "type": "Point",
        "coordinates": [
          -123.09721583271238,
          44.03542869176364
        ]
      },
      "properties": {
        "FD_1ST": "FD01",
        "owner": "Eugene",
        "elog_id": 81018,
        "sub_id": null,
        "ANGLE": 0,
        "OBJECTID": 1010,
        "Type": null,
        "EWEB_Page": "19L",
        "ESFD_Page": "210",
        "GlobalID": "{CFE1B63E-BF43-42CD-8331-1557A180B287}",
        "layer": "hydrants",
        "source": "city-of-eugene-gis"
      }
    },
    {
      "type": "Feature",
      "id": "hydrants_141",
      "geometry": {
        "type": "Point",
        "coordinates": [
          -123.07934244964694,
          44.035751113730676
        ]
      },
      "properties": {
        "FD_1ST": "FD13",
        "owner": "Eugene",
        "elog_id": 1928,
        "sub_id": null,
        "ANGLE": 0,
        "OBJECTID": 1012,
        "Type": null,
        "EWEB_Page": "21L",
        "ESFD_Page": "212",
        "GlobalID": "{3D870614-551C-45C7-8662-DC02327B58F5}",
        "layer": "hydrants",
        "source": "city-of-eugene-gis"
      }
    },
    {
      "type": "Feature",
      "id": "hydrants_142",
      "geometry": {
        "type": "Point",
        "coordinates": [
          -123.10677763638778,
          44.03543450599986
        ]
      },
      "properties": {
        "FD_1ST": "FD15",
        "owner": "Eugene",
        "elog_id": 11040,
        "sub_id": null,
        "ANGLE": 0,
        "OBJECTID": 1018,
        "Type": null,
        "EWEB_Page": "18L",
        "ESFD_Page": "210",
        "GlobalID": "{8740F15C-9EB7-40ED-A9B9-9D60E8A8F191}",
        "layer": "hydrants",
        "source": "city-of-eugene-gis"
      }
    },
    {
      "type": "Feature",
      "id": "hydrants_143",
      "geometry": {
        "type": "Point",
        "coordinates": [
          -123.11914912150746,
          44.034968345899614
        ]
      },
      "properties": {
        "FD_1ST": "FD02",
        "owner": "Eugene",
        "elog_id": 11583,
        "sub_id": null,
        "ANGLE": 0,
        "OBJECTID": 1019,
        "Type": "MUELLER",
        "EWEB_Page": "17L",
        "ESFD_Page": "209",
        "GlobalID": "{9FBA0CDB-8DE8-4FCD-AEE8-01507C9CFD0A}",
        "layer": "hydrants",
        "source": "city-of-eugene-gis"
      }
    },
    {
      "type": "Feature",
      "id": "hydrants_144",
      "geometry": {
        "type": "Point",
        "coordinates": [
          -123.05992170088267,
          44.036420510249954
        ]
      },
      "properties": {
        "FD_1ST": "FD13",
        "owner": "Eugene",
        "elog_id": 708,
        "sub_id": null,
        "ANGLE": 0,
        "OBJECTID": 1021,
        "Type": null,
        "EWEB_Page": "22L",
        "ESFD_Page": "213",
        "GlobalID": "{04C11531-73CB-4AFE-9B3F-4615CAC2FCE8}",
        "layer": "hydrants",
        "source": "city-of-eugene-gis"
      }
    },
    {
      "type": "Feature",
      "id": "hydrants_145",
      "geometry": {
        "type": "Point",
        "coordinates": [
          -123.091469357801,
          44.03551858878076
        ]
      },
      "properties": {
        "FD_1ST": "FD01",
        "owner": "Eugene",
        "elog_id": 81025,
        "sub_id": null,
        "ANGLE": 0,
        "OBJECTID": 1022,
        "Type": null,
        "EWEB_Page": "19L",
        "ESFD_Page": "211",
        "GlobalID": "{967FFA7D-F502-4DED-A851-7D45481D751F}",
        "layer": "hydrants",
        "source": "city-of-eugene-gis"
      }
    },
    {
      "type": "Feature",
      "id": "hydrants_146",
      "geometry": {
        "type": "Point",
        "coordinates": [
          -123.1000312884921,
          44.03555507624213
        ]
      },
      "properties": {
        "FD_1ST": "FD01",
        "owner": "Eugene",
        "elog_id": 79100,
        "sub_id": null,
        "ANGLE": 0,
        "OBJECTID": 1025,
        "Type": null,
        "EWEB_Page": "19L",
        "ESFD_Page": "210",
        "GlobalID": "{44AEF3BF-3F73-4B42-BF4B-3B36BF169B13}",
        "layer": "hydrants",
        "source": "city-of-eugene-gis"
      }
    },
    {
      "type": "Feature",
      "id": "hydrants_147",
      "geometry": {
        "type": "Point",
        "coordinates": [
          -123.10286448814144,
          44.035553671106214
        ]
      },
      "properties": {
        "FD_1ST": "FD15",
        "owner": "Eugene",
        "elog_id": 342,
        "sub_id": null,
        "ANGLE": 0,
        "OBJECTID": 1028,
        "Type": null,
        "EWEB_Page": "18L",
        "ESFD_Page": "210",
        "GlobalID": "{41731BC0-CC0F-451C-9E01-9DAE47B6A28E}",
        "layer": "hydrants",
        "source": "city-of-eugene-gis"
      }
    },
    {
      "type": "Feature",
      "id": "hydrants_148",
      "geometry": {
        "type": "Point",
        "coordinates": [
          -123.10571521567917,
          44.03556763072054
        ]
      },
      "properties": {
        "FD_1ST": "FD15",
        "owner": "Eugene",
        "elog_id": 11039,
        "sub_id": null,
        "ANGLE": 0,
        "OBJECTID": 1031,
        "Type": null,
        "EWEB_Page": "18L",
        "ESFD_Page": "210",
        "GlobalID": "{786757C2-6A3E-4086-A4B4-EAA7619D0A60}",
        "layer": "hydrants",
        "source": "city-of-eugene-gis"
      }
    },
    {
      "type": "Feature",
      "id": "hydrants_149",
      "geometry": {
        "type": "Point",
        "coordinates": [
          -123.11103006650706,
          44.03541274491428
        ]
      },
      "properties": {
        "FD_1ST": "FD15",
        "owner": "Eugene",
        "elog_id": 10330,
        "sub_id": null,
        "ANGLE": 0,
        "OBJECTID": 1033,
        "Type": null,
        "EWEB_Page": "18L",
        "ESFD_Page": "209",
        "GlobalID": "{79FF7A15-4868-40A9-B043-7A7B1CDD907A}",
        "layer": "hydrants",
        "source": "city-of-eugene-gis"
      }
    },
    {
      "type": "Feature",
      "id": "hydrants_150",
      "geometry": {
        "type": "Point",
        "coordinates": [
          -123.06039005602808,
          44.03677888019252
        ]
      },
      "properties": {
        "FD_1ST": "FD13",
        "owner": "Eugene",
        "elog_id": 11526,
        "sub_id": null,
        "ANGLE": 0,
        "OBJECTID": 1034,
        "Type": null,
        "EWEB_Page": "22L",
        "ESFD_Page": "213",
        "GlobalID": "{78B1F8BD-FCE2-45DD-ACBE-236172C2B2E1}",
        "layer": "hydrants",
        "source": "city-of-eugene-gis"
      }
    },
    {
      "type": "Feature",
      "id": "hydrants_151",
      "geometry": {
        "type": "Point",
        "coordinates": [
          -123.10852243048441,
          44.03557338533426
        ]
      },
      "properties": {
        "FD_1ST": "FD15",
        "owner": "Eugene",
        "elog_id": 1156,
        "sub_id": null,
        "ANGLE": 0,
        "OBJECTID": 1035,
        "Type": null,
        "EWEB_Page": "18L",
        "ESFD_Page": "210",
        "GlobalID": "{CC19D61A-91D5-4D9B-ABD7-F280CCEBDB4A}",
        "layer": "hydrants",
        "source": "city-of-eugene-gis"
      }
    },
    {
      "type": "Feature",
      "id": "hydrants_152",
      "geometry": {
        "type": "Point",
        "coordinates": [
          -123.05334367220037,
          44.03705941980715
        ]
      },
      "properties": {
        "FD_1ST": "FD13",
        "owner": "Eugene",
        "elog_id": 653,
        "sub_id": null,
        "ANGLE": 0,
        "OBJECTID": 1036,
        "Type": null,
        "EWEB_Page": "23L",
        "ESFD_Page": "214",
        "GlobalID": "{8FEFAA5B-29DC-40CC-A493-F7DC6E46B294}",
        "layer": "hydrants",
        "source": "city-of-eugene-gis"
      }
    },
    {
      "type": "Feature",
      "id": "hydrants_153",
      "geometry": {
        "type": "Point",
        "coordinates": [
          -123.11652806299398,
          44.0354975978911
        ]
      },
      "properties": {
        "FD_1ST": "FD02",
        "owner": "Eugene",
        "elog_id": 769,
        "sub_id": null,
        "ANGLE": 0,
        "OBJECTID": 1047,
        "Type": null,
        "EWEB_Page": "17L",
        "ESFD_Page": "209",
        "GlobalID": "{BC7DF7C7-5F21-4082-A9AC-8D6DDE8385F8}",
        "layer": "hydrants",
        "source": "city-of-eugene-gis"
      }
    },
    {
      "type": "Feature",
      "id": "hydrants_154",
      "geometry": {
        "type": "Point",
        "coordinates": [
          -123.07140289900276,
          44.036787036452466
        ]
      },
      "properties": {
        "FD_1ST": "FD13",
        "owner": "Eugene",
        "elog_id": 335,
        "sub_id": null,
        "ANGLE": 0,
        "OBJECTID": 1051,
        "Type": null,
        "EWEB_Page": "21L",
        "ESFD_Page": "212",
        "GlobalID": "{2A3C8917-4CA5-4B14-8CA6-84E9E59761F7}",
        "layer": "hydrants",
        "source": "city-of-eugene-gis"
      }
    },
    {
      "type": "Feature",
      "id": "hydrants_155",
      "geometry": {
        "type": "Point",
        "coordinates": [
          -123.0574784244993,
          44.03718789188338
        ]
      },
      "properties": {
        "FD_1ST": "FD13",
        "owner": "Eugene",
        "elog_id": 613,
        "sub_id": null,
        "ANGLE": 0,
        "OBJECTID": 1054,
        "Type": null,
        "EWEB_Page": "23L",
        "ESFD_Page": "213",
        "GlobalID": "{E7EE875B-5A03-49ED-8B90-958411D1CCA4}",
        "layer": "hydrants",
        "source": "city-of-eugene-gis"
      }
    },
    {
      "type": "Feature",
      "id": "hydrants_156",
      "geometry": {
        "type": "Point",
        "coordinates": [
          -123.07315912926455,
          44.03658065572512
        ]
      },
      "properties": {
        "FD_1ST": "FD13",
        "owner": "Eugene",
        "elog_id": 1169,
        "sub_id": null,
        "ANGLE": 0,
        "OBJECTID": 1055,
        "Type": null,
        "EWEB_Page": "21L",
        "ESFD_Page": "212",
        "GlobalID": "{3537A363-A5F8-4036-B225-0D6B4C7F7AAB}",
        "layer": "hydrants",
        "source": "city-of-eugene-gis"
      }
    },
    {
      "type": "Feature",
      "id": "hydrants_157",
      "geometry": {
        "type": "Point",
        "coordinates": [
          -123.07484969584394,
          44.036669205482355
        ]
      },
      "properties": {
        "FD_1ST": "FD13",
        "owner": "Eugene",
        "elog_id": 10785,
        "sub_id": null,
        "ANGLE": 0,
        "OBJECTID": 1058,
        "Type": null,
        "EWEB_Page": "21L",
        "ESFD_Page": "212",
        "GlobalID": "{E7820DAE-4181-4B07-87B3-37F7979ACE23}",
        "layer": "hydrants",
        "source": "city-of-eugene-gis"
      }
    },
    {
      "type": "Feature",
      "id": "hydrants_158",
      "geometry": {
        "type": "Point",
        "coordinates": [
          -123.0632674869764,
          44.03700428977005
        ]
      },
      "properties": {
        "FD_1ST": "FD13",
        "owner": "Eugene",
        "elog_id": 750,
        "sub_id": null,
        "ANGLE": 0,
        "OBJECTID": 1059,
        "Type": null,
        "EWEB_Page": "22L",
        "ESFD_Page": "213",
        "GlobalID": "{5741CEAE-A2D7-471F-8538-30C3B41A9C5E}",
        "layer": "hydrants",
        "source": "city-of-eugene-gis"
      }
    },
    {
      "type": "Feature",
      "id": "hydrants_159",
      "geometry": {
        "type": "Point",
        "coordinates": [
          -123.07756331129481,
          44.036795558215786
        ]
      },
      "properties": {
        "FD_1ST": "FD13",
        "owner": "Eugene",
        "elog_id": 97094,
        "sub_id": null,
        "ANGLE": 0,
        "OBJECTID": 1061,
        "Type": null,
        "EWEB_Page": "21L",
        "ESFD_Page": "212",
        "GlobalID": "{3D3318E5-D2F2-4D7B-A098-80F1303D3846}",
        "layer": "hydrants",
        "source": "city-of-eugene-gis"
      }
    },
    {
      "type": "Feature",
      "id": "hydrants_160",
      "geometry": {
        "type": "Point",
        "coordinates": [
          -123.05542249502734,
          44.037290618382045
        ]
      },
      "properties": {
        "FD_1ST": "FD13",
        "owner": "Eugene",
        "elog_id": 1738,
        "sub_id": null,
        "ANGLE": 0,
        "OBJECTID": 1062,
        "Type": null,
        "EWEB_Page": "23L",
        "ESFD_Page": "213",
        "GlobalID": "{17289BCD-1304-4C12-A488-C7882B47F0FE}",
        "layer": "hydrants",
        "source": "city-of-eugene-gis"
      }
    },
    {
      "type": "Feature",
      "id": "hydrants_161",
      "geometry": {
        "type": "Point",
        "coordinates": [
          -123.0800829784054,
          44.03680515717302
        ]
      },
      "properties": {
        "FD_1ST": "FD13",
        "owner": "Eugene",
        "elog_id": 331,
        "sub_id": null,
        "ANGLE": 0,
        "OBJECTID": 1064,
        "Type": null,
        "EWEB_Page": "20L",
        "ESFD_Page": "212",
        "GlobalID": "{99A63F09-68BB-402D-A738-F2A2C2B4B2C2}",
        "layer": "hydrants",
        "source": "city-of-eugene-gis"
      }
    },
    {
      "type": "Feature",
      "id": "hydrants_162",
      "geometry": {
        "type": "Point",
        "coordinates": [
          -123.06500186409868,
          44.03719786878079
        ]
      },
      "properties": {
        "FD_1ST": "FD13",
        "owner": "Eugene",
        "elog_id": 87023,
        "sub_id": null,
        "ANGLE": 0,
        "OBJECTID": 1067,
        "Type": null,
        "EWEB_Page": "22L",
        "ESFD_Page": "213",
        "GlobalID": "{CAC4EC07-BD01-48AC-B8FD-B2C0E06B2D38}",
        "layer": "hydrants",
        "source": "city-of-eugene-gis"
      }
    },
    {
      "type": "Feature",
      "id": "hydrants_163",
      "geometry": {
        "type": "Point",
        "coordinates": [
          -123.06811870330758,
          44.037208339006135
        ]
      },
      "properties": {
        "FD_1ST": "FD13",
        "owner": "Eugene",
        "elog_id": 10834,
        "sub_id": null,
        "ANGLE": 0,
        "OBJECTID": 1068,
        "Type": null,
        "EWEB_Page": "22L",
        "ESFD_Page": "212",
        "GlobalID": "{02FDD683-6653-436F-A67D-E1C29250844D}",
        "layer": "hydrants",
        "source": "city-of-eugene-gis"
      }
    },
    {
      "type": "Feature",
      "id": "hydrants_164",
      "geometry": {
        "type": "Point",
        "coordinates": [
          -123.08835533774578,
          44.03708137877631
        ]
      },
      "properties": {
        "FD_1ST": "FD01",
        "owner": "Private",
        "elog_id": 5211,
        "sub_id": null,
        "ANGLE": 0,
        "OBJECTID": 1069,
        "Type": null,
        "EWEB_Page": "20L",
        "ESFD_Page": "211",
        "GlobalID": "{D04F9B55-E994-458F-BC06-0B6274005466}",
        "layer": "hydrants",
        "source": "city-of-eugene-gis"
      }
    },
    {
      "type": "Feature",
      "id": "hydrants_165",
      "geometry": {
        "type": "Point",
        "coordinates": [
          -123.08646342114365,
          44.03698331140514
        ]
      },
      "properties": {
        "FD_1ST": "FD13",
        "owner": "Private",
        "elog_id": 5212,
        "sub_id": null,
        "ANGLE": 0,
        "OBJECTID": 1071,
        "Type": null,
        "EWEB_Page": "20L",
        "ESFD_Page": "211",
        "GlobalID": "{41486CB4-560C-40B7-A941-7580ABECEBB6}",
        "layer": "hydrants",
        "source": "city-of-eugene-gis"
      }
    },
    {
      "type": "Feature",
      "id": "hydrants_166",
      "geometry": {
        "type": "Point",
        "coordinates": [
          -123.08540081880457,
          44.03702580864679
        ]
      },
      "properties": {
        "FD_1ST": "FD13",
        "owner": "Private",
        "elog_id": 5213,
        "sub_id": null,
        "ANGLE": 0,
        "OBJECTID": 1072,
        "Type": null,
        "EWEB_Page": "20L",
        "ESFD_Page": "211",
        "GlobalID": "{5F025016-6566-4799-9EA1-A0260064F06C}",
        "layer": "hydrants",
        "source": "city-of-eugene-gis"
      }
    },
    {
      "type": "Feature",
      "id": "hydrants_167",
      "geometry": {
        "type": "Point",
        "coordinates": [
          -123.06230350583522,
          44.0375859348131
        ]
      },
      "properties": {
        "FD_1ST": "FD13",
        "owner": "Eugene",
        "elog_id": 11385,
        "sub_id": null,
        "ANGLE": 0,
        "OBJECTID": 1073,
        "Type": null,
        "EWEB_Page": "22M",
        "ESFD_Page": "213",
        "GlobalID": "{D5DA56B2-4C72-4D56-9F70-DA976448276D}",
        "layer": "hydrants",
        "source": "city-of-eugene-gis"
      }
    },
    {
      "type": "Feature",
      "id": "hydrants_168",
      "geometry": {
        "type": "Point",
        "coordinates": [
          -123.09395746113303,
          44.03668881084426
        ]
      },
      "properties": {
        "FD_1ST": "FD01",
        "owner": "Eugene",
        "elog_id": 1621,
        "sub_id": null,
        "ANGLE": 0,
        "OBJECTID": 1077,
        "Type": null,
        "EWEB_Page": "19L",
        "ESFD_Page": "211",
        "GlobalID": "{2711B55A-071C-4AA6-9CA7-F694B31A0917}",
        "layer": "hydrants",
        "source": "city-of-eugene-gis"
      }
    },
    {
      "type": "Feature",
      "id": "hydrants_169",
      "geometry": {
        "type": "Point",
        "coordinates": [
          -123.08947195880158,
          44.03690252604746
        ]
      },
      "properties": {
        "FD_1ST": "FD01",
        "owner": "Eugene",
        "elog_id": 11303,
        "sub_id": null,
        "ANGLE": 0,
        "OBJECTID": 1081,
        "Type": null,
        "EWEB_Page": "20L",
        "ESFD_Page": "211",
        "GlobalID": "{CAC9756F-D054-4EC7-A2F4-C19534B99CB0}",
        "layer": "hydrants",
        "source": "city-of-eugene-gis"
      }
    },
    {
      "type": "Feature",
      "id": "hydrants_170",
      "geometry": {
        "type": "Point",
        "coordinates": [
          -123.09567701225188,
          44.036789467027006
        ]
      },
      "properties": {
        "FD_1ST": "FD01",
        "owner": "Eugene",
        "elog_id": 11298,
        "sub_id": null,
        "ANGLE": 0,
        "OBJECTID": 1082,
        "Type": "MU",
        "EWEB_Page": "19L",
        "ESFD_Page": "211",
        "GlobalID": "{67EB6B05-0D5B-471D-8B96-7708C5A27218}",
        "layer": "hydrants",
        "source": "city-of-eugene-gis"
      }
    },
    {
      "type": "Feature",
      "id": "hydrants_171",
      "geometry": {
        "type": "Point",
        "coordinates": [
          -123.09823027516151,
          44.0367157385566
        ]
      },
      "properties": {
        "FD_1ST": "FD01",
        "owner": "Eugene",
        "elog_id": 680,
        "sub_id": null,
        "ANGLE": 0,
        "OBJECTID": 1083,
        "Type": null,
        "EWEB_Page": "19L",
        "ESFD_Page": "210",
        "GlobalID": "{8979235C-F7D3-4FA5-96EE-028D94BBB9AA}",
        "layer": "hydrants",
        "source": "city-of-eugene-gis"
      }
    },
    {
      "type": "Feature",
      "id": "hydrants_172",
      "geometry": {
        "type": "Point",
        "coordinates": [
          -123.1179124852703,
          44.03627312485526
        ]
      },
      "properties": {
        "FD_1ST": "FD02",
        "owner": "Eugene",
        "elog_id": 11099,
        "sub_id": null,
        "ANGLE": 0,
        "OBJECTID": 1084,
        "Type": null,
        "EWEB_Page": "17L",
        "ESFD_Page": "209",
        "GlobalID": "{DB03C2B2-C69D-42A9-83AF-1E80D153070D}",
        "layer": "hydrants",
        "source": "city-of-eugene-gis"
      }
    },
    {
      "type": "Feature",
      "id": "hydrants_173",
      "geometry": {
        "type": "Point",
        "coordinates": [
          -123.10106540531382,
          44.03672391389754
        ]
      },
      "properties": {
        "FD_1ST": "FD01",
        "owner": "Eugene",
        "elog_id": 10017,
        "sub_id": null,
        "ANGLE": 0,
        "OBJECTID": 1088,
        "Type": null,
        "EWEB_Page": "18L",
        "ESFD_Page": "210",
        "GlobalID": "{B99072A5-16DF-482B-9AE7-CF0C1C226BEB}",
        "layer": "hydrants",
        "source": "city-of-eugene-gis"
      }
    },
    {
      "type": "Feature",
      "id": "hydrants_174",
      "geometry": {
        "type": "Point",
        "coordinates": [
          -123.104214409369,
          44.036700471569624
        ]
      },
      "properties": {
        "FD_1ST": "FD15",
        "owner": "Eugene",
        "elog_id": 734,
        "sub_id": null,
        "ANGLE": 0,
        "OBJECTID": 1097,
        "Type": null,
        "EWEB_Page": "18L",
        "ESFD_Page": "210",
        "GlobalID": "{8FFA3F17-5E56-4EDB-8F9B-288297DB26EF}",
        "layer": "hydrants",
        "source": "city-of-eugene-gis"
      }
    },
    {
      "type": "Feature",
      "id": "hydrants_175",
      "geometry": {
        "type": "Point",
        "coordinates": [
          -123.10673758496888,
          44.036722154119595
        ]
      },
      "properties": {
        "FD_1ST": "FD15",
        "owner": "Eugene",
        "elog_id": 324,
        "sub_id": null,
        "ANGLE": 0,
        "OBJECTID": 1099,
        "Type": null,
        "EWEB_Page": "18L",
        "ESFD_Page": "210",
        "GlobalID": "{E7A6912D-0CBF-48D9-8669-B396B73B6FBD}",
        "layer": "hydrants",
        "source": "city-of-eugene-gis"
      }
    },
    {
      "type": "Feature",
      "id": "hydrants_176",
      "geometry": {
        "type": "Point",
        "coordinates": [
          -123.11231777038088,
          44.0367309355145
        ]
      },
      "properties": {
        "FD_1ST": "FD02",
        "owner": "Eugene",
        "elog_id": 11438,
        "sub_id": null,
        "ANGLE": 0,
        "OBJECTID": 1100,
        "Type": "Mueller",
        "EWEB_Page": "17L",
        "ESFD_Page": "209",
        "GlobalID": "{E0D59B48-18AC-4914-BBF1-5A75F36CDC87}",
        "layer": "hydrants",
        "source": "city-of-eugene-gis"
      }
    },
    {
      "type": "Feature",
      "id": "hydrants_177",
      "geometry": {
        "type": "Point",
        "coordinates": [
          -123.10962544393907,
          44.036786115919384
        ]
      },
      "properties": {
        "FD_1ST": "FD01",
        "owner": "Eugene",
        "elog_id": 771,
        "sub_id": null,
        "ANGLE": 0,
        "OBJECTID": 1105,
        "Type": null,
        "EWEB_Page": "18L",
        "ESFD_Page": "210",
        "GlobalID": "{2B4E5AF2-E8B9-4C75-A14A-3135B7B229B0}",
        "layer": "hydrants",
        "source": "city-of-eugene-gis"
      }
    },
    {
      "type": "Feature",
      "id": "hydrants_178",
      "geometry": {
        "type": "Point",
        "coordinates": [
          -123.09264552031206,
          44.03751537420426
        ]
      },
      "properties": {
        "FD_1ST": "FD01",
        "owner": "Eugene",
        "elog_id": 398,
        "sub_id": null,
        "ANGLE": 0,
        "OBJECTID": 1107,
        "Type": null,
        "EWEB_Page": "19M",
        "ESFD_Page": "211",
        "GlobalID": "{A9D73DDD-1BF1-4876-9758-7BC021453AA4}",
        "layer": "hydrants",
        "source": "city-of-eugene-gis"
      }
    },
    {
      "type": "Feature",
      "id": "hydrants_179",
      "geometry": {
        "type": "Point",
        "coordinates": [
          -123.05053492775222,
          44.03831604120797
        ]
      },
      "properties": {
        "FD_1ST": "FD13",
        "owner": "Eugene",
        "elog_id": 948,
        "sub_id": null,
        "ANGLE": 0,
        "OBJECTID": 1111,
        "Type": null,
        "EWEB_Page": "23M",
        "ESFD_Page": "214",
        "GlobalID": "{155C1C51-4A2B-4934-8E36-8545BC02380B}",
        "layer": "hydrants",
        "source": "city-of-eugene-gis"
      }
    },
    {
      "type": "Feature",
      "id": "hydrants_180",
      "geometry": {
        "type": "Point",
        "coordinates": [
          -123.0698714527814,
          44.03787500813581
        ]
      },
      "properties": {
        "FD_1ST": "FD13",
        "owner": "Eugene",
        "elog_id": 11569,
        "sub_id": null,
        "ANGLE": 0,
        "OBJECTID": 1113,
        "Type": null,
        "EWEB_Page": "21M",
        "ESFD_Page": "212",
        "GlobalID": "{B87D4832-2E31-49B0-A31B-A4F7D50D906E}",
        "layer": "hydrants",
        "source": "city-of-eugene-gis"
      }
    },
    {
      "type": "Feature",
      "id": "hydrants_181",
      "geometry": {
        "type": "Point",
        "coordinates": [
          -123.06076548706727,
          44.038227652633
        ]
      },
      "properties": {
        "FD_1ST": "FD13",
        "owner": "Eugene",
        "elog_id": 1144,
        "sub_id": null,
        "ANGLE": 0,
        "OBJECTID": 1114,
        "Type": null,
        "EWEB_Page": "22M",
        "ESFD_Page": "213",
        "GlobalID": "{189FB883-5395-48E2-8CF3-CDCAAC18CFED}",
        "layer": "hydrants",
        "source": "city-of-eugene-gis"
      }
    },
    {
      "type": "Feature",
      "id": "hydrants_182",
      "geometry": {
        "type": "Point",
        "coordinates": [
          -123.08230696727352,
          44.03777121458778
        ]
      },
      "properties": {
        "FD_1ST": "FD13",
        "owner": "Eugene",
        "elog_id": 1872,
        "sub_id": null,
        "ANGLE": 0,
        "OBJECTID": 1116,
        "Type": null,
        "EWEB_Page": "20M",
        "ESFD_Page": "212",
        "GlobalID": "{4F49FFCE-526A-4AF0-8CBA-9C1446DE9630}",
        "layer": "hydrants",
        "source": "city-of-eugene-gis"
      }
    },
    {
      "type": "Feature",
      "id": "hydrants_183",
      "geometry": {
        "type": "Point",
        "coordinates": [
          -123.07317073165046,
          44.037923242434026
        ]
      },
      "properties": {
        "FD_1ST": "FD13",
        "owner": "Eugene",
        "elog_id": 11570,
        "sub_id": null,
        "ANGLE": 0,
        "OBJECTID": 1119,
        "Type": null,
        "EWEB_Page": "21M",
        "ESFD_Page": "212",
        "GlobalID": "{6E3588FF-CCA2-442A-90A1-C33B19A380B1}",
        "layer": "hydrants",
        "source": "city-of-eugene-gis"
      }
    },
    {
      "type": "Feature",
      "id": "hydrants_184",
      "geometry": {
        "type": "Point",
        "coordinates": [
          -123.07629734850889,
          44.03788856588765
        ]
      },
      "properties": {
        "FD_1ST": "FD13",
        "owner": "Eugene",
        "elog_id": 1338,
        "sub_id": null,
        "ANGLE": 0,
        "OBJECTID": 1125,
        "Type": null,
        "EWEB_Page": "21M",
        "ESFD_Page": "212",
        "GlobalID": "{5504671F-2B7F-4C35-A187-92DAC2135B6F}",
        "layer": "hydrants",
        "source": "city-of-eugene-gis"
      }
    },
    {
      "type": "Feature",
      "id": "hydrants_185",
      "geometry": {
        "type": "Point",
        "coordinates": [
          -123.0791196738988,
          44.0378826465027
        ]
      },
      "properties": {
        "FD_1ST": "FD13",
        "owner": "Eugene",
        "elog_id": 422,
        "sub_id": null,
        "ANGLE": 0,
        "OBJECTID": 1128,
        "Type": null,
        "EWEB_Page": "21M",
        "ESFD_Page": "212",
        "GlobalID": "{2043A345-DBBB-4B3D-8E28-3E27792A5226}",
        "layer": "hydrants",
        "source": "city-of-eugene-gis"
      }
    },
    {
      "type": "Feature",
      "id": "hydrants_186",
      "geometry": {
        "type": "Point",
        "coordinates": [
          -123.11671848648983,
          44.037217778534945
        ]
      },
      "properties": {
        "FD_1ST": "FD02",
        "owner": "Eugene",
        "elog_id": 11052,
        "sub_id": null,
        "ANGLE": 0,
        "OBJECTID": 1134,
        "Type": null,
        "EWEB_Page": "17L",
        "ESFD_Page": "209",
        "GlobalID": "{B3E7E504-2DA7-4C2E-A70E-22A27E70DFB7}",
        "layer": "hydrants",
        "source": "city-of-eugene-gis"
      }
    },
    {
      "type": "Feature",
      "id": "hydrants_187",
      "geometry": {
        "type": "Point",
        "coordinates": [
          -123.08976564525871,
          44.03772492677735
        ]
      },
      "properties": {
        "FD_1ST": "FD01",
        "owner": "Eugene",
        "elog_id": 11302,
        "sub_id": null,
        "ANGLE": 0,
        "OBJECTID": 1138,
        "Type": null,
        "EWEB_Page": "20M",
        "ESFD_Page": "211",
        "GlobalID": "{24EE0652-2DBD-4678-8CC9-FA18D1E72682}",
        "layer": "hydrants",
        "source": "city-of-eugene-gis"
      }
    },
    {
      "type": "Feature",
      "id": "hydrants_188",
      "geometry": {
        "type": "Point",
        "coordinates": [
          -123.09127830073973,
          44.037950011245236
        ]
      },
      "properties": {
        "FD_1ST": "FD01",
        "owner": "Eugene",
        "elog_id": 865,
        "sub_id": null,
        "ANGLE": 0,
        "OBJECTID": 1141,
        "Type": null,
        "EWEB_Page": "19M",
        "ESFD_Page": "211",
        "GlobalID": "{47780F1D-7F1D-494E-8500-86B2B8D05826}",
        "layer": "hydrants",
        "source": "city-of-eugene-gis"
      }
    },
    {
      "type": "Feature",
      "id": "hydrants_189",
      "geometry": {
        "type": "Point",
        "coordinates": [
          -123.05170009655102,
          44.03904821031013
        ]
      },
      "properties": {
        "FD_1ST": "FD13",
        "owner": "Eugene",
        "elog_id": 615,
        "sub_id": null,
        "ANGLE": 0,
        "OBJECTID": 1142,
        "Type": null,
        "EWEB_Page": "23M",
        "ESFD_Page": "214",
        "GlobalID": "{FCA6AA30-EA48-46EC-8D05-779A41012A5F}",
        "layer": "hydrants",
        "source": "city-of-eugene-gis"
      }
    },
    {
      "type": "Feature",
      "id": "hydrants_190",
      "geometry": {
        "type": "Point",
        "coordinates": [
          -123.09398400719034,
          44.03788356778261
        ]
      },
      "properties": {
        "FD_1ST": "FD01",
        "owner": "Eugene",
        "elog_id": 503,
        "sub_id": null,
        "ANGLE": 0,
        "OBJECTID": 1145,
        "Type": null,
        "EWEB_Page": "19M",
        "ESFD_Page": "211",
        "GlobalID": "{700A93F9-3DFC-4887-BEAF-9E9F182D3343}",
        "layer": "hydrants",
        "source": "city-of-eugene-gis"
      }
    },
    {
      "type": "Feature",
      "id": "hydrants_191",
      "geometry": {
        "type": "Point",
        "coordinates": [
          -123.0999166185187,
          44.03792484735305
        ]
      },
      "properties": {
        "FD_1ST": "FD01",
        "owner": "Eugene",
        "elog_id": 1219,
        "sub_id": null,
        "ANGLE": 0,
        "OBJECTID": 1148,
        "Type": null,
        "EWEB_Page": "19M",
        "ESFD_Page": "210",
        "GlobalID": "{2C8FC4D7-71C3-4A1E-A53B-2E26FE257088}",
        "layer": "hydrants",
        "source": "city-of-eugene-gis"
      }
    },
    {
      "type": "Feature",
      "id": "hydrants_192",
      "geometry": {
        "type": "Point",
        "coordinates": [
          -123.05322105285575,
          44.03901413909275
        ]
      },
      "properties": {
        "FD_1ST": "FD13",
        "owner": "Eugene",
        "elog_id": 654,
        "sub_id": null,
        "ANGLE": 0,
        "OBJECTID": 1149,
        "Type": null,
        "EWEB_Page": "23M",
        "ESFD_Page": "214",
        "GlobalID": "{58872450-B872-4099-9F06-A2F90ACCFFFF}",
        "layer": "hydrants",
        "source": "city-of-eugene-gis"
      }
    },
    {
      "type": "Feature",
      "id": "hydrants_193",
      "geometry": {
        "type": "Point",
        "coordinates": [
          -123.10275719085487,
          44.0379705312179
        ]
      },
      "properties": {
        "FD_1ST": "FD01",
        "owner": "Eugene",
        "elog_id": 317,
        "sub_id": null,
        "ANGLE": 0,
        "OBJECTID": 1155,
        "Type": null,
        "EWEB_Page": "18M",
        "ESFD_Page": "210",
        "GlobalID": "{183555D4-BD35-4357-8085-7628FC25CBA4}",
        "layer": "hydrants",
        "source": "city-of-eugene-gis"
      }
    },
    {
      "type": "Feature",
      "id": "hydrants_194",
      "geometry": {
        "type": "Point",
        "coordinates": [
          -123.10529650963974,
          44.03787041238386
        ]
      },
      "properties": {
        "FD_1ST": "FD01",
        "owner": "Eugene",
        "elog_id": 316,
        "sub_id": null,
        "ANGLE": 0,
        "OBJECTID": 1158,
        "Type": null,
        "EWEB_Page": "18M",
        "ESFD_Page": "210",
        "GlobalID": "{5BB518F3-4930-4F9F-8330-A242651459BE}",
        "layer": "hydrants",
        "source": "city-of-eugene-gis"
      }
    },
    {
      "type": "Feature",
      "id": "hydrants_195",
      "geometry": {
        "type": "Point",
        "coordinates": [
          -123.10813749517823,
          44.037858240715835
        ]
      },
      "properties": {
        "FD_1ST": "FD01",
        "owner": "Eugene",
        "elog_id": 11330,
        "sub_id": null,
        "ANGLE": 0,
        "OBJECTID": 1161,
        "Type": null,
        "EWEB_Page": "18M",
        "ESFD_Page": "210",
        "GlobalID": "{45784FCC-7A96-43C9-B73A-FA4B077E4C3F}",
        "layer": "hydrants",
        "source": "city-of-eugene-gis"
      }
    },
    {
      "type": "Feature",
      "id": "hydrants_196",
      "geometry": {
        "type": "Point",
        "coordinates": [
          -123.11097454920511,
          44.03787790586196
        ]
      },
      "properties": {
        "FD_1ST": "FD01",
        "owner": "Eugene",
        "elog_id": 782,
        "sub_id": null,
        "ANGLE": 0,
        "OBJECTID": 1167,
        "Type": null,
        "EWEB_Page": "18M",
        "ESFD_Page": "210",
        "GlobalID": "{68275E11-E1CB-4A3B-B9D3-4EDFFA95208F}",
        "layer": "hydrants",
        "source": "city-of-eugene-gis"
      }
    },
    {
      "type": "Feature",
      "id": "hydrants_197",
      "geometry": {
        "type": "Point",
        "coordinates": [
          -123.06336033085859,
          44.03896826106618
        ]
      },
      "properties": {
        "FD_1ST": "FD13",
        "owner": "Eugene",
        "elog_id": 2058,
        "sub_id": null,
        "ANGLE": 0,
        "OBJECTID": 1168,
        "Type": null,
        "EWEB_Page": "22M",
        "ESFD_Page": "213",
        "GlobalID": "{A2246500-389B-464E-B8F5-3BAA1FDC6BA1}",
        "layer": "hydrants",
        "source": "city-of-eugene-gis"
      }
    },
    {
      "type": "Feature",
      "id": "hydrants_198",
      "geometry": {
        "type": "Point",
        "coordinates": [
          -123.06202975481871,
          44.039049257614835
        ]
      },
      "properties": {
        "FD_1ST": "FD13",
        "owner": "Eugene",
        "elog_id": 82002,
        "sub_id": null,
        "ANGLE": 0,
        "OBJECTID": 1170,
        "Type": null,
        "EWEB_Page": "22M",
        "ESFD_Page": "213",
        "GlobalID": "{833A37C1-836A-4AD4-88EC-3F8CB40CBA37}",
        "layer": "hydrants",
        "source": "city-of-eugene-gis"
      }
    },
    {
      "type": "Feature",
      "id": "hydrants_199",
      "geometry": {
        "type": "Point",
        "coordinates": [
          -123.06490697247644,
          44.03906112495151
        ]
      },
      "properties": {
        "FD_1ST": "FD13",
        "owner": "Eugene",
        "elog_id": 11354,
        "sub_id": null,
        "ANGLE": 0,
        "OBJECTID": 1172,
        "Type": "Centurian",
        "EWEB_Page": "22M",
        "ESFD_Page": "213",
        "GlobalID": "{E511B002-A3E4-475C-AB3B-182BB26AD066}",
        "layer": "hydrants",
        "source": "city-of-eugene-gis"
      }
    },
    {
      "type": "Feature",
      "id": "hydrants_200",
      "geometry": {
        "type": "Point",
        "coordinates": [
          -123.11319973908802,
          44.03786354960499
        ]
      },
      "properties": {
        "FD_1ST": "FD02",
        "owner": "Eugene",
        "elog_id": 872,
        "sub_id": null,
        "ANGLE": 0,
        "OBJECTID": 1173,
        "Type": null,
        "EWEB_Page": "17M",
        "ESFD_Page": "209",
        "GlobalID": "{2EBFF463-243C-453D-88EC-A59282FA68B8}",
        "layer": "hydrants",
        "source": "city-of-eugene-gis"
      }
    },
    {
      "type": "Feature",
      "id": "hydrants_201",
      "geometry": {
        "type": "Point",
        "coordinates": [
          -123.06659419945133,
          44.03896941477351
        ]
      },
      "properties": {
        "FD_1ST": "FD13",
        "owner": "Eugene",
        "elog_id": 11355,
        "sub_id": null,
        "ANGLE": 0,
        "OBJECTID": 1177,
        "Type": "MU",
        "EWEB_Page": "22M",
        "ESFD_Page": "213",
        "GlobalID": "{DCB87200-918D-48EC-8182-E86198148E3D}",
        "layer": "hydrants",
        "source": "city-of-eugene-gis"
      }
    },
    {
      "type": "Feature",
      "id": "hydrants_202",
      "geometry": {
        "type": "Point",
        "coordinates": [
          -123.0681101447156,
          44.03897905088047
        ]
      },
      "properties": {
        "FD_1ST": "FD13",
        "owner": "Eugene",
        "elog_id": 11272,
        "sub_id": null,
        "ANGLE": 0,
        "OBJECTID": 1180,
        "Type": null,
        "EWEB_Page": "22M",
        "ESFD_Page": "263",
        "GlobalID": "{0398D317-1501-447C-8642-F49735F33051}",
        "layer": "hydrants",
        "source": "city-of-eugene-gis"
      }
    },
    {
      "type": "Feature",
      "id": "hydrants_203",
      "geometry": {
        "type": "Point",
        "coordinates": [
          -123.07163744124297,
          44.03901003707163
        ]
      },
      "properties": {
        "FD_1ST": "FD13",
        "owner": "Eugene",
        "elog_id": 797,
        "sub_id": null,
        "ANGLE": 0,
        "OBJECTID": 1185,
        "Type": null,
        "EWEB_Page": "21M",
        "ESFD_Page": "262",
        "GlobalID": "{E817C84C-5508-4EE5-B721-6A3AD33D481A}",
        "layer": "hydrants",
        "source": "city-of-eugene-gis"
      }
    },
    {
      "type": "Feature",
      "id": "hydrants_204",
      "geometry": {
        "type": "Point",
        "coordinates": [
          -123.07475484523576,
          44.0389826099092
        ]
      },
      "properties": {
        "FD_1ST": "FD13",
        "owner": "Eugene",
        "elog_id": 10953,
        "sub_id": null,
        "ANGLE": 0,
        "OBJECTID": 1188,
        "Type": null,
        "EWEB_Page": "21M",
        "ESFD_Page": "262",
        "GlobalID": "{A38198B6-8B2C-44EE-9DEF-FA440D8813F1}",
        "layer": "hydrants",
        "source": "city-of-eugene-gis"
      }
    },
    {
      "type": "Feature",
      "id": "hydrants_205",
      "geometry": {
        "type": "Point",
        "coordinates": [
          -123.07786028827323,
          44.03899389105272
        ]
      },
      "properties": {
        "FD_1ST": "FD13",
        "owner": "Eugene",
        "elog_id": 10839,
        "sub_id": null,
        "ANGLE": 0,
        "OBJECTID": 1192,
        "Type": null,
        "EWEB_Page": "21M",
        "ESFD_Page": "262",
        "GlobalID": "{DA57895B-3E86-4334-80A3-F6BE0383F5BE}",
        "layer": "hydrants",
        "source": "city-of-eugene-gis"
      }
    },
    {
      "type": "Feature",
      "id": "hydrants_206",
      "geometry": {
        "type": "Point",
        "coordinates": [
          -123.0802963493292,
          44.03898985028001
        ]
      },
      "properties": {
        "FD_1ST": "FD13",
        "owner": "Eugene",
        "elog_id": 10725,
        "sub_id": null,
        "ANGLE": 0,
        "OBJECTID": 1195,
        "Type": null,
        "EWEB_Page": "20M",
        "ESFD_Page": "262",
        "GlobalID": "{82B52096-9549-42B5-94BE-3A2B358BA9D6}",
        "layer": "hydrants",
        "source": "city-of-eugene-gis"
      }
    },
    {
      "type": "Feature",
      "id": "hydrants_207",
      "geometry": {
        "type": "Point",
        "coordinates": [
          -123.11787345485874,
          44.037721176745286
        ]
      },
      "properties": {
        "FD_1ST": "FD02",
        "owner": "Eugene",
        "elog_id": 11504,
        "sub_id": null,
        "ANGLE": 0,
        "OBJECTID": 1208,
        "Type": null,
        "EWEB_Page": "17M",
        "ESFD_Page": "259",
        "GlobalID": "{809C8E0A-4E99-4F4D-BA55-15A05491702B}",
        "layer": "hydrants",
        "source": "city-of-eugene-gis"
      }
    },
    {
      "type": "Feature",
      "id": "hydrants_208",
      "geometry": {
        "type": "Point",
        "coordinates": [
          -123.08374272468245,
          44.0390587009482
        ]
      },
      "properties": {
        "FD_1ST": "FD13",
        "owner": "Eugene",
        "elog_id": 10138,
        "sub_id": null,
        "ANGLE": 0,
        "OBJECTID": 1211,
        "Type": null,
        "EWEB_Page": "20M",
        "ESFD_Page": "261",
        "GlobalID": "{C1EC2825-E02E-476A-8FF9-BCDEF931FA4C}",
        "layer": "hydrants",
        "source": "city-of-eugene-gis"
      }
    },
    {
      "type": "Feature",
      "id": "hydrants_209",
      "geometry": {
        "type": "Point",
        "coordinates": [
          -123.08678820129155,
          44.03911120313178
        ]
      },
      "properties": {
        "FD_1ST": "FD01",
        "owner": "Eugene",
        "elog_id": 922,
        "sub_id": null,
        "ANGLE": 0,
        "OBJECTID": 1217,
        "Type": null,
        "EWEB_Page": "20M",
        "ESFD_Page": "261",
        "GlobalID": "{C11DB349-E04F-4215-B2FD-3B61A9556672}",
        "layer": "hydrants",
        "source": "city-of-eugene-gis"
      }
    },
    {
      "type": "Feature",
      "id": "hydrants_210",
      "geometry": {
        "type": "Point",
        "coordinates": [
          -123.05735139133465,
          44.03957951532311
        ]
      },
      "properties": {
        "FD_1ST": "FD13",
        "owner": "Eugene",
        "elog_id": 11331,
        "sub_id": null,
        "ANGLE": 0,
        "OBJECTID": 1219,
        "Type": "Mueller",
        "EWEB_Page": "23M",
        "ESFD_Page": "263",
        "GlobalID": "{32A85D0D-542A-4E43-91EA-8CFA48828F9B}",
        "layer": "hydrants",
        "source": "city-of-eugene-gis"
      }
    },
    {
      "type": "Feature",
      "id": "hydrants_211",
      "geometry": {
        "type": "Point",
        "coordinates": [
          -123.09101078478594,
          44.0390136295242
        ]
      },
      "properties": {
        "FD_1ST": "FD01",
        "owner": "Eugene",
        "elog_id": 923,
        "sub_id": null,
        "ANGLE": 0,
        "OBJECTID": 1221,
        "Type": null,
        "EWEB_Page": "19M",
        "ESFD_Page": "261",
        "GlobalID": "{14F56F9B-1BC8-4D4C-A586-8F090F29436C}",
        "layer": "hydrants",
        "source": "city-of-eugene-gis"
      }
    },
    {
      "type": "Feature",
      "id": "hydrants_212",
      "geometry": {
        "type": "Point",
        "coordinates": [
          -123.09286517874476,
          44.039026221600984
        ]
      },
      "properties": {
        "FD_1ST": "FD01",
        "owner": "Eugene",
        "elog_id": 690,
        "sub_id": null,
        "ANGLE": 0,
        "OBJECTID": 1224,
        "Type": null,
        "EWEB_Page": "19M",
        "ESFD_Page": "261",
        "GlobalID": "{E5EB1981-837F-4167-A58F-6A18C741B32A}",
        "layer": "hydrants",
        "source": "city-of-eugene-gis"
      }
    },
    {
      "type": "Feature",
      "id": "hydrants_213",
      "geometry": {
        "type": "Point",
        "coordinates": [
          -123.11913189903441,
          44.03871853163112
        ]
      },
      "properties": {
        "FD_1ST": "FD02",
        "owner": "Eugene",
        "elog_id": 11584,
        "sub_id": null,
        "ANGLE": 0,
        "OBJECTID": 1227,
        "Type": "Mueller",
        "EWEB_Page": "17M",
        "ESFD_Page": "259",
        "GlobalID": "{8BB14123-B1AD-4F1B-85DF-CAF62DA1E9E0}",
        "layer": "hydrants",
        "source": "city-of-eugene-gis"
      }
    },
    {
      "type": "Feature",
      "id": "hydrants_214",
      "geometry": {
        "type": "Point",
        "coordinates": [
          -123.0940574573903,
          44.03901546277793
        ]
      },
      "properties": {
        "FD_1ST": "FD01",
        "owner": "Eugene",
        "elog_id": 76005,
        "sub_id": null,
        "ANGLE": 0,
        "OBJECTID": 1229,
        "Type": null,
        "EWEB_Page": "19M",
        "ESFD_Page": "261",
        "GlobalID": "{A7B57954-FF2E-4802-B908-4B04112390EF}",
        "layer": "hydrants",
        "source": "city-of-eugene-gis"
      }
    },
    {
      "type": "Feature",
      "id": "hydrants_215",
      "geometry": {
        "type": "Point",
        "coordinates": [
          -123.10703494359952,
          44.03890819723419
        ]
      },
      "properties": {
        "FD_1ST": "FD01",
        "owner": "Eugene",
        "elog_id": 96137,
        "sub_id": null,
        "ANGLE": 0,
        "OBJECTID": 1230,
        "Type": null,
        "EWEB_Page": "18M",
        "ESFD_Page": "260",
        "GlobalID": "{5FED07FF-1666-49A7-A308-59A55C5C7087}",
        "layer": "hydrants",
        "source": "city-of-eugene-gis"
      }
    },
    {
      "type": "Feature",
      "id": "hydrants_216",
      "geometry": {
        "type": "Point",
        "coordinates": [
          -123.08802750178378,
          44.03899243874695
        ]
      },
      "properties": {
        "FD_1ST": "FD01",
        "owner": "Eugene",
        "elog_id": 1601,
        "sub_id": null,
        "ANGLE": 0,
        "OBJECTID": 1231,
        "Type": null,
        "EWEB_Page": "20M",
        "ESFD_Page": "261",
        "GlobalID": "{284896C5-BD96-4FFC-B321-5B71FB280FDC}",
        "layer": "hydrants",
        "source": "city-of-eugene-gis"
      }
    },
    {
      "type": "Feature",
      "id": "hydrants_217",
      "geometry": {
        "type": "Point",
        "coordinates": [
          -123.11669212975586,
          44.038671880134224
        ]
      },
      "properties": {
        "FD_1ST": "FD02",
        "owner": "Eugene",
        "elog_id": 11051,
        "sub_id": null,
        "ANGLE": 0,
        "OBJECTID": 1234,
        "Type": "MU",
        "EWEB_Page": "17M",
        "ESFD_Page": "259",
        "GlobalID": "{D71A92A7-3828-4FEF-BE96-0784AB2DF2F7}",
        "layer": "hydrants",
        "source": "city-of-eugene-gis"
      }
    },
    {
      "type": "Feature",
      "id": "hydrants_218",
      "geometry": {
        "type": "Point",
        "coordinates": [
          -123.10978832386927,
          44.038869369630426
        ]
      },
      "properties": {
        "FD_1ST": "FD01",
        "owner": "Eugene",
        "elog_id": 2243,
        "sub_id": null,
        "ANGLE": 0,
        "OBJECTID": 1237,
        "Type": null,
        "EWEB_Page": "18M",
        "ESFD_Page": "260",
        "GlobalID": "{41C89D43-1FE7-47EF-8A77-26F93E5019CE}",
        "layer": "hydrants",
        "source": "city-of-eugene-gis"
      }
    },
    {
      "type": "Feature",
      "id": "hydrants_219",
      "geometry": {
        "type": "Point",
        "coordinates": [
          -123.09708790668465,
          44.0390913892012
        ]
      },
      "properties": {
        "FD_1ST": "FD01",
        "owner": "Eugene",
        "elog_id": 995,
        "sub_id": null,
        "ANGLE": 0,
        "OBJECTID": 1238,
        "Type": null,
        "EWEB_Page": "19M",
        "ESFD_Page": "260",
        "GlobalID": "{86E19604-EBBE-4CA2-91D4-39139685233F}",
        "layer": "hydrants",
        "source": "city-of-eugene-gis"
      }
    },
    {
      "type": "Feature",
      "id": "hydrants_220",
      "geometry": {
        "type": "Point",
        "coordinates": [
          -123.05481964464657,
          44.04004709613449
        ]
      },
      "properties": {
        "FD_1ST": "FD13",
        "owner": "Eugene",
        "elog_id": 1341,
        "sub_id": null,
        "ANGLE": 0,
        "OBJECTID": 1242,
        "Type": null,
        "EWEB_Page": "23M",
        "ESFD_Page": "263",
        "GlobalID": "{D0FC3CE5-7781-45DA-A62E-94F971767D7E}",
        "layer": "hydrants",
        "source": "city-of-eugene-gis"
      }
    },
    {
      "type": "Feature",
      "id": "hydrants_221",
      "geometry": {
        "type": "Point",
        "coordinates": [
          -123.10134315963458,
          44.03911343707129
        ]
      },
      "properties": {
        "FD_1ST": "FD01",
        "owner": "Eugene",
        "elog_id": 298,
        "sub_id": null,
        "ANGLE": 0,
        "OBJECTID": 1244,
        "Type": null,
        "EWEB_Page": "18M",
        "ESFD_Page": "260",
        "GlobalID": "{080068B0-C8A1-44E2-9095-FD04DEA6B098}",
        "layer": "hydrants",
        "source": "city-of-eugene-gis"
      }
    },
    {
      "type": "Feature",
      "id": "hydrants_222",
      "geometry": {
        "type": "Point",
        "coordinates": [
          -123.10425697404463,
          44.03902198600918
        ]
      },
      "properties": {
        "FD_1ST": "FD01",
        "owner": "Eugene",
        "elog_id": 297,
        "sub_id": null,
        "ANGLE": 0,
        "OBJECTID": 1246,
        "Type": null,
        "EWEB_Page": "18M",
        "ESFD_Page": "260",
        "GlobalID": "{2D05C613-67A9-4015-942B-B7A6C40A0254}",
        "layer": "hydrants",
        "source": "city-of-eugene-gis"
      }
    },
    {
      "type": "Feature",
      "id": "hydrants_223",
      "geometry": {
        "type": "Point",
        "coordinates": [
          -123.05884397661642,
          44.04035695405465
        ]
      },
      "properties": {
        "FD_1ST": "FD13",
        "owner": "Eugene",
        "elog_id": 10884,
        "sub_id": null,
        "ANGLE": 0,
        "OBJECTID": 1247,
        "Type": null,
        "EWEB_Page": "22M",
        "ESFD_Page": "263",
        "GlobalID": "{121EFF64-1A92-47F7-8E3E-8551479ABEC8}",
        "layer": "hydrants",
        "source": "city-of-eugene-gis"
      }
    },
    {
      "type": "Feature",
      "id": "hydrants_224",
      "geometry": {
        "type": "Point",
        "coordinates": [
          -123.07475214822867,
          44.03995419685845
        ]
      },
      "properties": {
        "FD_1ST": "FD13",
        "owner": "Eugene",
        "elog_id": 11179,
        "sub_id": null,
        "ANGLE": 0,
        "OBJECTID": 1251,
        "Type": null,
        "EWEB_Page": "21M",
        "ESFD_Page": "262",
        "GlobalID": "{FEF2520E-DF53-45B6-9146-9C78FE1E7444}",
        "layer": "hydrants",
        "source": "city-of-eugene-gis"
      }
    },
    {
      "type": "Feature",
      "id": "hydrants_225",
      "geometry": {
        "type": "Point",
        "coordinates": [
          -123.11231588342208,
          44.038865740792154
        ]
      },
      "properties": {
        "FD_1ST": "FD02",
        "owner": "Eugene",
        "elog_id": 11440,
        "sub_id": null,
        "ANGLE": 0,
        "OBJECTID": 1254,
        "Type": "Mueller",
        "EWEB_Page": "17M",
        "ESFD_Page": "259",
        "GlobalID": "{012E1BF3-CA77-4296-AA8B-07AB95591A2C}",
        "layer": "hydrants",
        "source": "city-of-eugene-gis"
      }
    },
    {
      "type": "Feature",
      "id": "hydrants_226",
      "geometry": {
        "type": "Point",
        "coordinates": [
          -123.07633457146889,
          44.039952085812686
        ]
      },
      "properties": {
        "FD_1ST": "FD13",
        "owner": "Eugene",
        "elog_id": 700,
        "sub_id": null,
        "ANGLE": 0,
        "OBJECTID": 1257,
        "Type": null,
        "EWEB_Page": "21M",
        "ESFD_Page": "262",
        "GlobalID": "{24642B30-2A75-45C6-97E6-34001A4DE7CA}",
        "layer": "hydrants",
        "source": "city-of-eugene-gis"
      }
    },
    {
      "type": "Feature",
      "id": "hydrants_227",
      "geometry": {
        "type": "Point",
        "coordinates": [
          -123.07939236862002,
          44.039955207827745
        ]
      },
      "properties": {
        "FD_1ST": "FD13",
        "owner": "Eugene",
        "elog_id": 698,
        "sub_id": null,
        "ANGLE": 0,
        "OBJECTID": 1259,
        "Type": null,
        "EWEB_Page": "21M",
        "ESFD_Page": "262",
        "GlobalID": "{054C62A2-BDA3-4BDD-A43F-4C1C1D822415}",
        "layer": "hydrants",
        "source": "city-of-eugene-gis"
      }
    },
    {
      "type": "Feature",
      "id": "hydrants_228",
      "geometry": {
        "type": "Point",
        "coordinates": [
          -123.07788247399536,
          44.039962022701566
        ]
      },
      "properties": {
        "FD_1ST": "FD13",
        "owner": "Eugene",
        "elog_id": 699,
        "sub_id": null,
        "ANGLE": 0,
        "OBJECTID": 1261,
        "Type": null,
        "EWEB_Page": "21M",
        "ESFD_Page": "262",
        "GlobalID": "{9F86D266-F7A5-4C31-8594-BECEE6898EE9}",
        "layer": "hydrants",
        "source": "city-of-eugene-gis"
      }
    },
    {
      "type": "Feature",
      "id": "hydrants_229",
      "geometry": {
        "type": "Point",
        "coordinates": [
          -123.06980673841576,
          44.04014422845187
        ]
      },
      "properties": {
        "FD_1ST": "FD13",
        "owner": "Eugene",
        "elog_id": 11277,
        "sub_id": null,
        "ANGLE": 0,
        "OBJECTID": 1263,
        "Type": null,
        "EWEB_Page": "21M",
        "ESFD_Page": "262",
        "GlobalID": "{A3FE2B03-2ECC-4B4A-A11E-D412A7715397}",
        "layer": "hydrants",
        "source": "city-of-eugene-gis"
      }
    },
    {
      "type": "Feature",
      "id": "hydrants_230",
      "geometry": {
        "type": "Point",
        "coordinates": [
          -123.05047187297268,
          44.04049158219928
        ]
      },
      "properties": {
        "FD_1ST": "FD13",
        "owner": "Eugene",
        "elog_id": 10892,
        "sub_id": null,
        "ANGLE": 0,
        "OBJECTID": 1264,
        "Type": null,
        "EWEB_Page": "23M",
        "ESFD_Page": "264",
        "GlobalID": "{F3F6883B-1FA5-4FCC-B668-00BD6B168672}",
        "layer": "hydrants",
        "source": "city-of-eugene-gis"
      }
    },
    {
      "type": "Feature",
      "id": "hydrants_231",
      "geometry": {
        "type": "Point",
        "coordinates": [
          -123.06070603150413,
          44.04025569264692
        ]
      },
      "properties": {
        "FD_1ST": "FD13",
        "owner": "Eugene",
        "elog_id": 82003,
        "sub_id": null,
        "ANGLE": 0,
        "OBJECTID": 1267,
        "Type": null,
        "EWEB_Page": "22M",
        "ESFD_Page": "263",
        "GlobalID": "{093B4582-15AB-4FD1-B7C4-D3D459962450}",
        "layer": "hydrants",
        "source": "city-of-eugene-gis"
      }
    },
    {
      "type": "Feature",
      "id": "hydrants_232",
      "geometry": {
        "type": "Point",
        "coordinates": [
          -123.05583548421136,
          44.04055786371003
        ]
      },
      "properties": {
        "FD_1ST": "FD13",
        "owner": "Eugene",
        "elog_id": 86008,
        "sub_id": null,
        "ANGLE": 0,
        "OBJECTID": 1273,
        "Type": null,
        "EWEB_Page": "23M",
        "ESFD_Page": "263",
        "GlobalID": "{EEBB8D1D-BB80-4635-8397-A2AE7844373E}",
        "layer": "hydrants",
        "source": "city-of-eugene-gis"
      }
    },
    {
      "type": "Feature",
      "id": "hydrants_233",
      "geometry": {
        "type": "Point",
        "coordinates": [
          -123.08983985293408,
          44.039969426585486
        ]
      },
      "properties": {
        "FD_1ST": "FD01",
        "owner": "Eugene",
        "elog_id": 10927,
        "sub_id": null,
        "ANGLE": 0,
        "OBJECTID": 1276,
        "Type": null,
        "EWEB_Page": "20M",
        "ESFD_Page": "261",
        "GlobalID": "{518F9ADF-F07F-4D7E-8D7E-118409F560F7}",
        "layer": "hydrants",
        "source": "city-of-eugene-gis"
      }
    },
    {
      "type": "Feature",
      "id": "hydrants_234",
      "geometry": {
        "type": "Point",
        "coordinates": [
          -123.09130938444592,
          44.03994954334955
        ]
      },
      "properties": {
        "FD_1ST": "FD01",
        "owner": "Eugene",
        "elog_id": 10886,
        "sub_id": null,
        "ANGLE": 0,
        "OBJECTID": 1281,
        "Type": null,
        "EWEB_Page": "19M",
        "ESFD_Page": "261",
        "GlobalID": "{2CB3E8C3-E9CE-4783-80DC-D511E3163C8E}",
        "layer": "hydrants",
        "source": "city-of-eugene-gis"
      }
    },
    {
      "type": "Feature",
      "id": "hydrants_235",
      "geometry": {
        "type": "Point",
        "coordinates": [
          -123.09303803464866,
          44.03995915474153
        ]
      },
      "properties": {
        "FD_1ST": "FD01",
        "owner": "Eugene",
        "elog_id": 11410,
        "sub_id": null,
        "ANGLE": 0,
        "OBJECTID": 1285,
        "Type": "Centurian",
        "EWEB_Page": "19M",
        "ESFD_Page": "261",
        "GlobalID": "{03920AD4-FB9C-42F0-8196-77EBAC4BA223}",
        "layer": "hydrants",
        "source": "city-of-eugene-gis"
      }
    },
    {
      "type": "Feature",
      "id": "hydrants_236",
      "geometry": {
        "type": "Point",
        "coordinates": [
          -123.08228804447214,
          44.04009090322317
        ]
      },
      "properties": {
        "FD_1ST": "FD13",
        "owner": "Eugene",
        "elog_id": 939,
        "sub_id": null,
        "ANGLE": 0,
        "OBJECTID": 1292,
        "Type": null,
        "EWEB_Page": "20M",
        "ESFD_Page": "262",
        "GlobalID": "{23B47FFE-6344-471E-807F-431E0AF4E168}",
        "layer": "hydrants",
        "source": "city-of-eugene-gis"
      }
    },
    {
      "type": "Feature",
      "id": "hydrants_237",
      "geometry": {
        "type": "Point",
        "coordinates": [
          -123.11759122364771,
          44.03929697869088
        ]
      },
      "properties": {
        "FD_1ST": "FD02",
        "owner": "Eugene",
        "elog_id": 11520,
        "sub_id": null,
        "ANGLE": 0,
        "OBJECTID": 1293,
        "Type": null,
        "EWEB_Page": "17M",
        "ESFD_Page": "259",
        "GlobalID": "{32443E82-A708-467E-B8ED-7BE95A054286}",
        "layer": "hydrants",
        "source": "city-of-eugene-gis"
      }
    },
    {
      "type": "Feature",
      "id": "hydrants_238",
      "geometry": {
        "type": "Point",
        "coordinates": [
          -123.11118329179993,
          44.03964191644642
        ]
      },
      "properties": {
        "FD_1ST": "FD02",
        "owner": "Eugene",
        "elog_id": 781,
        "sub_id": null,
        "ANGLE": 0,
        "OBJECTID": 1294,
        "Type": null,
        "EWEB_Page": "18M",
        "ESFD_Page": "259",
        "GlobalID": "{95426C23-087C-48A1-B2A3-ADB89970EF1E}",
        "layer": "hydrants",
        "source": "city-of-eugene-gis"
      }
    },
    {
      "type": "Feature",
      "id": "hydrants_239",
      "geometry": {
        "type": "Point",
        "coordinates": [
          -123.09685629549476,
          44.04003368062684
        ]
      },
      "properties": {
        "FD_1ST": "FD01",
        "owner": "Eugene",
        "elog_id": 633,
        "sub_id": null,
        "ANGLE": 0,
        "OBJECTID": 1296,
        "Type": null,
        "EWEB_Page": "19M",
        "ESFD_Page": "260",
        "GlobalID": "{AD4800B3-4EAF-4FCB-8FF6-0FAF485E0065}",
        "layer": "hydrants",
        "source": "city-of-eugene-gis"
      }
    },
    {
      "type": "Feature",
      "id": "hydrants_240",
      "geometry": {
        "type": "Point",
        "coordinates": [
          -123.10847715785223,
          44.039658892450454
        ]
      },
      "properties": {
        "FD_1ST": "FD01",
        "owner": "Eugene",
        "elog_id": 484,
        "sub_id": null,
        "ANGLE": 0,
        "OBJECTID": 1301,
        "Type": null,
        "EWEB_Page": "18M",
        "ESFD_Page": "260",
        "GlobalID": "{D48D94F1-98EC-4EB5-8CF9-E99CA9C57B8D}",
        "layer": "hydrants",
        "source": "city-of-eugene-gis"
      }
    },
    {
      "type": "Feature",
      "id": "hydrants_241",
      "geometry": {
        "type": "Point",
        "coordinates": [
          -123.08502980100042,
          44.04009601994033
        ]
      },
      "properties": {
        "FD_1ST": "FD01",
        "owner": "Eugene",
        "elog_id": 714,
        "sub_id": null,
        "ANGLE": 0,
        "OBJECTID": 1302,
        "Type": null,
        "EWEB_Page": "20M",
        "ESFD_Page": "261",
        "GlobalID": "{E54043DC-ECEB-49E6-990D-B45D273FC89E}",
        "layer": "hydrants",
        "source": "city-of-eugene-gis"
      }
    },
    {
      "type": "Feature",
      "id": "hydrants_242",
      "geometry": {
        "type": "Point",
        "coordinates": [
          -123.08834939138984,
          44.040112476893306
        ]
      },
      "properties": {
        "FD_1ST": "FD01",
        "owner": "Eugene",
        "elog_id": 1002,
        "sub_id": null,
        "ANGLE": 0,
        "OBJECTID": 1304,
        "Type": null,
        "EWEB_Page": "20M",
        "ESFD_Page": "261",
        "GlobalID": "{5B999D87-38E9-4095-BAAD-3A72127E8A05}",
        "layer": "hydrants",
        "source": "city-of-eugene-gis"
      }
    },
    {
      "type": "Feature",
      "id": "hydrants_243",
      "geometry": {
        "type": "Point",
        "coordinates": [
          -123.0942633874704,
          44.04014242772546
        ]
      },
      "properties": {
        "FD_1ST": "FD01",
        "owner": "Eugene",
        "elog_id": 11573,
        "sub_id": null,
        "ANGLE": 0,
        "OBJECTID": 1313,
        "Type": "Mueller",
        "EWEB_Page": "19M",
        "ESFD_Page": "261",
        "GlobalID": "{1CF0AA98-F907-4559-8AB7-9DFED0228768}",
        "layer": "hydrants",
        "source": "city-of-eugene-gis"
      }
    },
    {
      "type": "Feature",
      "id": "hydrants_244",
      "geometry": {
        "type": "Point",
        "coordinates": [
          -123.09572069818861,
          44.040109889656044
        ]
      },
      "properties": {
        "FD_1ST": "FD01",
        "owner": "Eugene",
        "elog_id": 634,
        "sub_id": null,
        "ANGLE": 0,
        "OBJECTID": 1315,
        "Type": null,
        "EWEB_Page": "19M",
        "ESFD_Page": "261",
        "GlobalID": "{1D53002E-C75E-4D2D-9C01-713F8F533080}",
        "layer": "hydrants",
        "source": "city-of-eugene-gis"
      }
    },
    {
      "type": "Feature",
      "id": "hydrants_245",
      "geometry": {
        "type": "Point",
        "coordinates": [
          -123.05327975940774,
          44.040673023969255
        ]
      },
      "properties": {
        "FD_1ST": "FD13",
        "owner": "Eugene",
        "elog_id": 99046,
        "sub_id": null,
        "ANGLE": 0,
        "OBJECTID": 1322,
        "Type": null,
        "EWEB_Page": "23M",
        "ESFD_Page": "264",
        "GlobalID": "{0C0E4348-6586-4BB8-A3C0-3F2CAE7FEA7B}",
        "layer": "hydrants",
        "source": "city-of-eugene-gis"
      }
    },
    {
      "type": "Feature",
      "id": "hydrants_246",
      "geometry": {
        "type": "Point",
        "coordinates": [
          -123.10275194340574,
          44.04014357942137
        ]
      },
      "properties": {
        "FD_1ST": "FD01",
        "owner": "Eugene",
        "elog_id": 10942,
        "sub_id": null,
        "ANGLE": 0,
        "OBJECTID": 1323,
        "Type": null,
        "EWEB_Page": "18M",
        "ESFD_Page": "260",
        "GlobalID": "{9500FBA5-69B3-425E-B6B1-31E4840F8A56}",
        "layer": "hydrants",
        "source": "city-of-eugene-gis"
      }
    },
    {
      "type": "Feature",
      "id": "hydrants_247",
      "geometry": {
        "type": "Point",
        "coordinates": [
          -123.05173751281444,
          44.0414647419808
        ]
      },
      "properties": {
        "FD_1ST": "FD13",
        "owner": "Eugene",
        "elog_id": 756,
        "sub_id": null,
        "ANGLE": 0,
        "OBJECTID": 1327,
        "Type": null,
        "EWEB_Page": "23M",
        "ESFD_Page": "264",
        "GlobalID": "{82DD0E8B-0118-4180-81CA-4951D437A60B}",
        "layer": "hydrants",
        "source": "city-of-eugene-gis"
      }
    },
    {
      "type": "Feature",
      "id": "hydrants_248",
      "geometry": {
        "type": "Point",
        "coordinates": [
          -123.06165597384661,
          44.04119122146566
        ]
      },
      "properties": {
        "FD_1ST": "FD13",
        "owner": "Eugene",
        "elog_id": 570,
        "sub_id": null,
        "ANGLE": 0,
        "OBJECTID": 1331,
        "Type": null,
        "EWEB_Page": "22M",
        "ESFD_Page": "263",
        "GlobalID": "{0B5650BB-66D9-4013-88B9-FAE1A459E8F5}",
        "layer": "hydrants",
        "source": "city-of-eugene-gis"
      }
    },
    {
      "type": "Feature",
      "id": "hydrants_249",
      "geometry": {
        "type": "Point",
        "coordinates": [
          -123.06323960060084,
          44.04119960772352
        ]
      },
      "properties": {
        "FD_1ST": "FD13",
        "owner": "Eugene",
        "elog_id": 918,
        "sub_id": null,
        "ANGLE": 0,
        "OBJECTID": 1332,
        "Type": null,
        "EWEB_Page": "22M",
        "ESFD_Page": "263",
        "GlobalID": "{441A6C6E-60D7-4B67-9BE6-68EC2406394F}",
        "layer": "hydrants",
        "source": "city-of-eugene-gis"
      }
    },
    {
      "type": "Feature",
      "id": "hydrants_250",
      "geometry": {
        "type": "Point",
        "coordinates": [
          -123.09991717993418,
          44.040421489767354
        ]
      },
      "properties": {
        "FD_1ST": "FD01",
        "owner": "Eugene",
        "elog_id": 1191,
        "sub_id": null,
        "ANGLE": 0,
        "OBJECTID": 1333,
        "Type": null,
        "EWEB_Page": "19M",
        "ESFD_Page": "260",
        "GlobalID": "{6A0D3721-AA6D-412B-AFCA-E1A53D5CE6FD}",
        "layer": "hydrants",
        "source": "city-of-eugene-gis"
      }
    },
    {
      "type": "Feature",
      "id": "hydrants_251",
      "geometry": {
        "type": "Point",
        "coordinates": [
          -123.06490325294544,
          44.04123310957909
        ]
      },
      "properties": {
        "FD_1ST": "FD13",
        "owner": "Eugene",
        "elog_id": 10847,
        "sub_id": null,
        "ANGLE": 0,
        "OBJECTID": 1334,
        "Type": null,
        "EWEB_Page": "22M",
        "ESFD_Page": "263",
        "GlobalID": "{FFB7517D-50DD-417C-8BAA-C981A35658E2}",
        "layer": "hydrants",
        "source": "city-of-eugene-gis"
      }
    },
    {
      "type": "Feature",
      "id": "hydrants_252",
      "geometry": {
        "type": "Point",
        "coordinates": [
          -123.06980260996016,
          44.04119683556568
        ]
      },
      "properties": {
        "FD_1ST": "FD13",
        "owner": "Eugene",
        "elog_id": 11276,
        "sub_id": null,
        "ANGLE": 0,
        "OBJECTID": 1336,
        "Type": null,
        "EWEB_Page": "21M",
        "ESFD_Page": "262",
        "GlobalID": "{1DB2D4D0-4E9C-4051-99D1-01C65477952F}",
        "layer": "hydrants",
        "source": "city-of-eugene-gis"
      }
    },
    {
      "type": "Feature",
      "id": "hydrants_253",
      "geometry": {
        "type": "Point",
        "coordinates": [
          -123.0789329169949,
          44.0409929250822
        ]
      },
      "properties": {
        "FD_1ST": "FD13",
        "owner": "UO",
        "elog_id": 5057,
        "sub_id": null,
        "ANGLE": 0,
        "OBJECTID": 1337,
        "Type": null,
        "EWEB_Page": "21M",
        "ESFD_Page": "262",
        "GlobalID": "{26C88927-F80E-48BF-BA68-2EEC02A57D06}",
        "layer": "hydrants",
        "source": "city-of-eugene-gis"
      }
    },
    {
      "type": "Feature",
      "id": "hydrants_254",
      "geometry": {
        "type": "Point",
        "coordinates": [
          -123.11260209702904,
          44.04020581507053
        ]
      },
      "properties": {
        "FD_1ST": "FD02",
        "owner": "Eugene",
        "elog_id": 11437,
        "sub_id": null,
        "ANGLE": 0,
        "OBJECTID": 1340,
        "Type": "Mueller",
        "EWEB_Page": "17M",
        "ESFD_Page": "259",
        "GlobalID": "{C5CD0778-799C-4F6F-9DB8-87BD67882582}",
        "layer": "hydrants",
        "source": "city-of-eugene-gis"
      }
    },
    {
      "type": "Feature",
      "id": "hydrants_255",
      "geometry": {
        "type": "Point",
        "coordinates": [
          -123.06653161326392,
          44.04115843437571
        ]
      },
      "properties": {
        "FD_1ST": "FD13",
        "owner": "Eugene",
        "elog_id": 11143,
        "sub_id": null,
        "ANGLE": 0,
        "OBJECTID": 1341,
        "Type": null,
        "EWEB_Page": "22M",
        "ESFD_Page": "263",
        "GlobalID": "{FF4497CF-5D2C-4CE6-931B-337A47F5C62B}",
        "layer": "hydrants",
        "source": "city-of-eugene-gis"
      }
    },
    {
      "type": "Feature",
      "id": "hydrants_256",
      "geometry": {
        "type": "Point",
        "coordinates": [
          -123.10380263191067,
          44.040366149973565
        ]
      },
      "properties": {
        "FD_1ST": "FD01",
        "owner": "Eugene",
        "elog_id": 921,
        "sub_id": null,
        "ANGLE": 0,
        "OBJECTID": 1342,
        "Type": null,
        "EWEB_Page": "18M",
        "ESFD_Page": "260",
        "GlobalID": "{310B115E-C2CE-4A88-BC9F-74CAF1A65167}",
        "layer": "hydrants",
        "source": "city-of-eugene-gis"
      }
    },
    {
      "type": "Feature",
      "id": "hydrants_257",
      "geometry": {
        "type": "Point",
        "coordinates": [
          -123.0574586194278,
          44.0415657030755
        ]
      },
      "properties": {
        "FD_1ST": "FD13",
        "owner": "Eugene",
        "elog_id": 994,
        "sub_id": null,
        "ANGLE": 0,
        "OBJECTID": 1343,
        "Type": null,
        "EWEB_Page": "23M",
        "ESFD_Page": "263",
        "GlobalID": "{8F0595D8-3C61-4948-9FC6-2AC3FFF325E2}",
        "layer": "hydrants",
        "source": "city-of-eugene-gis"
      }
    },
    {
      "type": "Feature",
      "id": "hydrants_258",
      "geometry": {
        "type": "Point",
        "coordinates": [
          -123.06812238383512,
          44.041165267066674
        ]
      },
      "properties": {
        "FD_1ST": "FD13",
        "owner": "Eugene",
        "elog_id": 852,
        "sub_id": null,
        "ANGLE": 0,
        "OBJECTID": 1345,
        "Type": null,
        "EWEB_Page": "22M",
        "ESFD_Page": "263",
        "GlobalID": "{1B4C2BB4-F92E-4044-A56D-3EBAE79FBDED}",
        "layer": "hydrants",
        "source": "city-of-eugene-gis"
      }
    },
    {
      "type": "Feature",
      "id": "hydrants_259",
      "geometry": {
        "type": "Point",
        "coordinates": [
          -123.10535654832097,
          44.040351008360275
        ]
      },
      "properties": {
        "FD_1ST": "FD01",
        "owner": "Eugene",
        "elog_id": 99012,
        "sub_id": null,
        "ANGLE": 0,
        "OBJECTID": 1346,
        "Type": null,
        "EWEB_Page": "18M",
        "ESFD_Page": "260",
        "GlobalID": "{167496BA-9D31-491D-A695-724127DE2FC7}",
        "layer": "hydrants",
        "source": "city-of-eugene-gis"
      }
    },
    {
      "type": "Feature",
      "id": "hydrants_260",
      "geometry": {
        "type": "Point",
        "coordinates": [
          -123.08374441452563,
          44.041014671303984
        ]
      },
      "properties": {
        "FD_1ST": "FD01",
        "owner": "Eugene",
        "elog_id": 1164,
        "sub_id": null,
        "ANGLE": 0,
        "OBJECTID": 1350,
        "Type": null,
        "EWEB_Page": "20M",
        "ESFD_Page": "261",
        "GlobalID": "{DD602145-146E-40BC-9263-6DAE8CD4620B}",
        "layer": "hydrants",
        "source": "city-of-eugene-gis"
      }
    },
    {
      "type": "Feature",
      "id": "hydrants_261",
      "geometry": {
        "type": "Point",
        "coordinates": [
          -123.07362197617718,
          44.041302146707984
        ]
      },
      "properties": {
        "FD_1ST": "FD13",
        "owner": "UO",
        "elog_id": 5059,
        "sub_id": null,
        "ANGLE": 0,
        "OBJECTID": 1355,
        "Type": null,
        "EWEB_Page": "21M",
        "ESFD_Page": "262",
        "GlobalID": "{1EC6D706-1612-4CB9-9992-A7D4F935EEE9}",
        "layer": "hydrants",
        "source": "city-of-eugene-gis"
      }
    },
    {
      "type": "Feature",
      "id": "hydrants_262",
      "geometry": {
        "type": "Point",
        "coordinates": [
          -123.10962617610708,
          44.04039599937571
        ]
      },
      "properties": {
        "FD_1ST": "FD01",
        "owner": "Eugene",
        "elog_id": 10959,
        "sub_id": null,
        "ANGLE": 0,
        "OBJECTID": 1357,
        "Type": null,
        "EWEB_Page": "18M",
        "ESFD_Page": "260",
        "GlobalID": "{14E772D2-DA4C-4357-88E7-AEC0F9B419D7}",
        "layer": "hydrants",
        "source": "city-of-eugene-gis"
      }
    },
    {
      "type": "Feature",
      "id": "hydrants_263",
      "geometry": {
        "type": "Point",
        "coordinates": [
          -123.07449969793426,
          44.04126352450931
        ]
      },
      "properties": {
        "FD_1ST": "FD13",
        "owner": "UO",
        "elog_id": 5590,
        "sub_id": null,
        "ANGLE": 0,
        "OBJECTID": 1358,
        "Type": null,
        "EWEB_Page": "21M",
        "ESFD_Page": "262",
        "GlobalID": "{C1461932-1BC2-4080-B141-9BDE978D73FD}",
        "layer": "hydrants",
        "source": "city-of-eugene-gis"
      }
    },
    {
      "type": "Feature",
      "id": "hydrants_264",
      "geometry": {
        "type": "Point",
        "coordinates": [
          -123.11791781101138,
          44.040292054383066
        ]
      },
      "properties": {
        "FD_1ST": "FD02",
        "owner": "Eugene",
        "elog_id": 2057,
        "sub_id": null,
        "ANGLE": 0,
        "OBJECTID": 1363,
        "Type": null,
        "EWEB_Page": "17M",
        "ESFD_Page": "259",
        "GlobalID": "{A79E8E76-EF65-4466-947A-893D6320C6FB}",
        "layer": "hydrants",
        "source": "city-of-eugene-gis"
      }
    },
    {
      "type": "Feature",
      "id": "hydrants_265",
      "geometry": {
        "type": "Point",
        "coordinates": [
          -123.08679130484772,
          44.04100870334989
        ]
      },
      "properties": {
        "FD_1ST": "FD01",
        "owner": "Eugene",
        "elog_id": 903,
        "sub_id": null,
        "ANGLE": 0,
        "OBJECTID": 1365,
        "Type": null,
        "EWEB_Page": "20M",
        "ESFD_Page": "261",
        "GlobalID": "{12244B3C-B29D-4FDD-9D30-3F5661A7C657}",
        "layer": "hydrants",
        "source": "city-of-eugene-gis"
      }
    },
    {
      "type": "Feature",
      "id": "hydrants_266",
      "geometry": {
        "type": "Point",
        "coordinates": [
          -123.12040565336743,
          44.04036255212402
        ]
      },
      "properties": {
        "FD_1ST": "FD02",
        "owner": "Eugene",
        "elog_id": 81014,
        "sub_id": null,
        "ANGLE": 0,
        "OBJECTID": 1372,
        "Type": null,
        "EWEB_Page": "17M",
        "ESFD_Page": "259",
        "GlobalID": "{FB24BFA6-6B12-4905-AF14-CD24D0B4AAB4}",
        "layer": "hydrants",
        "source": "city-of-eugene-gis"
      }
    },
    {
      "type": "Feature",
      "id": "hydrants_267",
      "geometry": {
        "type": "Point",
        "coordinates": [
          -123.09139810763641,
          44.041188455005205
        ]
      },
      "properties": {
        "FD_1ST": "FD01",
        "owner": "Eugene",
        "elog_id": 11404,
        "sub_id": null,
        "ANGLE": 0,
        "OBJECTID": 1376,
        "Type": "Centurian",
        "EWEB_Page": "19M",
        "ESFD_Page": "261",
        "GlobalID": "{0B0770D7-4B2F-4E1A-B199-497ADDF434C5}",
        "layer": "hydrants",
        "source": "city-of-eugene-gis"
      }
    },
    {
      "type": "Feature",
      "id": "hydrants_268",
      "geometry": {
        "type": "Point",
        "coordinates": [
          -123.0822874220182,
          44.04118308235702
        ]
      },
      "properties": {
        "FD_1ST": "FD13",
        "owner": "Eugene",
        "elog_id": 10005,
        "sub_id": null,
        "ANGLE": 0,
        "OBJECTID": 1380,
        "Type": null,
        "EWEB_Page": "20M",
        "ESFD_Page": "262",
        "GlobalID": "{BCDB1B53-071E-4A11-814C-815A7CE63ABA}",
        "layer": "hydrants",
        "source": "city-of-eugene-gis"
      }
    },
    {
      "type": "Feature",
      "id": "hydrants_269",
      "geometry": {
        "type": "Point",
        "coordinates": [
          -123.08033957274364,
          44.04118223816507
        ]
      },
      "properties": {
        "FD_1ST": "FD13",
        "owner": "Eugene",
        "elog_id": 1368,
        "sub_id": null,
        "ANGLE": 0,
        "OBJECTID": 1382,
        "Type": null,
        "EWEB_Page": "20M",
        "ESFD_Page": "262",
        "GlobalID": "{EF0B2A78-DF91-4533-B5EE-E071063D2E8F}",
        "layer": "hydrants",
        "source": "city-of-eugene-gis"
      }
    },
    {
      "type": "Feature",
      "id": "hydrants_270",
      "geometry": {
        "type": "Point",
        "coordinates": [
          -123.0559232293393,
          44.04184229725891
        ]
      },
      "properties": {
        "FD_1ST": "FD13",
        "owner": "Eugene",
        "elog_id": 614,
        "sub_id": null,
        "ANGLE": 0,
        "OBJECTID": 1390,
        "Type": null,
        "EWEB_Page": "23M",
        "ESFD_Page": "263",
        "GlobalID": "{981B331C-7EC4-4694-9B94-7A22EFD3DDE5}",
        "layer": "hydrants",
        "source": "city-of-eugene-gis"
      }
    },
    {
      "type": "Feature",
      "id": "hydrants_271",
      "geometry": {
        "type": "Point",
        "coordinates": [
          -123.08836843442958,
          44.04118825574762
        ]
      },
      "properties": {
        "FD_1ST": "FD01",
        "owner": "Eugene",
        "elog_id": 11417,
        "sub_id": null,
        "ANGLE": 0,
        "OBJECTID": 1400,
        "Type": "Centurian",
        "EWEB_Page": "20M",
        "ESFD_Page": "261",
        "GlobalID": "{12D8A44B-A010-47BA-B599-C5217C55C93B}",
        "layer": "hydrants",
        "source": "city-of-eugene-gis"
      }
    },
    {
      "type": "Feature",
      "id": "hydrants_272",
      "geometry": {
        "type": "Point",
        "coordinates": [
          -123.10134176099021,
          44.0410702238102
        ]
      },
      "properties": {
        "FD_1ST": "FD01",
        "owner": "Eugene",
        "elog_id": 885,
        "sub_id": null,
        "ANGLE": 0,
        "OBJECTID": 1404,
        "Type": null,
        "EWEB_Page": "18M",
        "ESFD_Page": "260",
        "GlobalID": "{780D6F58-EB77-4E61-A694-F251A32F252F}",
        "layer": "hydrants",
        "source": "city-of-eugene-gis"
      }
    },
    {
      "type": "Feature",
      "id": "hydrants_273",
      "geometry": {
        "type": "Point",
        "coordinates": [
          -123.09285053276886,
          44.04124013628508
        ]
      },
      "properties": {
        "FD_1ST": "FD01",
        "owner": "Eugene",
        "elog_id": 565,
        "sub_id": null,
        "ANGLE": 0,
        "OBJECTID": 1407,
        "Type": null,
        "EWEB_Page": "19M",
        "ESFD_Page": "261",
        "GlobalID": "{BF7DACE1-E99B-497F-958D-3D74231DA66E}",
        "layer": "hydrants",
        "source": "city-of-eugene-gis"
      }
    },
    {
      "type": "Feature",
      "id": "hydrants_274",
      "geometry": {
        "type": "Point",
        "coordinates": [
          -123.11262487612042,
          44.041082127172
        ]
      },
      "properties": {
        "FD_1ST": "FD02",
        "owner": "Eugene",
        "elog_id": 95060,
        "sub_id": null,
        "ANGLE": 0,
        "OBJECTID": 1411,
        "Type": null,
        "EWEB_Page": "17M",
        "ESFD_Page": "259",
        "GlobalID": "{0A7F8699-9615-4DDD-8768-ED6CE13553E9}",
        "layer": "hydrants",
        "source": "city-of-eugene-gis"
      }
    },
    {
      "type": "Feature",
      "id": "hydrants_275",
      "geometry": {
        "type": "Point",
        "coordinates": [
          -123.07756060565941,
          44.041918169962614
        ]
      },
      "properties": {
        "FD_1ST": "FD13",
        "owner": "UO",
        "elog_id": 5061,
        "sub_id": null,
        "ANGLE": 0,
        "OBJECTID": 1412,
        "Type": null,
        "EWEB_Page": "21M",
        "ESFD_Page": "262",
        "GlobalID": "{8C387743-FCA0-49E8-8F44-E7D89700C4E9}",
        "layer": "hydrants",
        "source": "city-of-eugene-gis"
      }
    },
    {
      "type": "Feature",
      "id": "hydrants_276",
      "geometry": {
        "type": "Point",
        "coordinates": [
          -123.09571764078392,
          44.041203455027045
        ]
      },
      "properties": {
        "FD_1ST": "FD01",
        "owner": "Eugene",
        "elog_id": 271,
        "sub_id": null,
        "ANGLE": 0,
        "OBJECTID": 1413,
        "Type": null,
        "EWEB_Page": "19M",
        "ESFD_Page": "261",
        "GlobalID": "{AEA772BD-08EA-4FBB-AE5E-436DBE042665}",
        "layer": "hydrants",
        "source": "city-of-eugene-gis"
      }
    },
    {
      "type": "Feature",
      "id": "hydrants_277",
      "geometry": {
        "type": "Point",
        "coordinates": [
          -123.09710391239615,
          44.0412571209325
        ]
      },
      "properties": {
        "FD_1ST": "FD01",
        "owner": "Eugene",
        "elog_id": 270,
        "sub_id": null,
        "ANGLE": 0,
        "OBJECTID": 1418,
        "Type": null,
        "EWEB_Page": "19M",
        "ESFD_Page": "260",
        "GlobalID": "{928E08CB-9DBE-44A3-AC7C-00DDD0BB8B5B}",
        "layer": "hydrants",
        "source": "city-of-eugene-gis"
      }
    },
    {
      "type": "Feature",
      "id": "hydrants_278",
      "geometry": {
        "type": "Point",
        "coordinates": [
          -123.09850256350333,
          44.04129465770206
        ]
      },
      "properties": {
        "FD_1ST": "FD01",
        "owner": "Eugene",
        "elog_id": 1307,
        "sub_id": null,
        "ANGLE": 0,
        "OBJECTID": 1420,
        "Type": null,
        "EWEB_Page": "19M",
        "ESFD_Page": "260",
        "GlobalID": "{D95D23DC-BE0A-4E7E-AEEF-31DC13FD42F4}",
        "layer": "hydrants",
        "source": "city-of-eugene-gis"
      }
    },
    {
      "type": "Feature",
      "id": "hydrants_279",
      "geometry": {
        "type": "Point",
        "coordinates": [
          -123.07351405133255,
          44.041970864315985
        ]
      },
      "properties": {
        "FD_1ST": "FD13",
        "owner": "UO",
        "elog_id": 5058,
        "sub_id": null,
        "ANGLE": 0,
        "OBJECTID": 1422,
        "Type": null,
        "EWEB_Page": "21M",
        "ESFD_Page": "262",
        "GlobalID": "{0155A30D-3364-41C5-A427-13105D44A2F6}",
        "layer": "hydrants",
        "source": "city-of-eugene-gis"
      }
    },
    {
      "type": "Feature",
      "id": "hydrants_280",
      "geometry": {
        "type": "Point",
        "coordinates": [
          -123.07876160793884,
          44.04205869365198
        ]
      },
      "properties": {
        "FD_1ST": "FD13",
        "owner": "UO",
        "elog_id": 5049,
        "sub_id": null,
        "ANGLE": 0,
        "OBJECTID": 1431,
        "Type": null,
        "EWEB_Page": "21M",
        "ESFD_Page": "262",
        "GlobalID": "{A3043742-ADA5-4370-8F29-B407C2A0CDD3}",
        "layer": "hydrants",
        "source": "city-of-eugene-gis"
      }
    },
    {
      "type": "Feature",
      "id": "hydrants_281",
      "geometry": {
        "type": "Point",
        "coordinates": [
          -123.10729837924909,
          44.04117372026834
        ]
      },
      "properties": {
        "FD_1ST": "FD01",
        "owner": "Eugene",
        "elog_id": 267,
        "sub_id": null,
        "ANGLE": 0,
        "OBJECTID": 1435,
        "Type": null,
        "EWEB_Page": "18M",
        "ESFD_Page": "260",
        "GlobalID": "{6626B614-974F-496A-B03E-7F3DF8C6A893}",
        "layer": "hydrants",
        "source": "city-of-eugene-gis"
      }
    },
    {
      "type": "Feature",
      "id": "hydrants_282",
      "geometry": {
        "type": "Point",
        "coordinates": [
          -123.0697985479828,
          44.041938688094554
        ]
      },
      "properties": {
        "FD_1ST": "FD13",
        "owner": "Eugene",
        "elog_id": 11275,
        "sub_id": null,
        "ANGLE": 0,
        "OBJECTID": 1441,
        "Type": null,
        "EWEB_Page": "21M",
        "ESFD_Page": "262",
        "GlobalID": "{97897E7E-AD00-4FC2-BC08-8AFA8AD84D9E}",
        "layer": "hydrants",
        "source": "city-of-eugene-gis"
      }
    },
    {
      "type": "Feature",
      "id": "hydrants_283",
      "geometry": {
        "type": "Point",
        "coordinates": [
          -123.11113267829288,
          44.04124388159056
        ]
      },
      "properties": {
        "FD_1ST": "FD01",
        "owner": "Eugene",
        "elog_id": 476,
        "sub_id": null,
        "ANGLE": 0,
        "OBJECTID": 1444,
        "Type": null,
        "EWEB_Page": "18M",
        "ESFD_Page": "260",
        "GlobalID": "{8B5668FC-4A3B-4A51-94E9-CCF9C2226165}",
        "layer": "hydrants",
        "source": "city-of-eugene-gis"
      }
    },
    {
      "type": "Feature",
      "id": "hydrants_284",
      "geometry": {
        "type": "Point",
        "coordinates": [
          -123.07449936205819,
          44.04222406952802
        ]
      },
      "properties": {
        "FD_1ST": "FD13",
        "owner": "UO",
        "elog_id": 5060,
        "sub_id": null,
        "ANGLE": 0,
        "OBJECTID": 1445,
        "Type": null,
        "EWEB_Page": "21M",
        "ESFD_Page": "262",
        "GlobalID": "{7506908D-5382-4AC6-9B15-3D32A121332B}",
        "layer": "hydrants",
        "source": "city-of-eugene-gis"
      }
    },
    {
      "type": "Feature",
      "id": "hydrants_285",
      "geometry": {
        "type": "Point",
        "coordinates": [
          -123.11948158962241,
          44.04131901090042
        ]
      },
      "properties": {
        "FD_1ST": "FD02",
        "owner": "Eugene",
        "elog_id": 949,
        "sub_id": null,
        "ANGLE": 0,
        "OBJECTID": 1464,
        "Type": null,
        "EWEB_Page": "17M",
        "ESFD_Page": "259",
        "GlobalID": "{57AAD9FA-1339-4151-8533-1083C0493567}",
        "layer": "hydrants",
        "source": "city-of-eugene-gis"
      }
    },
    {
      "type": "Feature",
      "id": "hydrants_286",
      "geometry": {
        "type": "Point",
        "coordinates": [
          -123.07258627702208,
          44.04249918797041
        ]
      },
      "properties": {
        "FD_1ST": "FD13",
        "owner": null,
        "elog_id": 5591,
        "sub_id": null,
        "ANGLE": 0,
        "OBJECTID": 1465,
        "Type": null,
        "EWEB_Page": "21M",
        "ESFD_Page": "262",
        "GlobalID": "{A9A27E34-DD20-4FD9-8C0C-48332E355171}",
        "layer": "hydrants",
        "source": "city-of-eugene-gis"
      }
    },
    {
      "type": "Feature",
      "id": "hydrants_287",
      "geometry": {
        "type": "Point",
        "coordinates": [
          -123.05995216390619,
          44.04264590878489
        ]
      },
      "properties": {
        "FD_1ST": "FD13",
        "owner": "Eugene",
        "elog_id": 78001,
        "sub_id": null,
        "ANGLE": 0,
        "OBJECTID": 1468,
        "Type": null,
        "EWEB_Page": "22M",
        "ESFD_Page": "263",
        "GlobalID": "{5EB7C8BC-D5E7-48D2-9656-6CA82EAF9C8C}",
        "layer": "hydrants",
        "source": "city-of-eugene-gis"
      }
    },
    {
      "type": "Feature",
      "id": "hydrants_288",
      "geometry": {
        "type": "Point",
        "coordinates": [
          -123.11790756358653,
          44.04148398525237
        ]
      },
      "properties": {
        "FD_1ST": "FD02",
        "owner": "Eugene",
        "elog_id": 2054,
        "sub_id": null,
        "ANGLE": 0,
        "OBJECTID": 1474,
        "Type": null,
        "EWEB_Page": "17M",
        "ESFD_Page": "259",
        "GlobalID": "{7EC529DC-D891-4940-B7D6-445E31E5D9A3}",
        "layer": "hydrants",
        "source": "city-of-eugene-gis"
      }
    },
    {
      "type": "Feature",
      "id": "hydrants_289",
      "geometry": {
        "type": "Point",
        "coordinates": [
          -123.08033625832766,
          44.04227055007363
        ]
      },
      "properties": {
        "FD_1ST": "FD13",
        "owner": "Eugene",
        "elog_id": 10875,
        "sub_id": null,
        "ANGLE": 0,
        "OBJECTID": 1476,
        "Type": null,
        "EWEB_Page": "20M",
        "ESFD_Page": "262",
        "GlobalID": "{0660803E-A345-4CA9-AF51-A49653999BA7}",
        "layer": "hydrants",
        "source": "city-of-eugene-gis"
      }
    },
    {
      "type": "Feature",
      "id": "hydrants_290",
      "geometry": {
        "type": "Point",
        "coordinates": [
          -123.08227455794986,
          44.04227470675183
        ]
      },
      "properties": {
        "FD_1ST": "FD01",
        "owner": "Eugene",
        "elog_id": 2218,
        "sub_id": null,
        "ANGLE": 0,
        "OBJECTID": 1479,
        "Type": null,
        "EWEB_Page": "20M",
        "ESFD_Page": "262",
        "GlobalID": "{360F57E3-EE4A-4E18-976D-9EACADE4D32B}",
        "layer": "hydrants",
        "source": "city-of-eugene-gis"
      }
    },
    {
      "type": "Feature",
      "id": "hydrants_291",
      "geometry": {
        "type": "Point",
        "coordinates": [
          -123.08350531684397,
          44.042277695426776
        ]
      },
      "properties": {
        "FD_1ST": "FD01",
        "owner": "Eugene",
        "elog_id": 11145,
        "sub_id": null,
        "ANGLE": 0,
        "OBJECTID": 1486,
        "Type": null,
        "EWEB_Page": "20M",
        "ESFD_Page": "261",
        "GlobalID": "{3B2F2B75-3508-42D3-A1B7-53759655BB05}",
        "layer": "hydrants",
        "source": "city-of-eugene-gis"
      }
    },
    {
      "type": "Feature",
      "id": "hydrants_292",
      "geometry": {
        "type": "Point",
        "coordinates": [
          -123.08501934405047,
          44.04227995930359
        ]
      },
      "properties": {
        "FD_1ST": "FD01",
        "owner": "Eugene",
        "elog_id": 1256,
        "sub_id": null,
        "ANGLE": 0,
        "OBJECTID": 1493,
        "Type": null,
        "EWEB_Page": "20M",
        "ESFD_Page": "261",
        "GlobalID": "{19164D55-41D3-4091-A88B-FD186FA9E747}",
        "layer": "hydrants",
        "source": "city-of-eugene-gis"
      }
    },
    {
      "type": "Feature",
      "id": "hydrants_293",
      "geometry": {
        "type": "Point",
        "coordinates": [
          -123.05453353268311,
          44.042861817225855
        ]
      },
      "properties": {
        "FD_1ST": "FD13",
        "owner": "Eugene",
        "elog_id": 1226,
        "sub_id": null,
        "ANGLE": 0,
        "OBJECTID": 1495,
        "Type": null,
        "EWEB_Page": "23M",
        "ESFD_Page": "263",
        "GlobalID": "{A90D5973-8A28-4485-8A81-3933701D0349}",
        "layer": "hydrants",
        "source": "city-of-eugene-gis"
      }
    },
    {
      "type": "Feature",
      "id": "hydrants_294",
      "geometry": {
        "type": "Point",
        "coordinates": [
          -123.08656129505697,
          44.04228005226182
        ]
      },
      "properties": {
        "FD_1ST": "FD01",
        "owner": "Eugene",
        "elog_id": 2222,
        "sub_id": null,
        "ANGLE": 0,
        "OBJECTID": 1497,
        "Type": null,
        "EWEB_Page": "20M",
        "ESFD_Page": "261",
        "GlobalID": "{5EA3991E-6649-452D-ABDA-2191821C50D8}",
        "layer": "hydrants",
        "source": "city-of-eugene-gis"
      }
    },
    {
      "type": "Feature",
      "id": "hydrants_295",
      "geometry": {
        "type": "Point",
        "coordinates": [
          -123.10957142055943,
          44.04192049765258
        ]
      },
      "properties": {
        "FD_1ST": "FD01",
        "owner": "Eugene",
        "elog_id": 674,
        "sub_id": null,
        "ANGLE": 0,
        "OBJECTID": 1499,
        "Type": null,
        "EWEB_Page": "18M",
        "ESFD_Page": "260",
        "GlobalID": "{DE7BBFBD-D0DB-4A95-BF38-3C350AF31A43}",
        "layer": "hydrants",
        "source": "city-of-eugene-gis"
      }
    },
    {
      "type": "Feature",
      "id": "hydrants_296",
      "geometry": {
        "type": "Point",
        "coordinates": [
          -123.0882819283159,
          44.04231337372298
        ]
      },
      "properties": {
        "FD_1ST": "FD01",
        "owner": "Eugene",
        "elog_id": 1620,
        "sub_id": null,
        "ANGLE": 0,
        "OBJECTID": 1502,
        "Type": null,
        "EWEB_Page": "20M",
        "ESFD_Page": "261",
        "GlobalID": "{2DEA89DF-3F5F-4D44-A7BD-520F4E1C4F06}",
        "layer": "hydrants",
        "source": "city-of-eugene-gis"
      }
    },
    {
      "type": "Feature",
      "id": "hydrants_297",
      "geometry": {
        "type": "Point",
        "coordinates": [
          -123.05301217600679,
          44.043164283192574
        ]
      },
      "properties": {
        "FD_1ST": "FD13",
        "owner": "Eugene",
        "elog_id": 930,
        "sub_id": null,
        "ANGLE": 0,
        "OBJECTID": 1503,
        "Type": null,
        "EWEB_Page": "23N",
        "ESFD_Page": "264",
        "GlobalID": "{1034C18A-D5A6-4732-8C05-556D9EACB57D}",
        "layer": "hydrants",
        "source": "city-of-eugene-gis"
      }
    },
    {
      "type": "Feature",
      "id": "hydrants_298",
      "geometry": {
        "type": "Point",
        "coordinates": [
          -123.05750906534412,
          44.042983127209354
        ]
      },
      "properties": {
        "FD_1ST": "FD13",
        "owner": "Eugene",
        "elog_id": 394,
        "sub_id": null,
        "ANGLE": 0,
        "OBJECTID": 1505,
        "Type": null,
        "EWEB_Page": "23M",
        "ESFD_Page": "263",
        "GlobalID": "{CE36A866-FFBA-4AD4-B4EF-A27320003E37}",
        "layer": "hydrants",
        "source": "city-of-eugene-gis"
      }
    },
    {
      "type": "Feature",
      "id": "hydrants_299",
      "geometry": {
        "type": "Point",
        "coordinates": [
          -123.10564851092633,
          44.0419703278014
        ]
      },
      "properties": {
        "FD_1ST": "FD01",
        "owner": "Eugene",
        "elog_id": 609,
        "sub_id": null,
        "ANGLE": 0,
        "OBJECTID": 1508,
        "Type": null,
        "EWEB_Page": "18M",
        "ESFD_Page": "260",
        "GlobalID": "{B953EFFD-DADB-43F6-B37E-078F6945CDFE}",
        "layer": "hydrants",
        "source": "city-of-eugene-gis"
      }
    },
    {
      "type": "Feature",
      "id": "hydrants_300",
      "geometry": {
        "type": "Point",
        "coordinates": [
          -123.08982103708479,
          44.04228060040827
        ]
      },
      "properties": {
        "FD_1ST": "FD01",
        "owner": "Eugene",
        "elog_id": 2114,
        "sub_id": null,
        "ANGLE": 0,
        "OBJECTID": 1510,
        "Type": null,
        "EWEB_Page": "20M",
        "ESFD_Page": "261",
        "GlobalID": "{21CFD38E-ED0F-480A-B927-0C9882D4A92D}",
        "layer": "hydrants",
        "source": "city-of-eugene-gis"
      }
    },
    {
      "type": "Feature",
      "id": "hydrants_301",
      "geometry": {
        "type": "Point",
        "coordinates": [
          -123.11422150545128,
          44.04164581692474
        ]
      },
      "properties": {
        "FD_1ST": "FD02",
        "owner": "Eugene",
        "elog_id": 997,
        "sub_id": null,
        "ANGLE": 0,
        "OBJECTID": 1516,
        "Type": null,
        "EWEB_Page": "17M",
        "ESFD_Page": "259",
        "GlobalID": "{A18B80D2-70B0-4EA3-8F20-113CBE4A79F3}",
        "layer": "hydrants",
        "source": "city-of-eugene-gis"
      }
    },
    {
      "type": "Feature",
      "id": "hydrants_302",
      "geometry": {
        "type": "Point",
        "coordinates": [
          -123.09128785565808,
          44.04233238488033
        ]
      },
      "properties": {
        "FD_1ST": "FD01",
        "owner": "Eugene",
        "elog_id": 2115,
        "sub_id": null,
        "ANGLE": 0,
        "OBJECTID": 1517,
        "Type": null,
        "EWEB_Page": "19M",
        "ESFD_Page": "261",
        "GlobalID": "{F8EC3883-9DFD-436A-83B9-813A39948205}",
        "layer": "hydrants",
        "source": "city-of-eugene-gis"
      }
    },
    {
      "type": "Feature",
      "id": "hydrants_303",
      "geometry": {
        "type": "Point",
        "coordinates": [
          -123.09288604937873,
          44.04230477158704
        ]
      },
      "properties": {
        "FD_1ST": "FD01",
        "owner": "Eugene",
        "elog_id": 564,
        "sub_id": null,
        "ANGLE": 0,
        "OBJECTID": 1518,
        "Type": null,
        "EWEB_Page": "19M",
        "ESFD_Page": "261",
        "GlobalID": "{BE12C35C-BAEA-47D7-A801-0C451AE129ED}",
        "layer": "hydrants",
        "source": "city-of-eugene-gis"
      }
    },
    {
      "type": "Feature",
      "id": "hydrants_304",
      "geometry": {
        "type": "Point",
        "coordinates": [
          -123.09568751768374,
          44.042253844696745
        ]
      },
      "properties": {
        "FD_1ST": "FD01",
        "owner": "Eugene",
        "elog_id": 1706,
        "sub_id": null,
        "ANGLE": 0,
        "OBJECTID": 1521,
        "Type": null,
        "EWEB_Page": "19M",
        "ESFD_Page": "261",
        "GlobalID": "{D353DA9E-D870-4D24-A66F-C706F4A2104D}",
        "layer": "hydrants",
        "source": "city-of-eugene-gis"
      }
    },
    {
      "type": "Feature",
      "id": "hydrants_305",
      "geometry": {
        "type": "Point",
        "coordinates": [
          -123.05639815435373,
          44.04313617130422
        ]
      },
      "properties": {
        "FD_1ST": "FD13",
        "owner": "Eugene",
        "elog_id": 10596,
        "sub_id": null,
        "ANGLE": null,
        "OBJECTID": 1523,
        "Type": null,
        "EWEB_Page": "23N",
        "ESFD_Page": "263",
        "GlobalID": "{206673C1-96CD-41EC-8B2A-65CEABDF773E}",
        "layer": "hydrants",
        "source": "city-of-eugene-gis"
      }
    },
    {
      "type": "Feature",
      "id": "hydrants_306",
      "geometry": {
        "type": "Point",
        "coordinates": [
          -123.09441029722647,
          44.0422932308238
        ]
      },
      "properties": {
        "FD_1ST": "FD01",
        "owner": "Eugene",
        "elog_id": 548,
        "sub_id": null,
        "ANGLE": 0,
        "OBJECTID": 1528,
        "Type": null,
        "EWEB_Page": "19M",
        "ESFD_Page": "261",
        "GlobalID": "{28FCC78D-6F94-4D94-A918-562B0B84AFAA}",
        "layer": "hydrants",
        "source": "city-of-eugene-gis"
      }
    },
    {
      "type": "Feature",
      "id": "hydrants_307",
      "geometry": {
        "type": "Point",
        "coordinates": [
          -123.07132930241126,
          44.04340886229895
        ]
      },
      "properties": {
        "FD_1ST": "FD13",
        "owner": "UO",
        "elog_id": 5627,
        "sub_id": null,
        "ANGLE": 0,
        "OBJECTID": 1540,
        "Type": null,
        "EWEB_Page": "21N",
        "ESFD_Page": "262",
        "GlobalID": "{31ECE9D4-927B-4D0E-A74B-A214F047114F}",
        "layer": "hydrants",
        "source": "city-of-eugene-gis"
      }
    },
    {
      "type": "Feature",
      "id": "hydrants_308",
      "geometry": {
        "type": "Point",
        "coordinates": [
          -123.09998565568806,
          44.04228547702347
        ]
      },
      "properties": {
        "FD_1ST": "FD01",
        "owner": "Eugene",
        "elog_id": 88023,
        "sub_id": null,
        "ANGLE": 0,
        "OBJECTID": 1542,
        "Type": null,
        "EWEB_Page": "19M",
        "ESFD_Page": "260",
        "GlobalID": "{2C59BBF2-18A3-4D36-9C54-F74088593CB5}",
        "layer": "hydrants",
        "source": "city-of-eugene-gis"
      }
    },
    {
      "type": "Feature",
      "id": "hydrants_309",
      "geometry": {
        "type": "Point",
        "coordinates": [
          -123.07844968731749,
          44.04295596246844
        ]
      },
      "properties": {
        "FD_1ST": "FD13",
        "owner": "UO",
        "elog_id": 5589,
        "sub_id": null,
        "ANGLE": 0,
        "OBJECTID": 1545,
        "Type": null,
        "EWEB_Page": "21M",
        "ESFD_Page": "262",
        "GlobalID": "{46BE9055-AA76-4220-A5BD-ACBE47CA6713}",
        "layer": "hydrants",
        "source": "city-of-eugene-gis"
      }
    },
    {
      "type": "Feature",
      "id": "hydrants_310",
      "geometry": {
        "type": "Point",
        "coordinates": [
          -123.10202868772971,
          44.042353018057824
        ]
      },
      "properties": {
        "FD_1ST": "FD01",
        "owner": "Eugene",
        "elog_id": 919,
        "sub_id": null,
        "ANGLE": 0,
        "OBJECTID": 1549,
        "Type": null,
        "EWEB_Page": "18M",
        "ESFD_Page": "260",
        "GlobalID": "{4076B0C3-FC7D-4135-8C03-DB12962F0F24}",
        "layer": "hydrants",
        "source": "city-of-eugene-gis"
      }
    },
    {
      "type": "Feature",
      "id": "hydrants_311",
      "geometry": {
        "type": "Point",
        "coordinates": [
          -123.05988584280664,
          44.043346930380046
        ]
      },
      "properties": {
        "FD_1ST": "FD13",
        "owner": "Eugene",
        "elog_id": 677,
        "sub_id": null,
        "ANGLE": 0,
        "OBJECTID": 1553,
        "Type": null,
        "EWEB_Page": "22N",
        "ESFD_Page": "263",
        "GlobalID": "{8F5CBFA7-2B54-4BD2-BD39-88BF2EA53CEA}",
        "layer": "hydrants",
        "source": "city-of-eugene-gis"
      }
    },
    {
      "type": "Feature",
      "id": "hydrants_312",
      "geometry": {
        "type": "Point",
        "coordinates": [
          -123.06172037585686,
          44.04334536290619
        ]
      },
      "properties": {
        "FD_1ST": "FD13",
        "owner": "Eugene",
        "elog_id": 659,
        "sub_id": null,
        "ANGLE": 0,
        "OBJECTID": 1555,
        "Type": null,
        "EWEB_Page": "22N",
        "ESFD_Page": "263",
        "GlobalID": "{A1859D88-6D3E-4291-B41F-FA1C7D425961}",
        "layer": "hydrants",
        "source": "city-of-eugene-gis"
      }
    },
    {
      "type": "Feature",
      "id": "hydrants_313",
      "geometry": {
        "type": "Point",
        "coordinates": [
          -123.06324438115948,
          44.04342013420414
        ]
      },
      "properties": {
        "FD_1ST": "FD13",
        "owner": "Eugene",
        "elog_id": 658,
        "sub_id": null,
        "ANGLE": 0,
        "OBJECTID": 1561,
        "Type": null,
        "EWEB_Page": "22N",
        "ESFD_Page": "263",
        "GlobalID": "{C1F96CCD-64AA-4305-B402-61A9BFABF8AE}",
        "layer": "hydrants",
        "source": "city-of-eugene-gis"
      }
    },
    {
      "type": "Feature",
      "id": "hydrants_314",
      "geometry": {
        "type": "Point",
        "coordinates": [
          -123.06491678368181,
          44.04339817313413
        ]
      },
      "properties": {
        "FD_1ST": "FD13",
        "owner": "Eugene",
        "elog_id": 11140,
        "sub_id": null,
        "ANGLE": 0,
        "OBJECTID": 1564,
        "Type": "K81",
        "EWEB_Page": "22N",
        "ESFD_Page": "263",
        "GlobalID": "{6BAD2513-A9AE-4E38-8217-586625CE9376}",
        "layer": "hydrants",
        "source": "city-of-eugene-gis"
      }
    },
    {
      "type": "Feature",
      "id": "hydrants_315",
      "geometry": {
        "type": "Point",
        "coordinates": [
          -123.07713518206894,
          44.042997223398146
        ]
      },
      "properties": {
        "FD_1ST": "FD13",
        "owner": "UO",
        "elog_id": 5052,
        "sub_id": null,
        "ANGLE": 0,
        "OBJECTID": 1566,
        "Type": null,
        "EWEB_Page": "21N",
        "ESFD_Page": "262",
        "GlobalID": "{1048342D-4046-40F4-9D7D-A7E79C3E57BA}",
        "layer": "hydrants",
        "source": "city-of-eugene-gis"
      }
    },
    {
      "type": "Feature",
      "id": "hydrants_316",
      "geometry": {
        "type": "Point",
        "coordinates": [
          -123.10812368488558,
          44.04250403781875
        ]
      },
      "properties": {
        "FD_1ST": "FD01",
        "owner": "Private",
        "elog_id": 5042,
        "sub_id": null,
        "ANGLE": 0,
        "OBJECTID": 1567,
        "Type": null,
        "EWEB_Page": "18M",
        "ESFD_Page": "260",
        "GlobalID": "{FA813998-D02D-45DA-9960-AF24211762FC}",
        "layer": "hydrants",
        "source": "city-of-eugene-gis"
      }
    },
    {
      "type": "Feature",
      "id": "hydrants_317",
      "geometry": {
        "type": "Point",
        "coordinates": [
          -123.11259206183675,
          44.042306004279396
        ]
      },
      "properties": {
        "FD_1ST": "FD02",
        "owner": "Eugene",
        "elog_id": 1958,
        "sub_id": null,
        "ANGLE": 0,
        "OBJECTID": 1570,
        "Type": null,
        "EWEB_Page": "17M",
        "ESFD_Page": "259",
        "GlobalID": "{CC8F1D74-BEDD-45DC-98B2-80DD5B8B3598}",
        "layer": "hydrants",
        "source": "city-of-eugene-gis"
      }
    },
    {
      "type": "Feature",
      "id": "hydrants_318",
      "geometry": {
        "type": "Point",
        "coordinates": [
          -123.0665067776318,
          44.0433565276473
        ]
      },
      "properties": {
        "FD_1ST": "FD13",
        "owner": "Eugene",
        "elog_id": 656,
        "sub_id": null,
        "ANGLE": 0,
        "OBJECTID": 1572,
        "Type": null,
        "EWEB_Page": "22N",
        "ESFD_Page": "263",
        "GlobalID": "{23A33575-C050-4282-B925-403B4559DB06}",
        "layer": "hydrants",
        "source": "city-of-eugene-gis"
      }
    },
    {
      "type": "Feature",
      "id": "hydrants_319",
      "geometry": {
        "type": "Point",
        "coordinates": [
          -123.06947556182575,
          44.043364785770095
        ]
      },
      "properties": {
        "FD_1ST": "FD13",
        "owner": "Eugene",
        "elog_id": 10840,
        "sub_id": null,
        "ANGLE": 0,
        "OBJECTID": 1576,
        "Type": null,
        "EWEB_Page": "21N",
        "ESFD_Page": "262",
        "GlobalID": "{5CD7095C-6335-45BB-AAB5-35378BDBB48E}",
        "layer": "hydrants",
        "source": "city-of-eugene-gis"
      }
    },
    {
      "type": "Feature",
      "id": "hydrants_320",
      "geometry": {
        "type": "Point",
        "coordinates": [
          -123.06821228964446,
          44.0434050443427
        ]
      },
      "properties": {
        "FD_1ST": "FD13",
        "owner": "Eugene",
        "elog_id": 655,
        "sub_id": null,
        "ANGLE": 0,
        "OBJECTID": 1578,
        "Type": null,
        "EWEB_Page": "22N",
        "ESFD_Page": "263",
        "GlobalID": "{BC116130-9ABC-49BA-92C5-8C49E0501AE1}",
        "layer": "hydrants",
        "source": "city-of-eugene-gis"
      }
    },
    {
      "type": "Feature",
      "id": "hydrants_321",
      "geometry": {
        "type": "Point",
        "coordinates": [
          -123.07504817259391,
          44.043348690730596
        ]
      },
      "properties": {
        "FD_1ST": "FD13",
        "owner": "UO",
        "elog_id": 5053,
        "sub_id": null,
        "ANGLE": 0,
        "OBJECTID": 1581,
        "Type": null,
        "EWEB_Page": "21N",
        "ESFD_Page": "262",
        "GlobalID": "{EDFCCA58-EEE0-4631-8F85-E70876390F89}",
        "layer": "hydrants",
        "source": "city-of-eugene-gis"
      }
    },
    {
      "type": "Feature",
      "id": "hydrants_322",
      "geometry": {
        "type": "Point",
        "coordinates": [
          -123.07451303011236,
          44.043406579673544
        ]
      },
      "properties": {
        "FD_1ST": "FD13",
        "owner": "UO",
        "elog_id": 5054,
        "sub_id": null,
        "ANGLE": 0,
        "OBJECTID": 1587,
        "Type": null,
        "EWEB_Page": "21N",
        "ESFD_Page": "262",
        "GlobalID": "{969EFFD4-1632-4906-A263-E740BEA2EF06}",
        "layer": "hydrants",
        "source": "city-of-eugene-gis"
      }
    },
    {
      "type": "Feature",
      "id": "hydrants_323",
      "geometry": {
        "type": "Point",
        "coordinates": [
          -123.07351618652169,
          44.043364403482045
        ]
      },
      "properties": {
        "FD_1ST": "FD13",
        "owner": "UO",
        "elog_id": 5055,
        "sub_id": null,
        "ANGLE": 0,
        "OBJECTID": 1588,
        "Type": null,
        "EWEB_Page": "21N",
        "ESFD_Page": "262",
        "GlobalID": "{7288F128-FE83-497A-B31D-D44B1A7B7517}",
        "layer": "hydrants",
        "source": "city-of-eugene-gis"
      }
    },
    {
      "type": "Feature",
      "id": "hydrants_324",
      "geometry": {
        "type": "Point",
        "coordinates": [
          -123.0721998992846,
          44.04323953505388
        ]
      },
      "properties": {
        "FD_1ST": "FD13",
        "owner": "UO",
        "elog_id": 5625,
        "sub_id": null,
        "ANGLE": 0,
        "OBJECTID": 1589,
        "Type": null,
        "EWEB_Page": "21N",
        "ESFD_Page": "262",
        "GlobalID": "{A97F3701-10FD-4937-A30F-09A0D07DABEB}",
        "layer": "hydrants",
        "source": "city-of-eugene-gis"
      }
    },
    {
      "type": "Feature",
      "id": "hydrants_325",
      "geometry": {
        "type": "Point",
        "coordinates": [
          -123.07879975434408,
          44.04336926739868
        ]
      },
      "properties": {
        "FD_1ST": "FD13",
        "owner": "Eugene",
        "elog_id": 248,
        "sub_id": null,
        "ANGLE": 0,
        "OBJECTID": 1604,
        "Type": null,
        "EWEB_Page": "21N",
        "ESFD_Page": "262",
        "GlobalID": "{F2CE44C6-3952-4738-9DCC-A7D578412DFB}",
        "layer": "hydrants",
        "source": "city-of-eugene-gis"
      }
    },
    {
      "type": "Feature",
      "id": "hydrants_326",
      "geometry": {
        "type": "Point",
        "coordinates": [
          -123.0763651450693,
          44.043393863368074
        ]
      },
      "properties": {
        "FD_1ST": "FD13",
        "owner": "UO",
        "elog_id": 5044,
        "sub_id": null,
        "ANGLE": 0,
        "OBJECTID": 1607,
        "Type": null,
        "EWEB_Page": "21N",
        "ESFD_Page": "262",
        "GlobalID": "{BCD2A7F1-3DA0-4DE1-86A2-9CB480357D97}",
        "layer": "hydrants",
        "source": "city-of-eugene-gis"
      }
    },
    {
      "type": "Feature",
      "id": "hydrants_327",
      "geometry": {
        "type": "Point",
        "coordinates": [
          -123.08028906526192,
          44.04342882026085
        ]
      },
      "properties": {
        "FD_1ST": "FD01",
        "owner": "Eugene",
        "elog_id": 10862,
        "sub_id": null,
        "ANGLE": 0,
        "OBJECTID": 1608,
        "Type": null,
        "EWEB_Page": "20N-4",
        "ESFD_Page": "262",
        "GlobalID": "{6116EA7A-0823-4A1E-8931-2AD9E4C6C701}",
        "layer": "hydrants",
        "source": "city-of-eugene-gis"
      }
    },
    {
      "type": "Feature",
      "id": "hydrants_328",
      "geometry": {
        "type": "Point",
        "coordinates": [
          -123.08226510871637,
          44.0433772782528
        ]
      },
      "properties": {
        "FD_1ST": "FD01",
        "owner": "Eugene",
        "elog_id": 2179,
        "sub_id": null,
        "ANGLE": 0,
        "OBJECTID": 1613,
        "Type": null,
        "EWEB_Page": "20N-4",
        "ESFD_Page": "262",
        "GlobalID": "{B45B9B16-4430-4025-85C7-5D37DC59501D}",
        "layer": "hydrants",
        "source": "city-of-eugene-gis"
      }
    },
    {
      "type": "Feature",
      "id": "hydrants_329",
      "geometry": {
        "type": "Point",
        "coordinates": [
          -123.08383706338783,
          44.04337733925566
        ]
      },
      "properties": {
        "FD_1ST": "FD01",
        "owner": "Eugene",
        "elog_id": 2177,
        "sub_id": null,
        "ANGLE": 0,
        "OBJECTID": 1617,
        "Type": null,
        "EWEB_Page": "20N-4",
        "ESFD_Page": "261",
        "GlobalID": "{009577B0-C733-4FEE-A57C-5CF9DD7A060B}",
        "layer": "hydrants",
        "source": "city-of-eugene-gis"
      }
    },
    {
      "type": "Feature",
      "id": "hydrants_330",
      "geometry": {
        "type": "Point",
        "coordinates": [
          -123.08532405826965,
          44.04338319088844
        ]
      },
      "properties": {
        "FD_1ST": "FD01",
        "owner": "Eugene",
        "elog_id": 2213,
        "sub_id": null,
        "ANGLE": 0,
        "OBJECTID": 1619,
        "Type": null,
        "EWEB_Page": "20N-3",
        "ESFD_Page": "261",
        "GlobalID": "{3D07FFF1-C5A5-4B5D-9487-AA947E3260FA}",
        "layer": "hydrants",
        "source": "city-of-eugene-gis"
      }
    },
    {
      "type": "Feature",
      "id": "hydrants_331",
      "geometry": {
        "type": "Point",
        "coordinates": [
          -123.08683118046294,
          44.04337934396496
        ]
      },
      "properties": {
        "FD_1ST": "FD01",
        "owner": "Eugene",
        "elog_id": 2185,
        "sub_id": null,
        "ANGLE": 0,
        "OBJECTID": 1624,
        "Type": null,
        "EWEB_Page": "20N-3",
        "ESFD_Page": "261",
        "GlobalID": "{4126E149-F4F1-4C35-8153-6A4513ABC040}",
        "layer": "hydrants",
        "source": "city-of-eugene-gis"
      }
    },
    {
      "type": "Feature",
      "id": "hydrants_332",
      "geometry": {
        "type": "Point",
        "coordinates": [
          -123.08831808875556,
          44.0433791390895
        ]
      },
      "properties": {
        "FD_1ST": "FD01",
        "owner": "Eugene",
        "elog_id": 2184,
        "sub_id": null,
        "ANGLE": 0,
        "OBJECTID": 1627,
        "Type": null,
        "EWEB_Page": "20N-3",
        "ESFD_Page": "261",
        "GlobalID": "{2E8140ED-524A-47FA-A68B-83C9B6D629F7}",
        "layer": "hydrants",
        "source": "city-of-eugene-gis"
      }
    },
    {
      "type": "Feature",
      "id": "hydrants_333",
      "geometry": {
        "type": "Point",
        "coordinates": [
          -123.10133725219521,
          44.043233901428735
        ]
      },
      "properties": {
        "FD_1ST": "FD01",
        "owner": "Eugene",
        "elog_id": 11155,
        "sub_id": null,
        "ANGLE": 0,
        "OBJECTID": 1628,
        "Type": "MU",
        "EWEB_Page": "18N",
        "ESFD_Page": "260",
        "GlobalID": "{11C584D2-F975-4F66-8945-467915828CC4}",
        "layer": "hydrants",
        "source": "city-of-eugene-gis"
      }
    },
    {
      "type": "Feature",
      "id": "hydrants_334",
      "geometry": {
        "type": "Point",
        "coordinates": [
          -123.08954095326965,
          44.043376373302
        ]
      },
      "properties": {
        "FD_1ST": "FD01",
        "owner": "Eugene",
        "elog_id": 2248,
        "sub_id": null,
        "ANGLE": 0,
        "OBJECTID": 1634,
        "Type": null,
        "EWEB_Page": "20N-3",
        "ESFD_Page": "261",
        "GlobalID": "{2AF04CF5-F2B9-45E4-8368-1F9ABB375A55}",
        "layer": "hydrants",
        "source": "city-of-eugene-gis"
      }
    },
    {
      "type": "Feature",
      "id": "hydrants_335",
      "geometry": {
        "type": "Point",
        "coordinates": [
          -123.0663167453338,
          44.044154618892904
        ]
      },
      "properties": {
        "FD_1ST": "FD13",
        "owner": "Eugene",
        "elog_id": 10072,
        "sub_id": null,
        "ANGLE": 0,
        "OBJECTID": 1635,
        "Type": null,
        "EWEB_Page": "22N",
        "ESFD_Page": "263",
        "GlobalID": "{B9101D0C-BCE4-457B-AC7D-9798B57C899E}",
        "layer": "hydrants",
        "source": "city-of-eugene-gis"
      }
    },
    {
      "type": "Feature",
      "id": "hydrants_336",
      "geometry": {
        "type": "Point",
        "coordinates": [
          -123.09133560914442,
          44.04338272343783
        ]
      },
      "properties": {
        "FD_1ST": "FD01",
        "owner": "Eugene",
        "elog_id": 2217,
        "sub_id": null,
        "ANGLE": 0,
        "OBJECTID": 1637,
        "Type": null,
        "EWEB_Page": "19N-4",
        "ESFD_Page": "261",
        "GlobalID": "{FA82C428-2ABC-4357-B212-1DA8E03B7364}",
        "layer": "hydrants",
        "source": "city-of-eugene-gis"
      }
    },
    {
      "type": "Feature",
      "id": "hydrants_337",
      "geometry": {
        "type": "Point",
        "coordinates": [
          -123.1079795767257,
          44.04299138898954
        ]
      },
      "properties": {
        "FD_1ST": "FD01",
        "owner": "Private",
        "elog_id": 33622,
        "sub_id": null,
        "ANGLE": 0,
        "OBJECTID": 1638,
        "Type": null,
        "EWEB_Page": "18N",
        "ESFD_Page": "260",
        "GlobalID": "{44CEAFA5-8B6E-46BC-BFA7-D35AFCBA6E9F}",
        "layer": "hydrants",
        "source": "city-of-eugene-gis"
      }
    },
    {
      "type": "Feature",
      "id": "hydrants_338",
      "geometry": {
        "type": "Point",
        "coordinates": [
          -123.09284439945849,
          44.043423794076226
        ]
      },
      "properties": {
        "FD_1ST": "FD01",
        "owner": "Eugene",
        "elog_id": 563,
        "sub_id": null,
        "ANGLE": 0,
        "OBJECTID": 1647,
        "Type": null,
        "EWEB_Page": "19N-4",
        "ESFD_Page": "261",
        "GlobalID": "{060E67BC-F610-40E4-B4C0-8A73C978CD37}",
        "layer": "hydrants",
        "source": "city-of-eugene-gis"
      }
    },
    {
      "type": "Feature",
      "id": "hydrants_339",
      "geometry": {
        "type": "Point",
        "coordinates": [
          -123.10993254939086,
          44.043267037295365
        ]
      },
      "properties": {
        "FD_1ST": "FD01",
        "owner": "Private",
        "elog_id": 5041,
        "sub_id": null,
        "ANGLE": 0,
        "OBJECTID": 1649,
        "Type": null,
        "EWEB_Page": "18N",
        "ESFD_Page": "260",
        "GlobalID": "{13694CDA-06D7-4101-9104-61C6C1D84109}",
        "layer": "hydrants",
        "source": "city-of-eugene-gis"
      }
    },
    {
      "type": "Feature",
      "id": "hydrants_340",
      "geometry": {
        "type": "Point",
        "coordinates": [
          -123.1082527097308,
          44.04324319921809
        ]
      },
      "properties": {
        "FD_1ST": "FD01",
        "owner": "Private",
        "elog_id": 5040,
        "sub_id": null,
        "ANGLE": 0,
        "OBJECTID": 1658,
        "Type": null,
        "EWEB_Page": "18N",
        "ESFD_Page": "260",
        "GlobalID": "{33DA0646-95B4-41E9-B347-2BB164638800}",
        "layer": "hydrants",
        "source": "city-of-eugene-gis"
      }
    },
    {
      "type": "Feature",
      "id": "hydrants_341",
      "geometry": {
        "type": "Point",
        "coordinates": [
          -123.09865175113471,
          44.043380552247136
        ]
      },
      "properties": {
        "FD_1ST": "FD01",
        "owner": "Eugene",
        "elog_id": 529,
        "sub_id": null,
        "ANGLE": 0,
        "OBJECTID": 1659,
        "Type": null,
        "EWEB_Page": "19N-3",
        "ESFD_Page": "260",
        "GlobalID": "{A42101BD-5A19-4805-868F-94F775214742}",
        "layer": "hydrants",
        "source": "city-of-eugene-gis"
      }
    },
    {
      "type": "Feature",
      "id": "hydrants_342",
      "geometry": {
        "type": "Point",
        "coordinates": [
          -123.11108789690981,
          44.043268313456046
        ]
      },
      "properties": {
        "FD_1ST": "FD02",
        "owner": "Eugene",
        "elog_id": 76041,
        "sub_id": null,
        "ANGLE": 0,
        "OBJECTID": 1660,
        "Type": null,
        "EWEB_Page": "18N",
        "ESFD_Page": "260",
        "GlobalID": "{9F9AC496-6EC2-49D5-950A-D3E744AE8EE8}",
        "layer": "hydrants",
        "source": "city-of-eugene-gis"
      }
    },
    {
      "type": "Feature",
      "id": "hydrants_343",
      "geometry": {
        "type": "Point",
        "coordinates": [
          -123.07653441832308,
          44.0442166971066
        ]
      },
      "properties": {
        "FD_1ST": "FD13",
        "owner": "UO",
        "elog_id": 5021,
        "sub_id": null,
        "ANGLE": 0,
        "OBJECTID": 1662,
        "Type": null,
        "EWEB_Page": "21N",
        "ESFD_Page": "262",
        "GlobalID": "{47D9DE9A-29BB-4F51-97D0-A6031FAC8C40}",
        "layer": "hydrants",
        "source": "city-of-eugene-gis"
      }
    },
    {
      "type": "Feature",
      "id": "hydrants_344",
      "geometry": {
        "type": "Point",
        "coordinates": [
          -123.09715076958274,
          44.04338991310595
        ]
      },
      "properties": {
        "FD_1ST": "FD01",
        "owner": "Eugene",
        "elog_id": 11077,
        "sub_id": null,
        "ANGLE": 0,
        "OBJECTID": 1667,
        "Type": "MU",
        "EWEB_Page": "19N-3",
        "ESFD_Page": "260",
        "GlobalID": "{A4387F5A-5E24-48CD-93FA-5BD2668975B1}",
        "layer": "hydrants",
        "source": "city-of-eugene-gis"
      }
    },
    {
      "type": "Feature",
      "id": "hydrants_345",
      "geometry": {
        "type": "Point",
        "coordinates": [
          -123.07450848894898,
          44.04446834625276
        ]
      },
      "properties": {
        "FD_1ST": "FD13",
        "owner": "UO",
        "elog_id": 5588,
        "sub_id": null,
        "ANGLE": 0,
        "OBJECTID": 1671,
        "Type": null,
        "EWEB_Page": "21N",
        "ESFD_Page": "262",
        "GlobalID": "{3365DE3B-CFD1-4175-97DC-176E95E1A162}",
        "layer": "hydrants",
        "source": "city-of-eugene-gis"
      }
    },
    {
      "type": "Feature",
      "id": "hydrants_346",
      "geometry": {
        "type": "Point",
        "coordinates": [
          -123.1046803726806,
          44.04326069694881
        ]
      },
      "properties": {
        "FD_1ST": "FD01",
        "owner": "Private",
        "elog_id": 5036,
        "sub_id": null,
        "ANGLE": 0,
        "OBJECTID": 1672,
        "Type": null,
        "EWEB_Page": "18N",
        "ESFD_Page": "260",
        "GlobalID": "{52C5B8D8-81E8-44A4-A4BC-AB2D55AD8E94}",
        "layer": "hydrants",
        "source": "city-of-eugene-gis"
      }
    },
    {
      "type": "Feature",
      "id": "hydrants_347",
      "geometry": {
        "type": "Point",
        "coordinates": [
          -123.0699367852988,
          44.04450166547813
        ]
      },
      "properties": {
        "FD_1ST": "FD13",
        "owner": "Eugene",
        "elog_id": 11503,
        "sub_id": null,
        "ANGLE": 0,
        "OBJECTID": 1685,
        "Type": null,
        "EWEB_Page": "21N",
        "ESFD_Page": "262",
        "GlobalID": "{C5336A46-2491-433A-9167-18A39A0A50CA}",
        "layer": "hydrants",
        "source": "city-of-eugene-gis"
      }
    },
    {
      "type": "Feature",
      "id": "hydrants_348",
      "geometry": {
        "type": "Point",
        "coordinates": [
          -123.06165301636146,
          44.044627083023066
        ]
      },
      "properties": {
        "FD_1ST": "FD13",
        "owner": "Eugene",
        "elog_id": 569,
        "sub_id": null,
        "ANGLE": 0,
        "OBJECTID": 1698,
        "Type": null,
        "EWEB_Page": "22N",
        "ESFD_Page": "263",
        "GlobalID": "{5B88104A-1447-44B9-8EB7-F89E7C84F740}",
        "layer": "hydrants",
        "source": "city-of-eugene-gis"
      }
    },
    {
      "type": "Feature",
      "id": "hydrants_349",
      "geometry": {
        "type": "Point",
        "coordinates": [
          -123.112597862205,
          44.04352096631521
        ]
      },
      "properties": {
        "FD_1ST": "FD02",
        "owner": "Eugene",
        "elog_id": 240,
        "sub_id": null,
        "ANGLE": 0,
        "OBJECTID": 1699,
        "Type": null,
        "EWEB_Page": "17N",
        "ESFD_Page": "259",
        "GlobalID": "{E5DE8E87-2DE6-46A8-9ECD-0C902333731E}",
        "layer": "hydrants",
        "source": "city-of-eugene-gis"
      }
    },
    {
      "type": "Feature",
      "id": "hydrants_350",
      "geometry": {
        "type": "Point",
        "coordinates": [
          -123.07202516397511,
          44.04450404939451
        ]
      },
      "properties": {
        "FD_1ST": "FD13",
        "owner": "UO",
        "elog_id": 5062,
        "sub_id": null,
        "ANGLE": 0,
        "OBJECTID": 1702,
        "Type": null,
        "EWEB_Page": "21N",
        "ESFD_Page": "262",
        "GlobalID": "{E908A38F-9629-4590-9EC2-4A1723F79F63}",
        "layer": "hydrants",
        "source": "city-of-eugene-gis"
      }
    },
    {
      "type": "Feature",
      "id": "hydrants_351",
      "geometry": {
        "type": "Point",
        "coordinates": [
          -123.09712291128379,
          44.04411481631375
        ]
      },
      "properties": {
        "FD_1ST": "FD01",
        "owner": "Eugene",
        "elog_id": 1588,
        "sub_id": null,
        "ANGLE": 0,
        "OBJECTID": 1704,
        "Type": null,
        "EWEB_Page": "19N-3",
        "ESFD_Page": "260",
        "GlobalID": "{DB0C75A7-7903-4150-8B3B-41FF9CC7E815}",
        "layer": "hydrants",
        "source": "city-of-eugene-gis"
      }
    },
    {
      "type": "Feature",
      "id": "hydrants_352",
      "geometry": {
        "type": "Point",
        "coordinates": [
          -123.11815717659525,
          44.04352026971643
        ]
      },
      "properties": {
        "FD_1ST": "FD02",
        "owner": "Eugene",
        "elog_id": 574,
        "sub_id": null,
        "ANGLE": 0,
        "OBJECTID": 1713,
        "Type": null,
        "EWEB_Page": "17N",
        "ESFD_Page": "259",
        "GlobalID": "{73FBB786-78F0-4EAE-9493-4DB6070E1442}",
        "layer": "hydrants",
        "source": "city-of-eugene-gis"
      }
    },
    {
      "type": "Feature",
      "id": "hydrants_353",
      "geometry": {
        "type": "Point",
        "coordinates": [
          -123.11459875745041,
          44.04358738459694
        ]
      },
      "properties": {
        "FD_1ST": "FD02",
        "owner": "Eugene",
        "elog_id": 774,
        "sub_id": null,
        "ANGLE": 0,
        "OBJECTID": 1715,
        "Type": null,
        "EWEB_Page": "17N",
        "ESFD_Page": "259",
        "GlobalID": "{EF210172-D6A8-49E6-828F-103D8376E31B}",
        "layer": "hydrants",
        "source": "city-of-eugene-gis"
      }
    },
    {
      "type": "Feature",
      "id": "hydrants_354",
      "geometry": {
        "type": "Point",
        "coordinates": [
          -123.09434701705631,
          44.04409672032641
        ]
      },
      "properties": {
        "FD_1ST": "FD01",
        "owner": "Eugene",
        "elog_id": 1879,
        "sub_id": null,
        "ANGLE": 0,
        "OBJECTID": 1717,
        "Type": null,
        "EWEB_Page": "19N-4",
        "ESFD_Page": "261",
        "GlobalID": "{C601192F-90F8-483D-954F-7FB561765556}",
        "layer": "hydrants",
        "source": "city-of-eugene-gis"
      }
    },
    {
      "type": "Feature",
      "id": "hydrants_355",
      "geometry": {
        "type": "Point",
        "coordinates": [
          -123.07319349795887,
          44.044475152084665
        ]
      },
      "properties": {
        "FD_1ST": "FD13",
        "owner": "UO",
        "elog_id": 5001,
        "sub_id": null,
        "ANGLE": 0,
        "OBJECTID": 1719,
        "Type": null,
        "EWEB_Page": "21N",
        "ESFD_Page": "262",
        "GlobalID": "{94026163-D459-4AC1-8747-BE13B8FE81AE}",
        "layer": "hydrants",
        "source": "city-of-eugene-gis"
      }
    },
    {
      "type": "Feature",
      "id": "hydrants_356",
      "geometry": {
        "type": "Point",
        "coordinates": [
          -123.07639866323512,
          44.04467372525822
        ]
      },
      "properties": {
        "FD_1ST": "FD13",
        "owner": "UO",
        "elog_id": 5534,
        "sub_id": null,
        "ANGLE": 0,
        "OBJECTID": 1723,
        "Type": null,
        "EWEB_Page": "21N",
        "ESFD_Page": "262",
        "GlobalID": "{9E2766CB-77B7-4F4F-AFE9-123C58A83737}",
        "layer": "hydrants",
        "source": "city-of-eugene-gis"
      }
    },
    {
      "type": "Feature",
      "id": "hydrants_357",
      "geometry": {
        "type": "Point",
        "coordinates": [
          -123.07882597369736,
          44.04450220253894
        ]
      },
      "properties": {
        "FD_1ST": "FD13",
        "owner": "Eugene",
        "elog_id": 913,
        "sub_id": null,
        "ANGLE": 0,
        "OBJECTID": 1726,
        "Type": null,
        "EWEB_Page": "21N",
        "ESFD_Page": "262",
        "GlobalID": "{80EC82E0-AC72-4B38-8365-BB818241A8E8}",
        "layer": "hydrants",
        "source": "city-of-eugene-gis"
      }
    },
    {
      "type": "Feature",
      "id": "hydrants_358",
      "geometry": {
        "type": "Point",
        "coordinates": [
          -123.08030863151018,
          44.0444692577323
        ]
      },
      "properties": {
        "FD_1ST": "FD01",
        "owner": "Eugene",
        "elog_id": 10861,
        "sub_id": null,
        "ANGLE": 0,
        "OBJECTID": 1731,
        "Type": null,
        "EWEB_Page": "20N-4",
        "ESFD_Page": "262",
        "GlobalID": "{C0CC22C8-3DB5-4FF3-92BB-DD2A83C8CF4F}",
        "layer": "hydrants",
        "source": "city-of-eugene-gis"
      }
    },
    {
      "type": "Feature",
      "id": "hydrants_359",
      "geometry": {
        "type": "Point",
        "coordinates": [
          -123.07079641830721,
          44.04460772200646
        ]
      },
      "properties": {
        "FD_1ST": "FD13",
        "owner": "UO",
        "elog_id": 5063,
        "sub_id": null,
        "ANGLE": 0,
        "OBJECTID": 1732,
        "Type": null,
        "EWEB_Page": "21N",
        "ESFD_Page": "262",
        "GlobalID": "{188257B0-CFE4-4E58-8688-01DABE3221D3}",
        "layer": "hydrants",
        "source": "city-of-eugene-gis"
      }
    },
    {
      "type": "Feature",
      "id": "hydrants_360",
      "geometry": {
        "type": "Point",
        "coordinates": [
          -123.06331425774691,
          44.04500729151239
        ]
      },
      "properties": {
        "FD_1ST": "FD13",
        "owner": "Eugene",
        "elog_id": 906,
        "sub_id": null,
        "ANGLE": 0,
        "OBJECTID": 1734,
        "Type": null,
        "EWEB_Page": "22N",
        "ESFD_Page": "263",
        "GlobalID": "{5B57FAFC-708A-4031-9953-7744EC67D8EF}",
        "layer": "hydrants",
        "source": "city-of-eugene-gis"
      }
    },
    {
      "type": "Feature",
      "id": "hydrants_361",
      "geometry": {
        "type": "Point",
        "coordinates": [
          -123.08228212517258,
          44.044468192673875
        ]
      },
      "properties": {
        "FD_1ST": "FD01",
        "owner": "Eugene",
        "elog_id": 1615,
        "sub_id": null,
        "ANGLE": 0,
        "OBJECTID": 1740,
        "Type": null,
        "EWEB_Page": "20N-4",
        "ESFD_Page": "262",
        "GlobalID": "{084C27C3-ECD5-4698-A73F-BB92AB9038AA}",
        "layer": "hydrants",
        "source": "city-of-eugene-gis"
      }
    },
    {
      "type": "Feature",
      "id": "hydrants_362",
      "geometry": {
        "type": "Point",
        "coordinates": [
          -123.08527624667548,
          44.0444717908788
        ]
      },
      "properties": {
        "FD_1ST": "FD01",
        "owner": "Eugene",
        "elog_id": 1112,
        "sub_id": null,
        "ANGLE": 0,
        "OBJECTID": 1744,
        "Type": null,
        "EWEB_Page": "20N-3",
        "ESFD_Page": "261",
        "GlobalID": "{3DD72176-BC13-438E-82C7-CE250CF23849}",
        "layer": "hydrants",
        "source": "city-of-eugene-gis"
      }
    },
    {
      "type": "Feature",
      "id": "hydrants_363",
      "geometry": {
        "type": "Point",
        "coordinates": [
          -123.09593545438655,
          44.04424216392042
        ]
      },
      "properties": {
        "FD_1ST": "FD01",
        "owner": "Eugene",
        "elog_id": 80030,
        "sub_id": null,
        "ANGLE": 0,
        "OBJECTID": 1745,
        "Type": null,
        "EWEB_Page": "19N-3",
        "ESFD_Page": "261",
        "GlobalID": "{BC926078-4B51-4BF0-9B3D-47A8C78B1BD9}",
        "layer": "hydrants",
        "source": "city-of-eugene-gis"
      }
    },
    {
      "type": "Feature",
      "id": "hydrants_364",
      "geometry": {
        "type": "Point",
        "coordinates": [
          -123.08685427667814,
          44.044464382182404
        ]
      },
      "properties": {
        "FD_1ST": "FD01",
        "owner": "Eugene",
        "elog_id": 2187,
        "sub_id": null,
        "ANGLE": 0,
        "OBJECTID": 1750,
        "Type": null,
        "EWEB_Page": "20N-3",
        "ESFD_Page": "261",
        "GlobalID": "{AE47F417-A0BA-4705-8513-9DF9CF388F7F}",
        "layer": "hydrants",
        "source": "city-of-eugene-gis"
      }
    },
    {
      "type": "Feature",
      "id": "hydrants_365",
      "geometry": {
        "type": "Point",
        "coordinates": [
          -123.08827161456989,
          44.044506859429966
        ]
      },
      "properties": {
        "FD_1ST": "FD01",
        "owner": "Eugene",
        "elog_id": 1942,
        "sub_id": null,
        "ANGLE": 0,
        "OBJECTID": 1753,
        "Type": null,
        "EWEB_Page": "20N-3",
        "ESFD_Page": "261",
        "GlobalID": "{2A22D8F8-1E9D-40FD-B320-1DD98ACCEFE0}",
        "layer": "hydrants",
        "source": "city-of-eugene-gis"
      }
    },
    {
      "type": "Feature",
      "id": "hydrants_366",
      "geometry": {
        "type": "Point",
        "coordinates": [
          -123.08981491448534,
          44.04447070123801
        ]
      },
      "properties": {
        "FD_1ST": "FD01",
        "owner": "Eugene",
        "elog_id": 2183,
        "sub_id": null,
        "ANGLE": 0,
        "OBJECTID": 1757,
        "Type": null,
        "EWEB_Page": "20N-3",
        "ESFD_Page": "261",
        "GlobalID": "{0C67F238-1A23-4C00-9D3D-B46175DBB9F1}",
        "layer": "hydrants",
        "source": "city-of-eugene-gis"
      }
    },
    {
      "type": "Feature",
      "id": "hydrants_367",
      "geometry": {
        "type": "Point",
        "coordinates": [
          -123.06163178590296,
          44.04504131610881
        ]
      },
      "properties": {
        "FD_1ST": "FD13",
        "owner": "Eugene",
        "elog_id": 92023,
        "sub_id": null,
        "ANGLE": 0,
        "OBJECTID": 1758,
        "Type": null,
        "EWEB_Page": "22N",
        "ESFD_Page": "263",
        "GlobalID": "{3002A0A7-C634-4FA5-8803-DBB98C8E897F}",
        "layer": "hydrants",
        "source": "city-of-eugene-gis"
      }
    },
    {
      "type": "Feature",
      "id": "hydrants_368",
      "geometry": {
        "type": "Point",
        "coordinates": [
          -123.091343838433,
          44.04447463951995
        ]
      },
      "properties": {
        "FD_1ST": "FD01",
        "owner": "Eugene",
        "elog_id": 2181,
        "sub_id": null,
        "ANGLE": 0,
        "OBJECTID": 1768,
        "Type": null,
        "EWEB_Page": "19N-4",
        "ESFD_Page": "261",
        "GlobalID": "{7956E650-A708-4A15-B2F8-1478395D174D}",
        "layer": "hydrants",
        "source": "city-of-eugene-gis"
      }
    },
    {
      "type": "Feature",
      "id": "hydrants_369",
      "geometry": {
        "type": "Point",
        "coordinates": [
          -123.09257769607578,
          44.044488933202906
        ]
      },
      "properties": {
        "FD_1ST": "FD01",
        "owner": "Eugene",
        "elog_id": 562,
        "sub_id": null,
        "ANGLE": 0,
        "OBJECTID": 1778,
        "Type": null,
        "EWEB_Page": "19N-4",
        "ESFD_Page": "261",
        "GlobalID": "{B18ED787-58CF-4E0B-A24E-90A615F32F41}",
        "layer": "hydrants",
        "source": "city-of-eugene-gis"
      }
    },
    {
      "type": "Feature",
      "id": "hydrants_370",
      "geometry": {
        "type": "Point",
        "coordinates": [
          -123.06491835160126,
          44.04519977171633
        ]
      },
      "properties": {
        "FD_1ST": "FD13",
        "owner": "Eugene",
        "elog_id": 11319,
        "sub_id": null,
        "ANGLE": 0,
        "OBJECTID": 1780,
        "Type": "SCenturian",
        "EWEB_Page": "22N",
        "ESFD_Page": "263",
        "GlobalID": "{871B25A5-7DDA-4E55-A9E1-3E142DEE19C3}",
        "layer": "hydrants",
        "source": "city-of-eugene-gis"
      }
    },
    {
      "type": "Feature",
      "id": "hydrants_371",
      "geometry": {
        "type": "Point",
        "coordinates": [
          -123.11422997935433,
          44.04438637393444
        ]
      },
      "properties": {
        "FD_1ST": "FD02",
        "owner": "Eugene",
        "elog_id": 559,
        "sub_id": null,
        "ANGLE": 0,
        "OBJECTID": 1789,
        "Type": null,
        "EWEB_Page": "17N",
        "ESFD_Page": "259",
        "GlobalID": "{C964EBB6-F618-4F7D-B5AC-6A2D27E2BA11}",
        "layer": "hydrants",
        "source": "city-of-eugene-gis"
      }
    },
    {
      "type": "Feature",
      "id": "hydrants_372",
      "geometry": {
        "type": "Point",
        "coordinates": [
          -123.0734496222609,
          44.04543220918329
        ]
      },
      "properties": {
        "FD_1ST": "FD13",
        "owner": "UO",
        "elog_id": 5586,
        "sub_id": null,
        "ANGLE": 0,
        "OBJECTID": 1793,
        "Type": null,
        "EWEB_Page": "21N",
        "ESFD_Page": "262",
        "GlobalID": "{CC721B8A-9CD3-428F-9E11-05846848A975}",
        "layer": "hydrants",
        "source": "city-of-eugene-gis"
      }
    },
    {
      "type": "Feature",
      "id": "hydrants_373",
      "geometry": {
        "type": "Point",
        "coordinates": [
          -123.10380849696907,
          44.044627385516115
        ]
      },
      "properties": {
        "FD_1ST": "FD01",
        "owner": "Private",
        "elog_id": 5038,
        "sub_id": null,
        "ANGLE": 0,
        "OBJECTID": 1794,
        "Type": null,
        "EWEB_Page": "18N",
        "ESFD_Page": "260",
        "GlobalID": "{1A525F0D-95A8-4CA1-BD75-FDD049075DB0}",
        "layer": "hydrants",
        "source": "city-of-eugene-gis"
      }
    },
    {
      "type": "Feature",
      "id": "hydrants_374",
      "geometry": {
        "type": "Point",
        "coordinates": [
          -123.0697929886274,
          44.04538958836164
        ]
      },
      "properties": {
        "FD_1ST": "FD13",
        "owner": "Eugene",
        "elog_id": 10591,
        "sub_id": null,
        "ANGLE": null,
        "OBJECTID": 1796,
        "Type": null,
        "EWEB_Page": "21N",
        "ESFD_Page": "262",
        "GlobalID": "{1544F15D-0540-4ECD-A6FB-136C7806F9F0}",
        "layer": "hydrants",
        "source": "city-of-eugene-gis"
      }
    },
    {
      "type": "Feature",
      "id": "hydrants_375",
      "geometry": {
        "type": "Point",
        "coordinates": [
          -123.11108507606863,
          44.04458645371426
        ]
      },
      "properties": {
        "FD_1ST": "FD02",
        "owner": "Eugene",
        "elog_id": 1619,
        "sub_id": null,
        "ANGLE": 0,
        "OBJECTID": 1802,
        "Type": null,
        "EWEB_Page": "18N",
        "ESFD_Page": "260",
        "GlobalID": "{00664669-A223-44E5-B0A5-CC72E31735B3}",
        "layer": "hydrants",
        "source": "city-of-eugene-gis"
      }
    },
    {
      "type": "Feature",
      "id": "hydrants_376",
      "geometry": {
        "type": "Point",
        "coordinates": [
          -123.10515497542897,
          44.04480302864083
        ]
      },
      "properties": {
        "FD_1ST": "FD01",
        "owner": "Private",
        "elog_id": 5037,
        "sub_id": null,
        "ANGLE": 0,
        "OBJECTID": 1803,
        "Type": null,
        "EWEB_Page": "18N",
        "ESFD_Page": "260",
        "GlobalID": "{CA3712B2-CEBE-4726-84A7-2852DB61C75C}",
        "layer": "hydrants",
        "source": "city-of-eugene-gis"
      }
    },
    {
      "type": "Feature",
      "id": "hydrants_377",
      "geometry": {
        "type": "Point",
        "coordinates": [
          -123.06497155513011,
          44.04569056027753
        ]
      },
      "properties": {
        "FD_1ST": "FD13",
        "owner": "Eugene",
        "elog_id": 11539,
        "sub_id": null,
        "ANGLE": 0,
        "OBJECTID": 1810,
        "Type": null,
        "EWEB_Page": "22N",
        "ESFD_Page": "263",
        "GlobalID": "{CE88BB6A-11B5-41F5-9F3F-297D90FD124C}",
        "layer": "hydrants",
        "source": "city-of-eugene-gis"
      }
    },
    {
      "type": "Feature",
      "id": "hydrants_378",
      "geometry": {
        "type": "Point",
        "coordinates": [
          -123.06670722583875,
          44.04556936490134
        ]
      },
      "properties": {
        "FD_1ST": "FD13",
        "owner": "Eugene",
        "elog_id": 85004,
        "sub_id": null,
        "ANGLE": 0,
        "OBJECTID": 1811,
        "Type": null,
        "EWEB_Page": "22N",
        "ESFD_Page": "263",
        "GlobalID": "{EB791B9D-A0CD-4BF8-A9EF-F4774E21AC52}",
        "layer": "hydrants",
        "source": "city-of-eugene-gis"
      }
    },
    {
      "type": "Feature",
      "id": "hydrants_379",
      "geometry": {
        "type": "Point",
        "coordinates": [
          -123.07111823512565,
          44.045567215378846
        ]
      },
      "properties": {
        "FD_1ST": "FD13",
        "owner": "UO",
        "elog_id": 5587,
        "sub_id": null,
        "ANGLE": 0,
        "OBJECTID": 1812,
        "Type": null,
        "EWEB_Page": "21N",
        "ESFD_Page": "262",
        "GlobalID": "{986A3BD1-E333-47F1-A1D9-06F11BB5F73F}",
        "layer": "hydrants",
        "source": "city-of-eugene-gis"
      }
    },
    {
      "type": "Feature",
      "id": "hydrants_380",
      "geometry": {
        "type": "Point",
        "coordinates": [
          -123.08373790061988,
          44.045390564591266
        ]
      },
      "properties": {
        "FD_1ST": "FD01",
        "owner": "Eugene",
        "elog_id": 546,
        "sub_id": null,
        "ANGLE": 0,
        "OBJECTID": 1813,
        "Type": null,
        "EWEB_Page": "20N-4",
        "ESFD_Page": "261",
        "GlobalID": "{15DF9A02-4B53-42BD-A5EB-E489017A6083}",
        "layer": "hydrants",
        "source": "city-of-eugene-gis"
      }
    },
    {
      "type": "Feature",
      "id": "hydrants_381",
      "geometry": {
        "type": "Point",
        "coordinates": [
          -123.07443340356402,
          44.04554254570743
        ]
      },
      "properties": {
        "FD_1ST": "FD13",
        "owner": "UO",
        "elog_id": 5585,
        "sub_id": null,
        "ANGLE": 0,
        "OBJECTID": 1814,
        "Type": null,
        "EWEB_Page": "21N",
        "ESFD_Page": "262",
        "GlobalID": "{F8A997D4-4B64-4773-8D1D-553D9CDDFB91}",
        "layer": "hydrants",
        "source": "city-of-eugene-gis"
      }
    },
    {
      "type": "Feature",
      "id": "hydrants_382",
      "geometry": {
        "type": "Point",
        "coordinates": [
          -123.11823663222314,
          44.04449850008008
        ]
      },
      "properties": {
        "FD_1ST": "FD02",
        "owner": "Eugene",
        "elog_id": 862,
        "sub_id": null,
        "ANGLE": 0,
        "OBJECTID": 1816,
        "Type": null,
        "EWEB_Page": "17N",
        "ESFD_Page": "259",
        "GlobalID": "{43DE6EBA-4C96-46C7-AD5D-9FC1978E4AA2}",
        "layer": "hydrants",
        "source": "city-of-eugene-gis"
      }
    },
    {
      "type": "Feature",
      "id": "hydrants_383",
      "geometry": {
        "type": "Point",
        "coordinates": [
          -123.06836903839609,
          44.04561189319262
        ]
      },
      "properties": {
        "FD_1ST": "FD13",
        "owner": "Eugene",
        "elog_id": 826,
        "sub_id": null,
        "ANGLE": 0,
        "OBJECTID": 1817,
        "Type": null,
        "EWEB_Page": "22N",
        "ESFD_Page": "263",
        "GlobalID": "{69E24DD9-A5D5-47A5-9336-D11585BC2181}",
        "layer": "hydrants",
        "source": "city-of-eugene-gis"
      }
    },
    {
      "type": "Feature",
      "id": "hydrants_384",
      "geometry": {
        "type": "Point",
        "coordinates": [
          -123.12031442614801,
          44.04450095384827
        ]
      },
      "properties": {
        "FD_1ST": "FD02",
        "owner": "Eugene",
        "elog_id": 575,
        "sub_id": null,
        "ANGLE": 0,
        "OBJECTID": 1823,
        "Type": null,
        "EWEB_Page": "17N",
        "ESFD_Page": "259",
        "GlobalID": "{A97F6182-B543-4EB6-9A4A-B1D9D9DEA1B0}",
        "layer": "hydrants",
        "source": "city-of-eugene-gis"
      }
    },
    {
      "type": "Feature",
      "id": "hydrants_385",
      "geometry": {
        "type": "Point",
        "coordinates": [
          -123.07619455972613,
          44.045586871668526
        ]
      },
      "properties": {
        "FD_1ST": "FD13",
        "owner": "UO",
        "elog_id": 5386,
        "sub_id": null,
        "ANGLE": 0,
        "OBJECTID": 1824,
        "Type": null,
        "EWEB_Page": "21N",
        "ESFD_Page": "262",
        "GlobalID": "{B2D60033-3B5C-4B5A-8BDF-ECEB7704819A}",
        "layer": "hydrants",
        "source": "city-of-eugene-gis"
      }
    },
    {
      "type": "Feature",
      "id": "hydrants_386",
      "geometry": {
        "type": "Point",
        "coordinates": [
          -123.0784218813289,
          44.04556533836542
        ]
      },
      "properties": {
        "FD_1ST": "FD13",
        "owner": "Eugene",
        "elog_id": 99053,
        "sub_id": null,
        "ANGLE": 0,
        "OBJECTID": 1829,
        "Type": null,
        "EWEB_Page": "21N",
        "ESFD_Page": "262",
        "GlobalID": "{773D2DC2-31E0-4414-B49F-22218FD70C3A}",
        "layer": "hydrants",
        "source": "city-of-eugene-gis"
      }
    },
    {
      "type": "Feature",
      "id": "hydrants_387",
      "geometry": {
        "type": "Point",
        "coordinates": [
          -123.08031358651975,
          44.04557299444517
        ]
      },
      "properties": {
        "FD_1ST": "FD01",
        "owner": "Eugene",
        "elog_id": 10860,
        "sub_id": null,
        "ANGLE": 0,
        "OBJECTID": 1831,
        "Type": null,
        "EWEB_Page": "20N-4",
        "ESFD_Page": "262",
        "GlobalID": "{0F0C2BF2-0092-49E1-8EB0-5D7767586CB5}",
        "layer": "hydrants",
        "source": "city-of-eugene-gis"
      }
    },
    {
      "type": "Feature",
      "id": "hydrants_388",
      "geometry": {
        "type": "Point",
        "coordinates": [
          -123.09434850217184,
          44.04538554341798
        ]
      },
      "properties": {
        "FD_1ST": "FD01",
        "owner": "Eugene",
        "elog_id": 10830,
        "sub_id": null,
        "ANGLE": 0,
        "OBJECTID": 1834,
        "Type": null,
        "EWEB_Page": "19N-4",
        "ESFD_Page": "261",
        "GlobalID": "{A111F00E-D83C-464F-B679-24B8F4631146}",
        "layer": "hydrants",
        "source": "city-of-eugene-gis"
      }
    },
    {
      "type": "Feature",
      "id": "hydrants_389",
      "geometry": {
        "type": "Point",
        "coordinates": [
          -123.06261619985828,
          44.04607704560789
        ]
      },
      "properties": {
        "FD_1ST": "FD13",
        "owner": "Eugene",
        "elog_id": 99045,
        "sub_id": null,
        "ANGLE": 0,
        "OBJECTID": 1837,
        "Type": null,
        "EWEB_Page": "22N",
        "ESFD_Page": "263",
        "GlobalID": "{F378864A-895B-4900-83A0-2DFE8BA42676}",
        "layer": "hydrants",
        "source": "city-of-eugene-gis"
      }
    },
    {
      "type": "Feature",
      "id": "hydrants_390",
      "geometry": {
        "type": "Point",
        "coordinates": [
          -123.08226608052394,
          44.045586723569386
        ]
      },
      "properties": {
        "FD_1ST": "FD01",
        "owner": "Eugene",
        "elog_id": 876,
        "sub_id": null,
        "ANGLE": 0,
        "OBJECTID": 1838,
        "Type": null,
        "EWEB_Page": "20N-4",
        "ESFD_Page": "262",
        "GlobalID": "{BFE95975-844D-46BF-A25C-5D6D1DCEA57B}",
        "layer": "hydrants",
        "source": "city-of-eugene-gis"
      }
    },
    {
      "type": "Feature",
      "id": "hydrants_391",
      "geometry": {
        "type": "Point",
        "coordinates": [
          -123.0850425434514,
          44.04558031089651
        ]
      },
      "properties": {
        "FD_1ST": "FD01",
        "owner": "Eugene",
        "elog_id": 10813,
        "sub_id": null,
        "ANGLE": 0,
        "OBJECTID": 1842,
        "Type": "KE",
        "EWEB_Page": "20N-3",
        "ESFD_Page": "261",
        "GlobalID": "{856F9E10-6863-4053-BA70-B78839DCC8B2}",
        "layer": "hydrants",
        "source": "city-of-eugene-gis"
      }
    },
    {
      "type": "Feature",
      "id": "hydrants_392",
      "geometry": {
        "type": "Point",
        "coordinates": [
          -123.08799969987693,
          44.045576000573746
        ]
      },
      "properties": {
        "FD_1ST": "FD01",
        "owner": "Eugene",
        "elog_id": 11479,
        "sub_id": null,
        "ANGLE": 0,
        "OBJECTID": 1844,
        "Type": "SCenturian",
        "EWEB_Page": "20N-3",
        "ESFD_Page": "261",
        "GlobalID": "{6D492FCE-58C4-4C2C-BAB8-753266328C76}",
        "layer": "hydrants",
        "source": "city-of-eugene-gis"
      }
    },
    {
      "type": "Feature",
      "id": "hydrants_393",
      "geometry": {
        "type": "Point",
        "coordinates": [
          -123.08682599118254,
          44.045570043428356
        ]
      },
      "properties": {
        "FD_1ST": "FD01",
        "owner": "Eugene",
        "elog_id": 554,
        "sub_id": null,
        "ANGLE": 0,
        "OBJECTID": 1846,
        "Type": null,
        "EWEB_Page": "20N-3",
        "ESFD_Page": "261",
        "GlobalID": "{BB0F2E23-2B13-4E76-BBAC-E8578E3E3FBF}",
        "layer": "hydrants",
        "source": "city-of-eugene-gis"
      }
    },
    {
      "type": "Feature",
      "id": "hydrants_394",
      "geometry": {
        "type": "Point",
        "coordinates": [
          -123.08953832968,
          44.045581179383824
        ]
      },
      "properties": {
        "FD_1ST": "FD01",
        "owner": "Eugene",
        "elog_id": 88028,
        "sub_id": null,
        "ANGLE": 0,
        "OBJECTID": 1848,
        "Type": null,
        "EWEB_Page": "20N-3",
        "ESFD_Page": "261",
        "GlobalID": "{A4314748-B269-4933-BC49-6E88B7967BBD}",
        "layer": "hydrants",
        "source": "city-of-eugene-gis"
      }
    },
    {
      "type": "Feature",
      "id": "hydrants_395",
      "geometry": {
        "type": "Point",
        "coordinates": [
          -123.06692169553735,
          44.04608758996562
        ]
      },
      "properties": {
        "FD_1ST": "FD13",
        "owner": "Eugene",
        "elog_id": 1212,
        "sub_id": null,
        "ANGLE": 0,
        "OBJECTID": 1851,
        "Type": null,
        "EWEB_Page": "22N",
        "ESFD_Page": "263",
        "GlobalID": "{6328686E-8F1E-4FBA-8FA8-2BBDD72D07FD}",
        "layer": "hydrants",
        "source": "city-of-eugene-gis"
      }
    },
    {
      "type": "Feature",
      "id": "hydrants_396",
      "geometry": {
        "type": "Point",
        "coordinates": [
          -123.09137078907996,
          44.04557926590301
        ]
      },
      "properties": {
        "FD_1ST": "FD01",
        "owner": "Eugene",
        "elog_id": 868,
        "sub_id": null,
        "ANGLE": 0,
        "OBJECTID": 1856,
        "Type": null,
        "EWEB_Page": "19N-4",
        "ESFD_Page": "261",
        "GlobalID": "{9F165C9A-6096-44FB-BE8F-98ECCEE96688}",
        "layer": "hydrants",
        "source": "city-of-eugene-gis"
      }
    },
    {
      "type": "Feature",
      "id": "hydrants_397",
      "geometry": {
        "type": "Point",
        "coordinates": [
          -123.0928360234434,
          44.04564166298541
        ]
      },
      "properties": {
        "FD_1ST": "FD01",
        "owner": "Eugene",
        "elog_id": 11109,
        "sub_id": null,
        "ANGLE": 0,
        "OBJECTID": 1859,
        "Type": null,
        "EWEB_Page": "19N-4",
        "ESFD_Page": "261",
        "GlobalID": "{0289DD6C-DDA0-4EAF-A184-7145533CF646}",
        "layer": "hydrants",
        "source": "city-of-eugene-gis"
      }
    },
    {
      "type": "Feature",
      "id": "hydrants_398",
      "geometry": {
        "type": "Point",
        "coordinates": [
          -123.07612871641224,
          44.04624363782984
        ]
      },
      "properties": {
        "FD_1ST": "FD13",
        "owner": "UO",
        "elog_id": 5020,
        "sub_id": null,
        "ANGLE": 0,
        "OBJECTID": 1865,
        "Type": null,
        "EWEB_Page": "21N",
        "ESFD_Page": "262",
        "GlobalID": "{39F24AEF-BFD7-4773-9B4D-EFE615342C1E}",
        "layer": "hydrants",
        "source": "city-of-eugene-gis"
      }
    },
    {
      "type": "Feature",
      "id": "hydrants_399",
      "geometry": {
        "type": "Point",
        "coordinates": [
          -123.09714494875193,
          44.04559760095587
        ]
      },
      "properties": {
        "FD_1ST": "FD01",
        "owner": "Eugene",
        "elog_id": 1612,
        "sub_id": null,
        "ANGLE": 0,
        "OBJECTID": 1869,
        "Type": null,
        "EWEB_Page": "19N-3",
        "ESFD_Page": "260",
        "GlobalID": "{61623C93-DBEC-44DD-8A1E-5A17A4F21BCC}",
        "layer": "hydrants",
        "source": "city-of-eugene-gis"
      }
    },
    {
      "type": "Feature",
      "id": "hydrants_400",
      "geometry": {
        "type": "Point",
        "coordinates": [
          -123.06995272462785,
          44.046333139425606
        ]
      },
      "properties": {
        "FD_1ST": "FD13",
        "owner": "Eugene",
        "elog_id": 1133,
        "sub_id": null,
        "ANGLE": 0,
        "OBJECTID": 1870,
        "Type": null,
        "EWEB_Page": "21N",
        "ESFD_Page": "262",
        "GlobalID": "{EB78F520-45C7-4A1A-BA11-3E20BA8968F6}",
        "layer": "hydrants",
        "source": "city-of-eugene-gis"
      }
    }
  ]
}