{
  "type": "FeatureCollection",
  "features": [
    {
      "type": "Feature",
      "id": "roads_1",
      "geometry": {
        "type": "LineString",
        "coordinates": [
          [
            -123.12012220798177,
            44.0499564377745
          ],
          [
            -123.12164488371631,
            44.049966573599114
          ]
        ]
      },
      "properties": {
        "SEG_ID": 20000641,
        "EUGID": 641,
        "OWNER": "EUG",
        "MAINT": "EUG",
        "SOURCE": "EUG",
        "METHOD": "SURV",
        "FCLASS": "LOCAL",
        "PAVED": "Y",
        "DIR": "W",
        "NAME": "BROADWAY",
        "TYPE": " ",
        "SPEED": 25,
        "AIRSSPEED": 25,
        "ONEWAY": "BW",
        "TRAFFLOW": "BW",
        "AIRSNAME": "W BROADWAY",
        "F_ZLEV": 5,
        "T_ZLEV": 5,
        "L_LADD": 1800,
        "L_HADD": 1898,
        "R_LADD": 1801,
        "R_HADD": 1899,
        "SNOWROUTE": null,
        "EVAC": " ",
        "LCPWID": 0,
        "OBJECTID": 97,
        "ER_ROUTES": 5,
        "ACCESS_CNT": " ",
        "Shape.STLength()": 400.3683968410698,
        "ROW_Width_Max": 60,
        "ROW_Width_Min": 0,
        "created_user": null,
        "created_date": null,
        "last_edited_user": "CEWEMVM",
        "last_edited_date": 1518089061000,
        "GlobalID": "{FBFDCFFE-A497-47F4-8F7F-D7FEE452B645}",
        "layer": "roads",
        "source": "city-of-eugene-gis"
      }
    },
    {
      "type": "Feature",
      "id": "roads_2",
      "geometry": {
        "type": "LineString",
        "coordinates": [
          [
            -123.12012543652648,
            44.048504987054336
          ],
          [
            -123.12164538513775,
            44.04851534748581
          ]
        ]
      },
      "properties": {
        "SEG_ID": 20005489,
        "EUGID": 5489,
        "OWNER": "EUG",
        "MAINT": "EUG",
        "SOURCE": "EUG",
        "METHOD": "SURV",
        "FCLASS": "LOCAL",
        "PAVED": "Y",
        "DIR": "W",
        "NAME": "10TH",
        "TYPE": "AVE",
        "SPEED": 20,
        "AIRSSPEED": 20,
        "ONEWAY": "BW",
        "TRAFFLOW": "BW",
        "AIRSNAME": "W 10TH AVE",
        "F_ZLEV": 5,
        "T_ZLEV": 5,
        "L_LADD": 1800,
        "L_HADD": 1898,
        "R_LADD": 1801,
        "R_HADD": 1899,
        "SNOWROUTE": null,
        "EVAC": " ",
        "LCPWID": 0,
        "OBJECTID": 99,
        "ER_ROUTES": 5,
        "ACCESS_CNT": " ",
        "Shape.STLength()": 399.6617626495817,
        "ROW_Width_Max": 50,
        "ROW_Width_Min": 0,
        "created_user": null,
        "created_date": null,
        "last_edited_user": "PWE_GDB_TRANSPORT_ADMIN",
        "last_edited_date": 1715210265000,
        "GlobalID": "{20DF4AFE-B317-4B14-AF2A-AA60E4D9F8BF}",
        "layer": "roads",
        "source": "city-of-eugene-gis"
      }
    },
    {
      "type": "Feature",
      "id": "roads_3",
      "geometry": {
        "type": "LineString",
        "coordinates": [
          [
            -123.1190647784674,
            44.040431749001726
          ],
          [
            -123.12032349850983,
            44.04044672749134
          ]
        ]
      },
      "properties": {
        "SEG_ID": 20005979,
        "EUGID": 5979,
        "OWNER": "EUG",
        "MAINT": "EUG",
        "SOURCE": "EUG",
        "METHOD": "SURV",
        "FCLASS": "MINART",
        "PAVED": "Y",
        "DIR": "W",
        "NAME": "18TH",
        "TYPE": "AVE",
        "SPEED": 30,
        "AIRSSPEED": 30,
        "ONEWAY": "BW",
        "TRAFFLOW": "BW",
        "AIRSNAME": "W 18TH AVE",
        "F_ZLEV": 5,
        "T_ZLEV": 5,
        "L_LADD": 1750,
        "L_HADD": 1798,
        "R_LADD": 1751,
        "R_HADD": 1799,
        "SNOWROUTE": 2,
        "EVAC": " ",
        "LCPWID": 0,
        "OBJECTID": 104,
        "ER_ROUTES": 4,
        "ACCESS_CNT": "Y",
        "Shape.STLength()": 331.0476876960111,
        "ROW_Width_Max": 60,
        "ROW_Width_Min": 0,
        "created_user": null,
        "created_date": null,
        "last_edited_user": "PWE_GDB_TRANSPORT_ADMIN",
        "last_edited_date": 1772212902000,
        "GlobalID": "{E24C20DC-F2BB-49D4-86C3-DAB20D4671D9}",
        "layer": "roads",
        "source": "city-of-eugene-gis"
      }
    },
    {
      "type": "Feature",
      "id": "roads_4",
      "geometry": {
        "type": "LineString",
        "coordinates": [
          [
            -123.11883589621324,
            44.047738681050255
          ],
          [
            -123.11882757891978,
            44.047184729724194
          ]
        ]
      },
      "properties": {
        "SEG_ID": 20000897,
        "EUGID": 897,
        "OWNER": "EUG",
        "MAINT": "EUG",
        "SOURCE": "EUG",
        "METHOD": "SURV",
        "FCLASS": "LOCAL",
        "PAVED": "Y",
        "DIR": " ",
        "NAME": "CHAMBERS",
        "TYPE": "ALY",
        "SPEED": 15,
        "AIRSSPEED": 10,
        "ONEWAY": "BW",
        "TRAFFLOW": "BW",
        "AIRSNAME": "CHAMBERS ALY",
        "F_ZLEV": 5,
        "T_ZLEV": 5,
        "L_LADD": 1101,
        "L_HADD": 1149,
        "R_LADD": 1100,
        "R_HADD": 1148,
        "SNOWROUTE": null,
        "EVAC": " ",
        "LCPWID": 0,
        "OBJECTID": 204,
        "ER_ROUTES": 5,
        "ACCESS_CNT": " ",
        "Shape.STLength()": 201.95426565268366,
        "ROW_Width_Max": 14,
        "ROW_Width_Min": 0,
        "created_user": null,
        "created_date": null,
        "last_edited_user": "CEWEMVM",
        "last_edited_date": 1518089061000,
        "GlobalID": "{B8FA7DE7-0E37-41B3-BA45-A254C44B77CE}",
        "layer": "roads",
        "source": "city-of-eugene-gis"
      }
    },
    {
      "type": "Feature",
      "id": "roads_5",
      "geometry": {
        "type": "LineString",
        "coordinates": [
          [
            -123.12012718046337,
            44.04608450555165
          ],
          [
            -123.12012716129951,
            44.04554038343126
          ]
        ]
      },
      "properties": {
        "SEG_ID": 20050717,
        "EUGID": 50717,
        "OWNER": "EUG",
        "MAINT": "EUG",
        "SOURCE": "EUG",
        "METHOD": "SURV",
        "FCLASS": "LOCAL",
        "PAVED": "Y",
        "DIR": " ",
        "NAME": "GRANT",
        "TYPE": "ST",
        "SPEED": 25,
        "AIRSSPEED": 25,
        "ONEWAY": "BW",
        "TRAFFLOW": "BW",
        "AIRSNAME": "GRANT ST",
        "F_ZLEV": 5,
        "T_ZLEV": 5,
        "L_LADD": 1251,
        "L_HADD": 1299,
        "R_LADD": 1250,
        "R_HADD": 1298,
        "SNOWROUTE": null,
        "EVAC": " ",
        "LCPWID": 0,
        "OBJECTID": 205,
        "ER_ROUTES": 5,
        "ACCESS_CNT": " ",
        "Shape.STLength()": 198.35905162764763,
        "ROW_Width_Max": 66,
        "ROW_Width_Min": 0,
        "created_user": null,
        "created_date": null,
        "last_edited_user": "CEWEMVM",
        "last_edited_date": 1518089061000,
        "GlobalID": "{A5E1F392-B63F-4693-80A8-6FA9535FC97F}",
        "layer": "roads",
        "source": "city-of-eugene-gis"
      }
    },
    {
      "type": "Feature",
      "id": "roads_6",
      "geometry": {
        "type": "LineString",
        "coordinates": [
          [
            -123.12012719884147,
            44.04663827638532
          ],
          [
            -123.12012718046337,
            44.04608450555165
          ]
        ]
      },
      "properties": {
        "SEG_ID": 20002102,
        "EUGID": 2102,
        "OWNER": "EUG",
        "MAINT": "EUG",
        "SOURCE": "EUG",
        "METHOD": "SURV",
        "FCLASS": "LOCAL",
        "PAVED": "Y",
        "DIR": " ",
        "NAME": "GRANT",
        "TYPE": "ST",
        "SPEED": 25,
        "AIRSSPEED": 25,
        "ONEWAY": "BW",
        "TRAFFLOW": "BW",
        "AIRSNAME": "GRANT ST",
        "F_ZLEV": 5,
        "T_ZLEV": 5,
        "L_LADD": 1201,
        "L_HADD": 1249,
        "R_LADD": 1200,
        "R_HADD": 1248,
        "SNOWROUTE": null,
        "EVAC": " ",
        "LCPWID": 0,
        "OBJECTID": 206,
        "ER_ROUTES": 5,
        "ACCESS_CNT": " ",
        "Shape.STLength()": 201.8765274497617,
        "ROW_Width_Max": 66,
        "ROW_Width_Min": 0,
        "created_user": null,
        "created_date": null,
        "last_edited_user": "CEWEMVM",
        "last_edited_date": 1518089061000,
        "GlobalID": "{AE1268C7-5405-4381-B724-DED7767B221A}",
        "layer": "roads",
        "source": "city-of-eugene-gis"
      }
    },
    {
      "type": "Feature",
      "id": "roads_7",
      "geometry": {
        "type": "LineString",
        "coordinates": [
          [
            -123.1188193437303,
            44.04663609334909
          ],
          [
            -123.11882488186451,
            44.04608558927375
          ]
        ]
      },
      "properties": {
        "SEG_ID": 20000900,
        "EUGID": 900,
        "OWNER": "EUG",
        "MAINT": "EUG",
        "SOURCE": "EUG",
        "METHOD": "SURV",
        "FCLASS": "LOCAL",
        "PAVED": "Y",
        "DIR": " ",
        "NAME": "CHAMBERS",
        "TYPE": "ALY",
        "SPEED": 15,
        "AIRSSPEED": 10,
        "ONEWAY": "BW",
        "TRAFFLOW": "BW",
        "AIRSNAME": "CHAMBERS ALY",
        "F_ZLEV": 5,
        "T_ZLEV": 5,
        "L_LADD": 1201,
        "L_HADD": 1249,
        "R_LADD": 1200,
        "R_HADD": 1248,
        "SNOWROUTE": null,
        "EVAC": " ",
        "LCPWID": 0,
        "OBJECTID": 207,
        "ER_ROUTES": 5,
        "ACCESS_CNT": " ",
        "Shape.STLength()": 200.6909174718309,
        "ROW_Width_Max": 14,
        "ROW_Width_Min": 0,
        "created_user": null,
        "created_date": null,
        "last_edited_user": "CEWEMVM",
        "last_edited_date": 1518089061000,
        "GlobalID": "{27A95E0F-191D-4A30-B7B4-AE3CDA1372FF}",
        "layer": "roads",
        "source": "city-of-eugene-gis"
      }
    },
    {
      "type": "Feature",
      "id": "roads_8",
      "geometry": {
        "type": "LineString",
        "coordinates": [
          [
            -123.1188303962104,
            44.0455380218452
          ],
          [
            -123.11882823964517,
            44.04498732013902
          ]
        ]
      },
      "properties": {
        "SEG_ID": 20000903,
        "EUGID": 903,
        "OWNER": "EUG",
        "MAINT": "EUG",
        "SOURCE": "EUG",
        "METHOD": "SURV",
        "FCLASS": "LOCAL",
        "PAVED": "N",
        "DIR": " ",
        "NAME": "CHAMBERS",
        "TYPE": "ALY",
        "SPEED": 15,
        "AIRSSPEED": 5,
        "ONEWAY": "BW",
        "TRAFFLOW": "BW",
        "AIRSNAME": "CHAMBERS ALY",
        "F_ZLEV": 5,
        "T_ZLEV": 5,
        "L_LADD": 1301,
        "L_HADD": 1349,
        "R_LADD": 1300,
        "R_HADD": 1348,
        "SNOWROUTE": null,
        "EVAC": " ",
        "LCPWID": 0,
        "OBJECTID": 208,
        "ER_ROUTES": 5,
        "ACCESS_CNT": " ",
        "Shape.STLength()": 200.75838337392673,
        "ROW_Width_Max": 14,
        "ROW_Width_Min": 0,
        "created_user": null,
        "created_date": null,
        "last_edited_user": "CEWEMVM",
        "last_edited_date": 1518089061000,
        "GlobalID": "{2016D43F-5F09-4783-B04B-E76173355E31}",
        "layer": "roads",
        "source": "city-of-eugene-gis"
      }
    },
    {
      "type": "Feature",
      "id": "roads_9",
      "geometry": {
        "type": "LineString",
        "coordinates": [
          [
            -123.12012744000747,
            44.043346564341526
          ],
          [
            -123.1201275369709,
            44.04279933520945
          ]
        ]
      },
      "properties": {
        "SEG_ID": 20002107,
        "EUGID": 2107,
        "OWNER": "EUG",
        "MAINT": "EUG",
        "SOURCE": "EUG",
        "METHOD": "SURV",
        "FCLASS": "LOCAL",
        "PAVED": "Y",
        "DIR": " ",
        "NAME": "GRANT",
        "TYPE": "ST",
        "SPEED": 5,
        "AIRSSPEED": 5,
        "ONEWAY": "BW",
        "TRAFFLOW": "BW",
        "AIRSNAME": "GRANT ST",
        "F_ZLEV": 5,
        "T_ZLEV": 5,
        "L_LADD": 1501,
        "L_HADD": 1549,
        "R_LADD": 1500,
        "R_HADD": 1548,
        "SNOWROUTE": null,
        "EVAC": " ",
        "LCPWID": 0,
        "OBJECTID": 209,
        "ER_ROUTES": 5,
        "ACCESS_CNT": " ",
        "Shape.STLength()": 199.49146809073622,
        "ROW_Width_Max": 66,
        "ROW_Width_Min": 0,
        "created_user": null,
        "created_date": null,
        "last_edited_user": "EUGADM",
        "last_edited_date": 1607697550000,
        "GlobalID": "{91AE389B-5440-4E63-99E2-46FB133099CD}",
        "layer": "roads",
        "source": "city-of-eugene-gis"
      }
    },
    {
      "type": "Feature",
      "id": "roads_10",
      "geometry": {
        "type": "LineString",
        "coordinates": [
          [
            -123.11882963978343,
            44.043344117324644
          ],
          [
            -123.11882905746621,
            44.0427957485539
          ]
        ]
      },
      "properties": {
        "SEG_ID": 20000908,
        "EUGID": 908,
        "OWNER": "EUG",
        "MAINT": "EUG",
        "SOURCE": "EUG",
        "METHOD": "SURV",
        "FCLASS": "LOCAL",
        "PAVED": "N",
        "DIR": " ",
        "NAME": "CHAMBERS",
        "TYPE": "ALY",
        "SPEED": 15,
        "AIRSSPEED": 5,
        "ONEWAY": "BW",
        "TRAFFLOW": "BW",
        "AIRSNAME": "CHAMBERS ALY",
        "F_ZLEV": 5,
        "T_ZLEV": 5,
        "L_LADD": 1501,
        "L_HADD": 1549,
        "R_LADD": 1500,
        "R_HADD": 1548,
        "SNOWROUTE": null,
        "EVAC": " ",
        "LCPWID": 0,
        "OBJECTID": 210,
        "ER_ROUTES": 5,
        "ACCESS_CNT": " ",
        "Shape.STLength()": 199.90697822039007,
        "ROW_Width_Max": 14,
        "ROW_Width_Min": 0,
        "created_user": null,
        "created_date": null,
        "last_edited_user": "CEWEMVM",
        "last_edited_date": 1518089061000,
        "GlobalID": "{1E995AE1-E9D4-464B-BC70-10339C7B91B7}",
        "layer": "roads",
        "source": "city-of-eugene-gis"
      }
    },
    {
      "type": "Feature",
      "id": "roads_11",
      "geometry": {
        "type": "LineString",
        "coordinates": [
          [
            -123.1201275369709,
            44.04279933520945
          ],
          [
            -123.12013630610971,
            44.0426187409646
          ]
        ]
      },
      "properties": {
        "SEG_ID": 20050720,
        "EUGID": 50720,
        "OWNER": "EUG",
        "MAINT": "EUG",
        "SOURCE": "EUG",
        "METHOD": "SURV",
        "FCLASS": "LOCAL",
        "PAVED": "N",
        "DIR": " ",
        "NAME": "GRANT",
        "TYPE": "ST",
        "SPEED": 5,
        "AIRSSPEED": 5,
        "ONEWAY": "BW",
        "TRAFFLOW": "BW",
        "AIRSNAME": "GRANT ST",
        "F_ZLEV": 5,
        "T_ZLEV": 5,
        "L_LADD": 1551,
        "L_HADD": 1561,
        "R_LADD": 1550,
        "R_HADD": 1560,
        "SNOWROUTE": null,
        "EVAC": " ",
        "LCPWID": 0,
        "OBJECTID": 225,
        "ER_ROUTES": 5,
        "ACCESS_CNT": " ",
        "Shape.STLength()": 65.87569030740426,
        "ROW_Width_Max": 66,
        "ROW_Width_Min": 0,
        "created_user": null,
        "created_date": null,
        "last_edited_user": "CEWEMVM",
        "last_edited_date": 1518089061000,
        "GlobalID": "{4DEBA94B-1C5C-446B-A2E6-C949533EF5B9}",
        "layer": "roads",
        "source": "city-of-eugene-gis"
      }
    },
    {
      "type": "Feature",
      "id": "roads_12",
      "geometry": {
        "type": "LineString",
        "coordinates": [
          [
            -123.1201378348616,
            44.05326568934546
          ],
          [
            -123.12084672025885,
            44.05326586028226
          ],
          [
            -123.12123264652024,
            44.05327050693382
          ],
          [
            -123.12198135173932,
            44.053293387781636
          ],
          [
            -123.12220759852009,
            44.053306758348185
          ],
          [
            -123.12239678081804,
            44.053320579499655
          ],
          [
            -123.12275123327764,
            44.0533529948727
          ]
        ]
      },
      "properties": {
        "SEG_ID": 20005276,
        "EUGID": 5276,
        "OWNER": "EUG",
        "MAINT": "EUG",
        "SOURCE": "EUG",
        "METHOD": "DIG",
        "FCLASS": "MAJART",
        "PAVED": "Y",
        "DIR": "W",
        "NAME": "6TH",
        "TYPE": "AVE",
        "SPEED": 30,
        "AIRSSPEED": 30,
        "ONEWAY": "FT",
        "TRAFFLOW": "W",
        "AIRSNAME": "W 6TH AVE",
        "F_ZLEV": 5,
        "T_ZLEV": 5,
        "L_LADD": 1800,
        "L_HADD": 1998,
        "R_LADD": 1801,
        "R_HADD": 1999,
        "SNOWROUTE": 1,
        "EVAC": " ",
        "LCPWID": 0,
        "OBJECTID": 432,
        "ER_ROUTES": 4,
        "ACCESS_CNT": "Y",
        "Shape.STLength()": 688.4840564946587,
        "ROW_Width_Max": 100,
        "ROW_Width_Min": 0,
        "created_user": null,
        "created_date": null,
        "last_edited_user": "PWE_GDB_TRANSPORT_ADMIN",
        "last_edited_date": 1772212902000,
        "GlobalID": "{E64E0206-62C0-4FDF-AC2B-0EC2EC19EEFC}",
        "layer": "roads",
        "source": "city-of-eugene-gis"
      }
    },
    {
      "type": "Feature",
      "id": "roads_13",
      "geometry": {
        "type": "LineString",
        "coordinates": [
          [
            -123.12032349850983,
            44.04044672749134
          ],
          [
            -123.120324040395,
            44.03620991253482
          ]
        ]
      },
      "properties": {
        "SEG_ID": 20002109,
        "EUGID": 2109,
        "OWNER": "EUG",
        "MAINT": "EUG",
        "SOURCE": "EUG",
        "METHOD": "SURV",
        "FCLASS": "LOCAL",
        "PAVED": "Y",
        "DIR": " ",
        "NAME": "GRANT",
        "TYPE": "ST",
        "SPEED": 20,
        "AIRSSPEED": 20,
        "ONEWAY": "BW",
        "TRAFFLOW": "BW",
        "AIRSNAME": "GRANT ST",
        "F_ZLEV": 5,
        "T_ZLEV": 5,
        "L_LADD": 1801,
        "L_HADD": 2165,
        "R_LADD": 1800,
        "R_HADD": 2142,
        "SNOWROUTE": null,
        "EVAC": " ",
        "LCPWID": 0,
        "OBJECTID": 470,
        "ER_ROUTES": 5,
        "ACCESS_CNT": " ",
        "Shape.STLength()": 1544.5205836758714,
        "ROW_Width_Max": 40,
        "ROW_Width_Min": 0,
        "created_user": null,
        "created_date": null,
        "last_edited_user": "PWE_GDB_TRANSPORT_ADMIN",
        "last_edited_date": 1716941759000,
        "GlobalID": "{5316FD69-9ACB-4424-B380-CC12CD28E0EE}",
        "layer": "roads",
        "source": "city-of-eugene-gis"
      }
    },
    {
      "type": "Feature",
      "id": "roads_14",
      "geometry": {
        "type": "LineString",
        "coordinates": [
          [
            -123.1201246322815,
            44.04886346384933
          ],
          [
            -123.12012543652648,
            44.048504987054336
          ]
        ]
      },
      "properties": {
        "SEG_ID": 20050827,
        "EUGID": 50827,
        "OWNER": "EUG",
        "MAINT": "EUG",
        "SOURCE": "EUG",
        "METHOD": "SURV",
        "FCLASS": "LOCAL",
        "PAVED": "Y",
        "DIR": " ",
        "NAME": "GRANT",
        "TYPE": "ST",
        "SPEED": 25,
        "AIRSSPEED": 25,
        "ONEWAY": "BW",
        "TRAFFLOW": "BW",
        "AIRSNAME": "GRANT ST",
        "F_ZLEV": 5,
        "T_ZLEV": 5,
        "L_LADD": 0,
        "L_HADD": 0,
        "R_LADD": 0,
        "R_HADD": 0,
        "SNOWROUTE": null,
        "EVAC": " ",
        "LCPWID": 0,
        "OBJECTID": 501,
        "ER_ROUTES": 5,
        "ACCESS_CNT": " ",
        "Shape.STLength()": 130.6826137957867,
        "ROW_Width_Max": 50,
        "ROW_Width_Min": 0,
        "created_user": null,
        "created_date": null,
        "last_edited_user": "CEWEMVM",
        "last_edited_date": 1518089061000,
        "GlobalID": "{E4963A7F-E299-495D-845B-3B427906AF81}",
        "layer": "roads",
        "source": "city-of-eugene-gis"
      }
    },
    {
      "type": "Feature",
      "id": "roads_15",
      "geometry": {
        "type": "LineString",
        "coordinates": [
          [
            -123.12012382970977,
            44.04922387823601
          ],
          [
            -123.1201246322815,
            44.04886346384933
          ]
        ]
      },
      "properties": {
        "SEG_ID": 20002097,
        "EUGID": 2097,
        "OWNER": "EUG",
        "MAINT": "EUG",
        "SOURCE": "EUG",
        "METHOD": "SURV",
        "FCLASS": "LOCAL",
        "PAVED": "Y",
        "DIR": " ",
        "NAME": "GRANT",
        "TYPE": "ST",
        "SPEED": 25,
        "AIRSSPEED": 25,
        "ONEWAY": "BW",
        "TRAFFLOW": "BW",
        "AIRSNAME": "GRANT ST",
        "F_ZLEV": 5,
        "T_ZLEV": 5,
        "L_LADD": 0,
        "L_HADD": 0,
        "R_LADD": 0,
        "R_HADD": 0,
        "SNOWROUTE": null,
        "EVAC": " ",
        "LCPWID": 0,
        "OBJECTID": 502,
        "ER_ROUTES": 5,
        "ACCESS_CNT": " ",
        "Shape.STLength()": 131.38898074124128,
        "ROW_Width_Max": 50,
        "ROW_Width_Min": 0,
        "created_user": null,
        "created_date": null,
        "last_edited_user": "CEWEMVM",
        "last_edited_date": 1518089061000,
        "GlobalID": "{8D40ED41-9839-4E3B-8012-1C06047C1DC8}",
        "layer": "roads",
        "source": "city-of-eugene-gis"
      }
    },
    {
      "type": "Feature",
      "id": "roads_16",
      "geometry": {
        "type": "LineString",
        "coordinates": [
          [
            -123.12012624089695,
            44.048144355511944
          ],
          [
            -123.12012711394873,
            44.04775354412997
          ]
        ]
      },
      "properties": {
        "SEG_ID": 20050828,
        "EUGID": 50828,
        "OWNER": "EUG",
        "MAINT": "EUG",
        "SOURCE": "EUG",
        "METHOD": "SURV",
        "FCLASS": "LOCAL",
        "PAVED": "Y",
        "DIR": " ",
        "NAME": "GRANT",
        "TYPE": "ST",
        "SPEED": 25,
        "AIRSSPEED": 25,
        "ONEWAY": "BW",
        "TRAFFLOW": "BW",
        "AIRSNAME": "GRANT ST",
        "F_ZLEV": 5,
        "T_ZLEV": 5,
        "L_LADD": 0,
        "L_HADD": 0,
        "R_LADD": 0,
        "R_HADD": 0,
        "SNOWROUTE": null,
        "EVAC": " ",
        "LCPWID": 0,
        "OBJECTID": 503,
        "ER_ROUTES": 5,
        "ACCESS_CNT": " ",
        "Shape.STLength()": 142.47013010935046,
        "ROW_Width_Max": 66,
        "ROW_Width_Min": 0,
        "created_user": null,
        "created_date": null,
        "last_edited_user": "CEWEMVM",
        "last_edited_date": 1518089061000,
        "GlobalID": "{E80F8B30-F029-4248-BA76-737DAC0F89F4}",
        "layer": "roads",
        "source": "city-of-eugene-gis"
      }
    },
    {
      "type": "Feature",
      "id": "roads_17",
      "geometry": {
        "type": "LineString",
        "coordinates": [
          [
            -123.12012543652648,
            44.048504987054336
          ],
          [
            -123.12012624089695,
            44.048144355511944
          ]
        ]
      },
      "properties": {
        "SEG_ID": 20002099,
        "EUGID": 2099,
        "OWNER": "EUG",
        "MAINT": "EUG",
        "SOURCE": "EUG",
        "METHOD": "SURV",
        "FCLASS": "LOCAL",
        "PAVED": "Y",
        "DIR": " ",
        "NAME": "GRANT",
        "TYPE": "ST",
        "SPEED": 25,
        "AIRSSPEED": 25,
        "ONEWAY": "BW",
        "TRAFFLOW": "BW",
        "AIRSNAME": "GRANT ST",
        "F_ZLEV": 5,
        "T_ZLEV": 5,
        "L_LADD": 1015,
        "L_HADD": 1025,
        "R_LADD": 1010,
        "R_HADD": 1010,
        "SNOWROUTE": null,
        "EVAC": " ",
        "LCPWID": 0,
        "OBJECTID": 504,
        "ER_ROUTES": 5,
        "ACCESS_CNT": " ",
        "Shape.STLength()": 131.46810332024907,
        "ROW_Width_Max": 66,
        "ROW_Width_Min": 0,
        "created_user": null,
        "created_date": null,
        "last_edited_user": "CEWEMVM",
        "last_edited_date": 1518089061000,
        "GlobalID": "{1DC0F720-3BE6-4C3E-A4DA-E32C3C8CEF89}",
        "layer": "roads",
        "source": "city-of-eugene-gis"
      }
    },
    {
      "type": "Feature",
      "id": "roads_18",
      "geometry": {
        "type": "LineString",
        "coordinates": [
          [
            -123.11882757891978,
            44.047184729724194
          ],
          [
            -123.1188193437303,
            44.04663609334909
          ]
        ]
      },
      "properties": {
        "SEG_ID": 20050943,
        "EUGID": 50943,
        "OWNER": "EUG",
        "MAINT": "EUG",
        "SOURCE": "EUG",
        "METHOD": "SURV",
        "FCLASS": "LOCAL",
        "PAVED": "Y",
        "DIR": " ",
        "NAME": "CHAMBERS",
        "TYPE": "ALY",
        "SPEED": 15,
        "AIRSSPEED": 10,
        "ONEWAY": "BW",
        "TRAFFLOW": "BW",
        "AIRSNAME": "CHAMBERS ALY",
        "F_ZLEV": 5,
        "T_ZLEV": 5,
        "L_LADD": 1151,
        "L_HADD": 1199,
        "R_LADD": 1150,
        "R_HADD": 1198,
        "SNOWROUTE": null,
        "EVAC": " ",
        "LCPWID": 0,
        "OBJECTID": 526,
        "ER_ROUTES": 5,
        "ACCESS_CNT": " ",
        "Shape.STLength()": 200.01653642268755,
        "ROW_Width_Max": 14,
        "ROW_Width_Min": 0,
        "created_user": null,
        "created_date": null,
        "last_edited_user": "CEWEMVM",
        "last_edited_date": 1518089061000,
        "GlobalID": "{C2FE693C-3B38-4DE0-BB92-4579D5F24F4D}",
        "layer": "roads",
        "source": "city-of-eugene-gis"
      }
    },
    {
      "type": "Feature",
      "id": "roads_19",
      "geometry": {
        "type": "LineString",
        "coordinates": [
          [
            -123.11882488186451,
            44.04608558927375
          ],
          [
            -123.1188303962104,
            44.0455380218452
          ]
        ]
      },
      "properties": {
        "SEG_ID": 20050944,
        "EUGID": 50944,
        "OWNER": "EUG",
        "MAINT": "EUG",
        "SOURCE": "EUG",
        "METHOD": "SURV",
        "FCLASS": "LOCAL",
        "PAVED": "Y",
        "DIR": " ",
        "NAME": "CHAMBERS",
        "TYPE": "ALY",
        "SPEED": 15,
        "AIRSSPEED": 10,
        "ONEWAY": "BW",
        "TRAFFLOW": "BW",
        "AIRSNAME": "CHAMBERS ALY",
        "F_ZLEV": 5,
        "T_ZLEV": 5,
        "L_LADD": 1251,
        "L_HADD": 1299,
        "R_LADD": 1250,
        "R_HADD": 1298,
        "SNOWROUTE": null,
        "EVAC": " ",
        "LCPWID": 0,
        "OBJECTID": 527,
        "ER_ROUTES": 5,
        "ACCESS_CNT": " ",
        "Shape.STLength()": 199.62030044484928,
        "ROW_Width_Max": 14,
        "ROW_Width_Min": 0,
        "created_user": null,
        "created_date": null,
        "last_edited_user": "CEWEMVM",
        "last_edited_date": 1518089061000,
        "GlobalID": "{A463137D-783A-417C-AD80-97DF36060343}",
        "layer": "roads",
        "source": "city-of-eugene-gis"
      }
    },
    {
      "type": "Feature",
      "id": "roads_20",
      "geometry": {
        "type": "LineString",
        "coordinates": [
          [
            -123.11882823964517,
            44.04498732013902
          ],
          [
            -123.11882610247466,
            44.04444181414823
          ]
        ]
      },
      "properties": {
        "SEG_ID": 20050891,
        "EUGID": 50891,
        "OWNER": "EUG",
        "MAINT": "EUG",
        "SOURCE": "EUG",
        "METHOD": "SURV",
        "FCLASS": "LOCAL",
        "PAVED": "N",
        "DIR": " ",
        "NAME": "CHAMBERS",
        "TYPE": "ALY",
        "SPEED": 15,
        "AIRSSPEED": 5,
        "ONEWAY": "BW",
        "TRAFFLOW": "BW",
        "AIRSNAME": "CHAMBERS ALY",
        "F_ZLEV": 5,
        "T_ZLEV": 5,
        "L_LADD": 1351,
        "L_HADD": 1399,
        "R_LADD": 1350,
        "R_HADD": 1398,
        "SNOWROUTE": null,
        "EVAC": " ",
        "LCPWID": 0,
        "OBJECTID": 528,
        "ER_ROUTES": 5,
        "ACCESS_CNT": " ",
        "Shape.STLength()": 198.864236969852,
        "ROW_Width_Max": 14,
        "ROW_Width_Min": 0,
        "created_user": null,
        "created_date": null,
        "last_edited_user": "CEWEMVM",
        "last_edited_date": 1518089061000,
        "GlobalID": "{BAE8A660-8B37-40CB-B436-8E5701297FFA}",
        "layer": "roads",
        "source": "city-of-eugene-gis"
      }
    },
    {
      "type": "Feature",
      "id": "roads_21",
      "geometry": {
        "type": "LineString",
        "coordinates": [
          [
            -123.11882787671605,
            44.04389200043394
          ],
          [
            -123.11882963978343,
            44.043344117324644
          ]
        ]
      },
      "properties": {
        "SEG_ID": 20050892,
        "EUGID": 50892,
        "OWNER": "EUG",
        "MAINT": "EUG",
        "SOURCE": "EUG",
        "METHOD": "SURV",
        "FCLASS": "LOCAL",
        "PAVED": "N",
        "DIR": " ",
        "NAME": "CHAMBERS",
        "TYPE": "ALY",
        "SPEED": 15,
        "AIRSSPEED": 5,
        "ONEWAY": "BW",
        "TRAFFLOW": "BW",
        "AIRSNAME": "CHAMBERS ALY",
        "F_ZLEV": 5,
        "T_ZLEV": 5,
        "L_LADD": 1451,
        "L_HADD": 1499,
        "R_LADD": 1450,
        "R_HADD": 1498,
        "SNOWROUTE": null,
        "EVAC": " ",
        "LCPWID": 0,
        "OBJECTID": 529,
        "ER_ROUTES": 5,
        "ACCESS_CNT": " ",
        "Shape.STLength()": 199.73045908373805,
        "ROW_Width_Max": 14,
        "ROW_Width_Min": 0,
        "created_user": null,
        "created_date": null,
        "last_edited_user": "CEWEMVM",
        "last_edited_date": 1518089061000,
        "GlobalID": "{3F2BE1DE-53CB-4230-A62E-DC2AE6FFBE6B}",
        "layer": "roads",
        "source": "city-of-eugene-gis"
      }
    },
    {
      "type": "Feature",
      "id": "roads_22",
      "geometry": {
        "type": "LineString",
        "coordinates": [
          [
            -123.11809243483664,
            44.05091351737047
          ],
          [
            -123.12012014331927,
            44.05091471050931
          ]
        ]
      },
      "properties": {
        "SEG_ID": 20005480,
        "EUGID": 5480,
        "OWNER": "EUG",
        "MAINT": "EUG",
        "SOURCE": "EUG",
        "METHOD": "SURV",
        "FCLASS": "LOCAL",
        "PAVED": "Y",
        "DIR": "W",
        "NAME": "8TH",
        "TYPE": "AVE",
        "SPEED": 25,
        "AIRSSPEED": 25,
        "ONEWAY": "BW",
        "TRAFFLOW": "BW",
        "AIRSNAME": "W 8TH AVE",
        "F_ZLEV": 5,
        "T_ZLEV": 5,
        "L_LADD": 1700,
        "L_HADD": 1798,
        "R_LADD": 1701,
        "R_HADD": 1799,
        "SNOWROUTE": 3,
        "EVAC": " ",
        "LCPWID": 0,
        "OBJECTID": 530,
        "ER_ROUTES": 5,
        "ACCESS_CNT": " ",
        "Shape.STLength()": 533.1294567132402,
        "ROW_Width_Max": 60,
        "ROW_Width_Min": 0,
        "created_user": null,
        "created_date": null,
        "last_edited_user": "PWE_GDB_TRANSPORT_ADMIN",
        "last_edited_date": 1772212902000,
        "GlobalID": "{2A96F1F3-FC08-4985-B111-55D4FF7D9B47}",
        "layer": "roads",
        "source": "city-of-eugene-gis"
      }
    },
    {
      "type": "Feature",
      "id": "roads_23",
      "geometry": {
        "type": "LineString",
        "coordinates": [
          [
            -123.11836962042241,
            44.052161136636464
          ],
          [
            -123.1201193767378,
            44.05216422297611
          ]
        ]
      },
      "properties": {
        "SEG_ID": 20005341,
        "EUGID": 5341,
        "OWNER": "EUG",
        "MAINT": "EUG",
        "SOURCE": "EUG",
        "METHOD": "DIG",
        "FCLASS": "MAJART",
        "PAVED": "Y",
        "DIR": "W",
        "NAME": "7TH",
        "TYPE": "AVE",
        "SPEED": 30,
        "AIRSSPEED": 30,
        "ONEWAY": "TF",
        "TRAFFLOW": "E",
        "AIRSNAME": "W 7TH AVE",
        "F_ZLEV": 5,
        "T_ZLEV": 5,
        "L_LADD": 1700,
        "L_HADD": 1798,
        "R_LADD": 1701,
        "R_HADD": 1799,
        "SNOWROUTE": 1,
        "EVAC": " ",
        "LCPWID": 0,
        "OBJECTID": 531,
        "ER_ROUTES": 1,
        "ACCESS_CNT": "Y",
        "Shape.STLength()": 460.0413905805586,
        "ROW_Width_Max": 100,
        "ROW_Width_Min": 0,
        "created_user": null,
        "created_date": null,
        "last_edited_user": "PWE_GDB_TRANSPORT_ADMIN",
        "last_edited_date": 1772212902000,
        "GlobalID": "{90148EE2-C569-4237-9660-EE58989A0C5D}",
        "layer": "roads",
        "source": "city-of-eugene-gis"
      }
    },
    {
      "type": "Feature",
      "id": "roads_24",
      "geometry": {
        "type": "LineString",
        "coordinates": [
          [
            -123.11848783079101,
            44.05326362463403
          ],
          [
            -123.1201378348616,
            44.05326568934546
          ]
        ]
      },
      "properties": {
        "SEG_ID": 20005259,
        "EUGID": 5259,
        "OWNER": "EUG",
        "MAINT": "EUG",
        "SOURCE": "EUG",
        "METHOD": "DIG",
        "FCLASS": "MAJART",
        "PAVED": "Y",
        "DIR": "W",
        "NAME": "6TH",
        "TYPE": "AVE",
        "SPEED": 30,
        "AIRSSPEED": 30,
        "ONEWAY": "FT",
        "TRAFFLOW": "W",
        "AIRSNAME": "W 6TH AVE",
        "F_ZLEV": 5,
        "T_ZLEV": 5,
        "L_LADD": 1700,
        "L_HADD": 1798,
        "R_LADD": 1701,
        "R_HADD": 1799,
        "SNOWROUTE": 1,
        "EVAC": " ",
        "LCPWID": 0,
        "OBJECTID": 532,
        "ER_ROUTES": 4,
        "ACCESS_CNT": "Y",
        "Shape.STLength()": 433.80622992947866,
        "ROW_Width_Max": 66,
        "ROW_Width_Min": 0,
        "created_user": null,
        "created_date": null,
        "last_edited_user": "PWE_GDB_TRANSPORT_ADMIN",
        "last_edited_date": 1772212902000,
        "GlobalID": "{838C7CAE-A0B9-410B-AF6D-9FFAB24C7769}",
        "layer": "roads",
        "source": "city-of-eugene-gis"
      }
    },
    {
      "type": "Feature",
      "id": "roads_25",
      "geometry": {
        "type": "LineString",
        "coordinates": [
          [
            -123.11780371049076,
            44.03560098372967
          ],
          [
            -123.1178033327078,
            44.03403694532022
          ]
        ]
      },
      "properties": {
        "SEG_ID": 20051390,
        "EUGID": 919,
        "OWNER": "EUG",
        "MAINT": "EUG",
        "SOURCE": "EUG",
        "METHOD": "SURV",
        "FCLASS": "MINART",
        "PAVED": "Y",
        "DIR": " ",
        "NAME": "CHAMBERS",
        "TYPE": "ST",
        "SPEED": 30,
        "AIRSSPEED": 30,
        "ONEWAY": "BW",
        "TRAFFLOW": "BW",
        "AIRSNAME": "CHAMBERS ST",
        "F_ZLEV": 5,
        "T_ZLEV": 5,
        "L_LADD": 2201,
        "L_HADD": 2305,
        "R_LADD": 2208,
        "R_HADD": 2298,
        "SNOWROUTE": 1,
        "EVAC": "PRIMARY",
        "LCPWID": 0,
        "OBJECTID": 719,
        "ER_ROUTES": 4,
        "ACCESS_CNT": "Y",
        "Shape.STLength()": 570.1655201081869,
        "ROW_Width_Max": 80,
        "ROW_Width_Min": 0,
        "created_user": null,
        "created_date": null,
        "last_edited_user": "PWE_GDB_TRANSPORT_ADMIN",
        "last_edited_date": 1772212902000,
        "GlobalID": "{3D1DE8C4-FD58-4600-832E-45048A04A4C5}",
        "layer": "roads",
        "source": "city-of-eugene-gis"
      }
    },
    {
      "type": "Feature",
      "id": "roads_26",
      "geometry": {
        "type": "LineString",
        "coordinates": [
          [
            -123.1178033327078,
            44.03403694532022
          ],
          [
            -123.11778018343831,
            44.03327251962699
          ],
          [
            -123.11776939715655,
            44.03315015396949
          ]
        ]
      },
      "properties": {
        "SEG_ID": 20000921,
        "EUGID": 921,
        "OWNER": "EUG",
        "MAINT": "EUG",
        "SOURCE": "EUG",
        "METHOD": "SURV",
        "FCLASS": "MINART",
        "PAVED": "Y",
        "DIR": " ",
        "NAME": "CHAMBERS",
        "TYPE": "ST",
        "SPEED": 30,
        "AIRSSPEED": 30,
        "ONEWAY": "BW",
        "TRAFFLOW": "BW",
        "AIRSNAME": "CHAMBERS ST",
        "F_ZLEV": 5,
        "T_ZLEV": 5,
        "L_LADD": 2307,
        "L_HADD": 2399,
        "R_LADD": 2300,
        "R_HADD": 2398,
        "SNOWROUTE": 1,
        "EVAC": "PRIMARY",
        "LCPWID": 0,
        "OBJECTID": 720,
        "ER_ROUTES": 4,
        "ACCESS_CNT": "Y",
        "Shape.STLength()": 323.4335600782008,
        "ROW_Width_Max": 80,
        "ROW_Width_Min": 0,
        "created_user": null,
        "created_date": null,
        "last_edited_user": "PWE_GDB_TRANSPORT_ADMIN",
        "last_edited_date": 1772212902000,
        "GlobalID": "{37D79A29-AC7F-4EBC-A054-A059F3485262}",
        "layer": "roads",
        "source": "city-of-eugene-gis"
      }
    },
    {
      "type": "Feature",
      "id": "roads_27",
      "geometry": {
        "type": "LineString",
        "coordinates": [
          [
            -123.11776939715655,
            44.03315015396949
          ],
          [
            -123.11780258617087,
            44.03230379944161
          ]
        ]
      },
      "properties": {
        "SEG_ID": 20000922,
        "EUGID": 922,
        "OWNER": "EUG",
        "MAINT": "EUG",
        "SOURCE": "EUG",
        "METHOD": "SURV",
        "FCLASS": "MINART",
        "PAVED": "Y",
        "DIR": " ",
        "NAME": "CHAMBERS",
        "TYPE": "ST",
        "SPEED": 35,
        "AIRSSPEED": 30,
        "ONEWAY": "BW",
        "TRAFFLOW": "BW",
        "AIRSNAME": "CHAMBERS ST",
        "F_ZLEV": 5,
        "T_ZLEV": 5,
        "L_LADD": 2401,
        "L_HADD": 2499,
        "R_LADD": 2400,
        "R_HADD": 2498,
        "SNOWROUTE": 1,
        "EVAC": "PRIMARY",
        "LCPWID": 0,
        "OBJECTID": 721,
        "ER_ROUTES": 4,
        "ACCESS_CNT": "Y",
        "Shape.STLength()": 308.6591680430986,
        "ROW_Width_Max": 65,
        "ROW_Width_Min": 0,
        "created_user": null,
        "created_date": null,
        "last_edited_user": "PWE_GDB_TRANSPORT_ADMIN",
        "last_edited_date": 1772212902000,
        "GlobalID": "{A1F44048-212C-43BE-A6F0-79575A7F5B94}",
        "layer": "roads",
        "source": "city-of-eugene-gis"
      }
    },
    {
      "type": "Feature",
      "id": "roads_28",
      "geometry": {
        "type": "LineString",
        "coordinates": [
          [
            -123.11780258617087,
            44.03230379944161
          ],
          [
            -123.11780114826813,
            44.030551704120526
          ]
        ]
      },
      "properties": {
        "SEG_ID": 20000924,
        "EUGID": 924,
        "OWNER": "EUG",
        "MAINT": "EUG",
        "SOURCE": "EUG",
        "METHOD": "SURV",
        "FCLASS": "MINART",
        "PAVED": "Y",
        "DIR": " ",
        "NAME": "CHAMBERS",
        "TYPE": "ST",
        "SPEED": 35,
        "AIRSSPEED": 35,
        "ONEWAY": "BW",
        "TRAFFLOW": "BW",
        "AIRSNAME": "CHAMBERS ST",
        "F_ZLEV": 5,
        "T_ZLEV": 5,
        "L_LADD": 2501,
        "L_HADD": 2599,
        "R_LADD": 2500,
        "R_HADD": 2598,
        "SNOWROUTE": 4,
        "EVAC": "PRIMARY",
        "LCPWID": 0,
        "OBJECTID": 722,
        "ER_ROUTES": 4,
        "ACCESS_CNT": "Y",
        "Shape.STLength()": 638.7202533340152,
        "ROW_Width_Max": 65,
        "ROW_Width_Min": 0,
        "created_user": null,
        "created_date": null,
        "last_edited_user": "PWE_GDB_TRANSPORT_ADMIN",
        "last_edited_date": 1772212902000,
        "GlobalID": "{206C6E78-07F1-466B-B7AA-E9C9B44D1D24}",
        "layer": "roads",
        "source": "city-of-eugene-gis"
      }
    },
    {
      "type": "Feature",
      "id": "roads_29",
      "geometry": {
        "type": "LineString",
        "coordinates": [
          [
            -123.11780114826813,
            44.030551704120526
          ],
          [
            -123.11779983590264,
            44.02895593003506
          ]
        ]
      },
      "properties": {
        "SEG_ID": 20000862,
        "EUGID": 862,
        "OWNER": "EUG",
        "MAINT": "EUG",
        "SOURCE": "EUG",
        "METHOD": "SURV",
        "FCLASS": "MINART",
        "PAVED": "Y",
        "DIR": " ",
        "NAME": "CHAMBERS",
        "TYPE": "ST",
        "SPEED": 35,
        "AIRSSPEED": 35,
        "ONEWAY": "BW",
        "TRAFFLOW": "BW",
        "AIRSNAME": "CHAMBERS ST",
        "F_ZLEV": 5,
        "T_ZLEV": 5,
        "L_LADD": 2601,
        "L_HADD": 2699,
        "R_LADD": 2600,
        "R_HADD": 2698,
        "SNOWROUTE": 4,
        "EVAC": "PRIMARY",
        "LCPWID": 0,
        "OBJECTID": 723,
        "ER_ROUTES": 4,
        "ACCESS_CNT": "Y",
        "Shape.STLength()": 581.7334634307459,
        "ROW_Width_Max": 65,
        "ROW_Width_Min": 0,
        "created_user": null,
        "created_date": null,
        "last_edited_user": "PWE_GDB_TRANSPORT_ADMIN",
        "last_edited_date": 1772212902000,
        "GlobalID": "{B9FB2F36-83F5-44CC-9B72-B901EBA1B1C4}",
        "layer": "roads",
        "source": "city-of-eugene-gis"
      }
    },
    {
      "type": "Feature",
      "id": "roads_30",
      "geometry": {
        "type": "LineString",
        "coordinates": [
          [
            -123.11808246124737,
            44.048873414284685
          ],
          [
            -123.1201246322815,
            44.04886346384933
          ]
        ]
      },
      "properties": {
        "SEG_ID": 20023856,
        "EUGID": 23856,
        "OWNER": "EUG",
        "MAINT": "EUG",
        "SOURCE": "EUG",
        "METHOD": "SURV",
        "FCLASS": "LOCAL",
        "PAVED": "N",
        "DIR": "W",
        "NAME": "9TH",
        "TYPE": "ALY",
        "SPEED": 15,
        "AIRSSPEED": 5,
        "ONEWAY": "BW",
        "TRAFFLOW": "BW",
        "AIRSNAME": "W 9TH ALY",
        "F_ZLEV": 5,
        "T_ZLEV": 5,
        "L_LADD": 1700,
        "L_HADD": 1798,
        "R_LADD": 1701,
        "R_HADD": 1799,
        "SNOWROUTE": null,
        "EVAC": " ",
        "LCPWID": 0,
        "OBJECTID": 724,
        "ER_ROUTES": 5,
        "ACCESS_CNT": " ",
        "Shape.STLength()": 536.9622405745978,
        "ROW_Width_Max": 12,
        "ROW_Width_Min": 0,
        "created_user": null,
        "created_date": null,
        "last_edited_user": "CEWEMVM",
        "last_edited_date": 1518089062000,
        "GlobalID": "{57461213-5864-4C21-9AEE-33E19E0FF5D7}",
        "layer": "roads",
        "source": "city-of-eugene-gis"
      }
    },
    {
      "type": "Feature",
      "id": "roads_31",
      "geometry": {
        "type": "LineString",
        "coordinates": [
          [
            -123.12028228306121,
            44.05753884000581
          ],
          [
            -123.12025455838287,
            44.05922822682978
          ]
        ]
      },
      "properties": {
        "SEG_ID": 20053704,
        "EUGID": 53704,
        "OWNER": "PVT",
        "MAINT": "PVT",
        "SOURCE": "EUG",
        "METHOD": " ",
        "FCLASS": "LOCAL",
        "PAVED": "Y",
        "DIR": " ",
        "NAME": "PRIVATE ROAD",
        "TYPE": " ",
        "SPEED": 25,
        "AIRSSPEED": 25,
        "ONEWAY": "BW",
        "TRAFFLOW": "BW",
        "AIRSNAME": "PRIVATE ROAD",
        "F_ZLEV": 5,
        "T_ZLEV": 5,
        "L_LADD": 0,
        "L_HADD": 0,
        "R_LADD": 0,
        "R_HADD": 0,
        "SNOWROUTE": null,
        "EVAC": " ",
        "LCPWID": 0,
        "OBJECTID": 957,
        "ER_ROUTES": 5,
        "ACCESS_CNT": " ",
        "Shape.STLength()": 615.9104736864182,
        "ROW_Width_Max": null,
        "ROW_Width_Min": null,
        "created_user": null,
        "created_date": null,
        "last_edited_user": "CEWEMVM",
        "last_edited_date": 1518089062000,
        "GlobalID": "{43481919-BE42-4207-B30B-A5BFF73ED2EE}",
        "layer": "roads",
        "source": "city-of-eugene-gis"
      }
    },
    {
      "type": "Feature",
      "id": "roads_32",
      "geometry": {
        "type": "LineString",
        "coordinates": [
          [
            -123.12012382970977,
            44.04922387823601
          ],
          [
            -123.12164511529123,
            44.04923393517237
          ]
        ]
      },
      "properties": {
        "SEG_ID": 20023002,
        "EUGID": 23002,
        "OWNER": "EUG",
        "MAINT": "EUG",
        "SOURCE": "EUG",
        "METHOD": "SURV",
        "FCLASS": "LOCAL",
        "PAVED": "Y",
        "DIR": "W",
        "NAME": "9TH",
        "TYPE": "PL",
        "SPEED": 25,
        "AIRSSPEED": 25,
        "ONEWAY": "BW",
        "TRAFFLOW": "BW",
        "AIRSNAME": "W 9TH PL",
        "F_ZLEV": 5,
        "T_ZLEV": 5,
        "L_LADD": 1800,
        "L_HADD": 1898,
        "R_LADD": 1801,
        "R_HADD": 1899,
        "SNOWROUTE": null,
        "EVAC": " ",
        "LCPWID": 0,
        "OBJECTID": 1232,
        "ER_ROUTES": 5,
        "ACCESS_CNT": " ",
        "Shape.STLength()": 400.00749122319394,
        "ROW_Width_Max": 50,
        "ROW_Width_Min": 0,
        "created_user": null,
        "created_date": null,
        "last_edited_user": "CEWEMVM",
        "last_edited_date": 1518089066000,
        "GlobalID": "{2C39B53E-994C-49CF-B82F-ACFA0DAC6C15}",
        "layer": "roads",
        "source": "city-of-eugene-gis"
      }
    },
    {
      "type": "Feature",
      "id": "roads_33",
      "geometry": {
        "type": "LineString",
        "coordinates": [
          [
            -123.1190647784674,
            44.040431749001726
          ],
          [
            -123.11906427661876,
            44.03619427345298
          ]
        ]
      },
      "properties": {
        "SEG_ID": 20003939,
        "EUGID": 3939,
        "OWNER": "EUG",
        "MAINT": "EUG",
        "SOURCE": "EUG",
        "METHOD": "SURV",
        "FCLASS": "LOCAL",
        "PAVED": "Y",
        "DIR": " ",
        "NAME": "PIERCE",
        "TYPE": "ST",
        "SPEED": 20,
        "AIRSSPEED": 20,
        "ONEWAY": "BW",
        "TRAFFLOW": "BW",
        "AIRSNAME": "PIERCE ST",
        "F_ZLEV": 5,
        "T_ZLEV": 5,
        "L_LADD": 1801,
        "L_HADD": 2199,
        "R_LADD": 1800,
        "R_HADD": 2198,
        "SNOWROUTE": null,
        "EVAC": " ",
        "LCPWID": 0,
        "OBJECTID": 1239,
        "ER_ROUTES": 5,
        "ACCESS_CNT": " ",
        "Shape.STLength()": 1544.761389590759,
        "ROW_Width_Max": 60,
        "ROW_Width_Min": 0,
        "created_user": null,
        "created_date": null,
        "last_edited_user": "PWE_GDB_TRANSPORT_ADMIN",
        "last_edited_date": 1716941759000,
        "GlobalID": "{C16651C8-CFF4-492C-AB0A-610C3566B749}",
        "layer": "roads",
        "source": "city-of-eugene-gis"
      }
    },
    {
      "type": "Feature",
      "id": "roads_34",
      "geometry": {
        "type": "LineString",
        "coordinates": [
          [
            -123.12035483306884,
            44.04127410787122
          ],
          [
            -123.1215599328126,
            44.04128836245143
          ]
        ]
      },
      "properties": {
        "SEG_ID": 20005867,
        "EUGID": 5867,
        "OWNER": "EUG",
        "MAINT": "EUG",
        "SOURCE": "EUG",
        "METHOD": "SURV",
        "FCLASS": "LOCAL",
        "PAVED": "Y",
        "DIR": "W",
        "NAME": "17TH",
        "TYPE": "AVE",
        "SPEED": 25,
        "AIRSSPEED": 25,
        "ONEWAY": "BW",
        "TRAFFLOW": "BW",
        "AIRSNAME": "W 17TH AVE",
        "F_ZLEV": 5,
        "T_ZLEV": 5,
        "L_LADD": 1800,
        "L_HADD": 1898,
        "R_LADD": 1801,
        "R_HADD": 1899,
        "SNOWROUTE": null,
        "EVAC": " ",
        "LCPWID": 0,
        "OBJECTID": 1240,
        "ER_ROUTES": 5,
        "ACCESS_CNT": " ",
        "Shape.STLength()": 316.9404344047019,
        "ROW_Width_Max": 50,
        "ROW_Width_Min": 0,
        "created_user": null,
        "created_date": null,
        "last_edited_user": "CEWEMVM",
        "last_edited_date": 1518089066000,
        "GlobalID": "{B1B3C070-5104-45CE-8D9C-71F835AD62CD}",
        "layer": "roads",
        "source": "city-of-eugene-gis"
      }
    },
    {
      "type": "Feature",
      "id": "roads_35",
      "geometry": {
        "type": "LineString",
        "coordinates": [
          [
            -123.1193748119029,
            44.0289641628233
          ],
          [
            -123.11779983590264,
            44.02895593003506
          ]
        ]
      },
      "properties": {
        "SEG_ID": 20000849,
        "EUGID": 849,
        "OWNER": "EUG",
        "MAINT": "EUG",
        "SOURCE": "EUG",
        "METHOD": "SURV",
        "FCLASS": "LOCAL",
        "PAVED": "Y",
        "DIR": " ",
        "NAME": "CHAMBERS",
        "TYPE": "ST",
        "SPEED": 25,
        "AIRSSPEED": 25,
        "ONEWAY": "BW",
        "TRAFFLOW": "BW",
        "AIRSNAME": "CHAMBERS ST",
        "F_ZLEV": 5,
        "T_ZLEV": 5,
        "L_LADD": 0,
        "L_HADD": 0,
        "R_LADD": 2700,
        "R_HADD": 2762,
        "SNOWROUTE": null,
        "EVAC": " ",
        "LCPWID": 0,
        "OBJECTID": 1241,
        "ER_ROUTES": 5,
        "ACCESS_CNT": " ",
        "Shape.STLength()": 414.2573087281383,
        "ROW_Width_Max": 60,
        "ROW_Width_Min": 0,
        "created_user": null,
        "created_date": null,
        "last_edited_user": "CEWEMVM",
        "last_edited_date": 1518089066000,
        "GlobalID": "{FD635158-F690-4778-85B4-7110DDA2E9A0}",
        "layer": "roads",
        "source": "city-of-eugene-gis"
      }
    },
    {
      "type": "Feature",
      "id": "roads_36",
      "geometry": {
        "type": "LineString",
        "coordinates": [
          [
            -123.12012014331927,
            44.05091471050931
          ],
          [
            -123.12284571800824,
            44.05091757095745
          ]
        ]
      },
      "properties": {
        "SEG_ID": 20023001,
        "EUGID": 23001,
        "OWNER": "EUG",
        "MAINT": "EUG",
        "SOURCE": "EUG",
        "METHOD": "SURV",
        "FCLASS": "LOCAL",
        "PAVED": "Y",
        "DIR": "W",
        "NAME": "8TH",
        "TYPE": "AVE",
        "SPEED": 25,
        "AIRSSPEED": 25,
        "ONEWAY": "BW",
        "TRAFFLOW": "BW",
        "AIRSNAME": "W 8TH AVE",
        "F_ZLEV": 5,
        "T_ZLEV": 5,
        "L_LADD": 1800,
        "L_HADD": 1998,
        "R_LADD": 1801,
        "R_HADD": 1999,
        "SNOWROUTE": 3,
        "EVAC": " ",
        "LCPWID": 0,
        "OBJECTID": 1293,
        "ER_ROUTES": 5,
        "ACCESS_CNT": " ",
        "Shape.STLength()": 716.6144303441348,
        "ROW_Width_Max": 60,
        "ROW_Width_Min": 0,
        "created_user": null,
        "created_date": null,
        "last_edited_user": "PWE_GDB_TRANSPORT_ADMIN",
        "last_edited_date": 1772212902000,
        "GlobalID": "{50B1154C-910C-4D6E-BBD6-E70B18F62A1E}",
        "layer": "roads",
        "source": "city-of-eugene-gis"
      }
    },
    {
      "type": "Feature",
      "id": "roads_37",
      "geometry": {
        "type": "LineString",
        "coordinates": [
          [
            -123.11906427661876,
            44.03619427345298
          ],
          [
            -123.11906402559785,
            44.03405227356849
          ]
        ]
      },
      "properties": {
        "SEG_ID": 20003941,
        "EUGID": 3941,
        "OWNER": "EUG",
        "MAINT": "EUG",
        "SOURCE": "EUG",
        "METHOD": "SURV",
        "FCLASS": "LOCAL",
        "PAVED": "Y",
        "DIR": " ",
        "NAME": "PIERCE",
        "TYPE": "ST",
        "SPEED": 20,
        "AIRSSPEED": 20,
        "ONEWAY": "BW",
        "TRAFFLOW": "BW",
        "AIRSNAME": "PIERCE ST",
        "F_ZLEV": 5,
        "T_ZLEV": 5,
        "L_LADD": 2201,
        "L_HADD": 2299,
        "R_LADD": 2200,
        "R_HADD": 2298,
        "SNOWROUTE": null,
        "EVAC": " ",
        "LCPWID": 0,
        "OBJECTID": 1297,
        "ER_ROUTES": 5,
        "ACCESS_CNT": " ",
        "Shape.STLength()": 780.859741317545,
        "ROW_Width_Max": 60,
        "ROW_Width_Min": 0,
        "created_user": null,
        "created_date": null,
        "last_edited_user": "PWE_GDB_TRANSPORT_ADMIN",
        "last_edited_date": 1716941759000,
        "GlobalID": "{0AA9BA72-5680-4117-BDC2-876E5184B173}",
        "layer": "roads",
        "source": "city-of-eugene-gis"
      }
    },
    {
      "type": "Feature",
      "id": "roads_38",
      "geometry": {
        "type": "LineString",
        "coordinates": [
          [
            -123.1201193767378,
            44.05216422297611
          ],
          [
            -123.12277038343488,
            44.052168796529095
          ]
        ]
      },
      "properties": {
        "SEG_ID": 20005355,
        "EUGID": 5355,
        "OWNER": "EUG",
        "MAINT": "EUG",
        "SOURCE": "EUG",
        "METHOD": "DIG",
        "FCLASS": "MAJART",
        "PAVED": "Y",
        "DIR": "W",
        "NAME": "7TH",
        "TYPE": "AVE",
        "SPEED": 30,
        "AIRSSPEED": 30,
        "ONEWAY": "TF",
        "TRAFFLOW": "E",
        "AIRSNAME": "W 7TH AVE",
        "F_ZLEV": 5,
        "T_ZLEV": 5,
        "L_LADD": 1800,
        "L_HADD": 1998,
        "R_LADD": 1801,
        "R_HADD": 1999,
        "SNOWROUTE": 1,
        "EVAC": " ",
        "LCPWID": 0,
        "OBJECTID": 1299,
        "ER_ROUTES": 1,
        "ACCESS_CNT": "Y",
        "Shape.STLength()": 696.995667993033,
        "ROW_Width_Max": 100,
        "ROW_Width_Min": 0,
        "created_user": null,
        "created_date": null,
        "last_edited_user": "PWE_GDB_TRANSPORT_ADMIN",
        "last_edited_date": 1772212902000,
        "GlobalID": "{835EDE15-8DBB-4061-A911-3F6E8FCB30C7}",
        "layer": "roads",
        "source": "city-of-eugene-gis"
      }
    },
    {
      "type": "Feature",
      "id": "roads_39",
      "geometry": {
        "type": "LineString",
        "coordinates": [
          [
            -123.11773072310861,
            44.04041928536798
          ],
          [
            -123.1190647784674,
            44.040431749001726
          ]
        ]
      },
      "properties": {
        "SEG_ID": 20005911,
        "EUGID": 5911,
        "OWNER": "EUG",
        "MAINT": "EUG",
        "SOURCE": "EUG",
        "METHOD": "SURV",
        "FCLASS": "MINART",
        "PAVED": "Y",
        "DIR": "W",
        "NAME": "18TH",
        "TYPE": "AVE",
        "SPEED": 30,
        "AIRSSPEED": 30,
        "ONEWAY": "BW",
        "TRAFFLOW": "BW",
        "AIRSNAME": "W 18TH AVE",
        "F_ZLEV": 5,
        "T_ZLEV": 5,
        "L_LADD": 1700,
        "L_HADD": 1748,
        "R_LADD": 1701,
        "R_HADD": 1749,
        "SNOWROUTE": 2,
        "EVAC": " ",
        "LCPWID": 0,
        "OBJECTID": 1300,
        "ER_ROUTES": 4,
        "ACCESS_CNT": "Y",
        "Shape.STLength()": 350.84290523892355,
        "ROW_Width_Max": 80,
        "ROW_Width_Min": 0,
        "created_user": null,
        "created_date": null,
        "last_edited_user": "PWE_GDB_TRANSPORT_ADMIN",
        "last_edited_date": 1772212902000,
        "GlobalID": "{B4584516-1255-4E0E-8659-F943CC63BD6D}",
        "layer": "roads",
        "source": "city-of-eugene-gis"
      }
    },
    {
      "type": "Feature",
      "id": "roads_40",
      "geometry": {
        "type": "LineString",
        "coordinates": [
          [
            -123.11774190744362,
            44.041310240094404
          ],
          [
            -123.11837658237327,
            44.04131496723836
          ],
          [
            -123.11847721133827,
            44.04131390444653
          ],
          [
            -123.11856145777928,
            44.041309519486425
          ],
          [
            -123.1186730717071,
            44.041298735420355
          ],
          [
            -123.1188100266945,
            44.04127895067265
          ],
          [
            -123.11891918093849,
            44.04126700270583
          ],
          [
            -123.11902922241947,
            44.0412605757675
          ],
          [
            -123.11912788117189,
            44.04125953255756
          ],
          [
            -123.12035483306884,
            44.04127410787122
          ]
        ]
      },
      "properties": {
        "SEG_ID": 20005857,
        "EUGID": 5857,
        "OWNER": "EUG",
        "MAINT": "EUG",
        "SOURCE": "EUG",
        "METHOD": "SURV",
        "FCLASS": "LOCAL",
        "PAVED": "Y",
        "DIR": "W",
        "NAME": "17TH",
        "TYPE": "AVE",
        "SPEED": 20,
        "AIRSSPEED": 20,
        "ONEWAY": "BW",
        "TRAFFLOW": "BW",
        "AIRSNAME": "W 17TH AVE",
        "F_ZLEV": 5,
        "T_ZLEV": 5,
        "L_LADD": 1700,
        "L_HADD": 1798,
        "R_LADD": 1701,
        "R_HADD": 1799,
        "SNOWROUTE": null,
        "EVAC": " ",
        "LCPWID": 0,
        "OBJECTID": 1301,
        "ER_ROUTES": 5,
        "ACCESS_CNT": " ",
        "Shape.STLength()": 688.6216862884258,
        "ROW_Width_Max": 50,
        "ROW_Width_Min": 0,
        "created_user": null,
        "created_date": null,
        "last_edited_user": "PWE_GDB_TRANSPORT_ADMIN",
        "last_edited_date": 1717013307000,
        "GlobalID": "{072F1760-4174-4540-B3DD-AE4925034376}",
        "layer": "roads",
        "source": "city-of-eugene-gis"
      }
    },
    {
      "type": "Feature",
      "id": "roads_41",
      "geometry": {
        "type": "LineString",
        "coordinates": [
          [
            -123.11883589621324,
            44.047738681050255
          ],
          [
            -123.12012711394873,
            44.04775354412997
          ]
        ]
      },
      "properties": {
        "SEG_ID": 20005540,
        "EUGID": 5540,
        "OWNER": "EUG",
        "MAINT": "EUG",
        "SOURCE": "EUG",
        "METHOD": "SURV",
        "FCLASS": "MINART",
        "PAVED": "Y",
        "DIR": "W",
        "NAME": "11TH",
        "TYPE": "AVE",
        "SPEED": 30,
        "AIRSSPEED": 30,
        "ONEWAY": "FT",
        "TRAFFLOW": "W",
        "AIRSNAME": "W 11TH AVE",
        "F_ZLEV": 5,
        "T_ZLEV": 5,
        "L_LADD": 1740,
        "L_HADD": 1798,
        "R_LADD": 1741,
        "R_HADD": 1799,
        "SNOWROUTE": 1,
        "EVAC": " ",
        "LCPWID": 0,
        "OBJECTID": 1334,
        "ER_ROUTES": 1,
        "ACCESS_CNT": "Y",
        "Shape.STLength()": 339.5506590712398,
        "ROW_Width_Max": 66,
        "ROW_Width_Min": 0,
        "created_user": null,
        "created_date": null,
        "last_edited_user": "PWE_GDB_TRANSPORT_ADMIN",
        "last_edited_date": 1772212902000,
        "GlobalID": "{CE4A6306-E0CA-4CEE-96AA-83628F223B28}",
        "layer": "roads",
        "source": "city-of-eugene-gis"
      }
    },
    {
      "type": "Feature",
      "id": "roads_42",
      "geometry": {
        "type": "LineString",
        "coordinates": [
          [
            -123.1188193437303,
            44.04663609334909
          ],
          [
            -123.12012719884147,
            44.04663827638532
          ]
        ]
      },
      "properties": {
        "SEG_ID": 20050730,
        "EUGID": 50730,
        "OWNER": "EUG",
        "MAINT": "EUG",
        "SOURCE": "EUG",
        "METHOD": "SURV",
        "FCLASS": "LOCAL",
        "PAVED": "Y",
        "DIR": "W",
        "NAME": "12TH",
        "TYPE": "AVE",
        "SPEED": 20,
        "AIRSSPEED": 20,
        "ONEWAY": "BW",
        "TRAFFLOW": "BW",
        "AIRSNAME": "W 12TH AVE",
        "F_ZLEV": 5,
        "T_ZLEV": 5,
        "L_LADD": 1740,
        "L_HADD": 1798,
        "R_LADD": 1741,
        "R_HADD": 1799,
        "SNOWROUTE": null,
        "EVAC": " ",
        "LCPWID": 0,
        "OBJECTID": 1335,
        "ER_ROUTES": 5,
        "ACCESS_CNT": " ",
        "Shape.STLength()": 343.88922173779093,
        "ROW_Width_Max": 66,
        "ROW_Width_Min": 0,
        "created_user": null,
        "created_date": null,
        "last_edited_user": "PWE_GDB_TRANSPORT_ADMIN",
        "last_edited_date": 1717013307000,
        "GlobalID": "{FB77F958-81AE-4298-8C1C-C08EA2744E21}",
        "layer": "roads",
        "source": "city-of-eugene-gis"
      }
    },
    {
      "type": "Feature",
      "id": "roads_43",
      "geometry": {
        "type": "LineString",
        "coordinates": [
          [
            -123.12012715979603,
            44.04718082653298
          ],
          [
            -123.12012719884147,
            44.04663827638532
          ]
        ]
      },
      "properties": {
        "SEG_ID": 20050716,
        "EUGID": 50716,
        "OWNER": "EUG",
        "MAINT": "EUG",
        "SOURCE": "EUG",
        "METHOD": "SURV",
        "FCLASS": "LOCAL",
        "PAVED": "Y",
        "DIR": " ",
        "NAME": "GRANT",
        "TYPE": "ST",
        "SPEED": 25,
        "AIRSSPEED": 25,
        "ONEWAY": "BW",
        "TRAFFLOW": "BW",
        "AIRSNAME": "GRANT ST",
        "F_ZLEV": 5,
        "T_ZLEV": 5,
        "L_LADD": 1151,
        "L_HADD": 1199,
        "R_LADD": 1150,
        "R_HADD": 1198,
        "SNOWROUTE": null,
        "EVAC": " ",
        "LCPWID": 0,
        "OBJECTID": 1336,
        "ER_ROUTES": 5,
        "ACCESS_CNT": " ",
        "Shape.STLength()": 197.78608748455264,
        "ROW_Width_Max": 66,
        "ROW_Width_Min": 0,
        "created_user": null,
        "created_date": null,
        "last_edited_user": "CEWEMVM",
        "last_edited_date": 1518089066000,
        "GlobalID": "{B9E2AA1B-3829-4ABC-AE7B-0DD9D7319FE2}",
        "layer": "roads",
        "source": "city-of-eugene-gis"
      }
    },
    {
      "type": "Feature",
      "id": "roads_44",
      "geometry": {
        "type": "LineString",
        "coordinates": [
          [
            -123.12012711394873,
            44.04775354412997
          ],
          [
            -123.12012715979603,
            44.04718082653298
          ]
        ]
      },
      "properties": {
        "SEG_ID": 20002101,
        "EUGID": 2101,
        "OWNER": "EUG",
        "MAINT": "EUG",
        "SOURCE": "EUG",
        "METHOD": "SURV",
        "FCLASS": "LOCAL",
        "PAVED": "Y",
        "DIR": " ",
        "NAME": "GRANT",
        "TYPE": "ST",
        "SPEED": 25,
        "AIRSSPEED": 25,
        "ONEWAY": "BW",
        "TRAFFLOW": "BW",
        "AIRSNAME": "GRANT ST",
        "F_ZLEV": 5,
        "T_ZLEV": 5,
        "L_LADD": 1101,
        "L_HADD": 1149,
        "R_LADD": 1100,
        "R_HADD": 1148,
        "SNOWROUTE": null,
        "EVAC": " ",
        "LCPWID": 0,
        "OBJECTID": 1337,
        "ER_ROUTES": 5,
        "ACCESS_CNT": " ",
        "Shape.STLength()": 208.78365131717987,
        "ROW_Width_Max": 66,
        "ROW_Width_Min": 0,
        "created_user": null,
        "created_date": null,
        "last_edited_user": "CEWEMVM",
        "last_edited_date": 1518089066000,
        "GlobalID": "{F00617EF-3D4E-4B9D-8702-D676F1594B6E}",
        "layer": "roads",
        "source": "city-of-eugene-gis"
      }
    },
    {
      "type": "Feature",
      "id": "roads_45",
      "geometry": {
        "type": "LineString",
        "coordinates": [
          [
            -123.1188303962104,
            44.0455380218452
          ],
          [
            -123.12012716129951,
            44.04554038343126
          ]
        ]
      },
      "properties": {
        "SEG_ID": 20050726,
        "EUGID": 50726,
        "OWNER": "EUG",
        "MAINT": "EUG",
        "SOURCE": "EUG",
        "METHOD": "SURV",
        "FCLASS": "MINART",
        "PAVED": "Y",
        "DIR": "W",
        "NAME": "13TH",
        "TYPE": "AVE",
        "SPEED": 30,
        "AIRSSPEED": 30,
        "ONEWAY": "TF",
        "TRAFFLOW": "E",
        "AIRSNAME": "W 13TH AVE",
        "F_ZLEV": 5,
        "T_ZLEV": 5,
        "L_LADD": 1740,
        "L_HADD": 1798,
        "R_LADD": 1741,
        "R_HADD": 1799,
        "SNOWROUTE": 2,
        "EVAC": " ",
        "LCPWID": 0,
        "OBJECTID": 1338,
        "ER_ROUTES": 4,
        "ACCESS_CNT": "Y",
        "Shape.STLength()": 340.97956770952965,
        "ROW_Width_Max": 66,
        "ROW_Width_Min": 0,
        "created_user": null,
        "created_date": null,
        "last_edited_user": "PWE_GDB_TRANSPORT_ADMIN",
        "last_edited_date": 1772212902000,
        "GlobalID": "{D1D0BE78-E797-4593-828F-711B3B3FD25B}",
        "layer": "roads",
        "source": "city-of-eugene-gis"
      }
    },
    {
      "type": "Feature",
      "id": "roads_46",
      "geometry": {
        "type": "LineString",
        "coordinates": [
          [
            -123.11807926233544,
            44.045536644322276
          ],
          [
            -123.1188303962104,
            44.0455380218452
          ]
        ]
      },
      "properties": {
        "SEG_ID": 20005658,
        "EUGID": 5658,
        "OWNER": "EUG",
        "MAINT": "EUG",
        "SOURCE": "EUG",
        "METHOD": "SURV",
        "FCLASS": "MINART",
        "PAVED": "Y",
        "DIR": "W",
        "NAME": "13TH",
        "TYPE": "AVE",
        "SPEED": 30,
        "AIRSSPEED": 30,
        "ONEWAY": "TF",
        "TRAFFLOW": "E",
        "AIRSNAME": "W 13TH AVE",
        "F_ZLEV": 5,
        "T_ZLEV": 5,
        "L_LADD": 1700,
        "L_HADD": 1738,
        "R_LADD": 1701,
        "R_HADD": 1739,
        "SNOWROUTE": 2,
        "EVAC": " ",
        "LCPWID": 0,
        "OBJECTID": 1339,
        "ER_ROUTES": 4,
        "ACCESS_CNT": "Y",
        "Shape.STLength()": 197.50787984301496,
        "ROW_Width_Max": 66,
        "ROW_Width_Min": 0,
        "created_user": null,
        "created_date": null,
        "last_edited_user": "PWE_GDB_TRANSPORT_ADMIN",
        "last_edited_date": 1772212902000,
        "GlobalID": "{BC4E79CB-30D4-4ABC-8B3A-DF3707EF738E}",
        "layer": "roads",
        "source": "city-of-eugene-gis"
      }
    },
    {
      "type": "Feature",
      "id": "roads_47",
      "geometry": {
        "type": "LineString",
        "coordinates": [
          [
            -123.11882610247466,
            44.04444181414823
          ],
          [
            -123.12012722428011,
            44.04444391482919
          ]
        ]
      },
      "properties": {
        "SEG_ID": 20050723,
        "EUGID": 50723,
        "OWNER": "EUG",
        "MAINT": "EUG",
        "SOURCE": "EUG",
        "METHOD": "SURV",
        "FCLASS": "LOCAL",
        "PAVED": "Y",
        "DIR": "W",
        "NAME": "14TH",
        "TYPE": "AVE",
        "SPEED": 20,
        "AIRSSPEED": 20,
        "ONEWAY": "BW",
        "TRAFFLOW": "BW",
        "AIRSNAME": "W 14TH AVE",
        "F_ZLEV": 5,
        "T_ZLEV": 5,
        "L_LADD": 1740,
        "L_HADD": 1798,
        "R_LADD": 1741,
        "R_HADD": 1799,
        "SNOWROUTE": null,
        "EVAC": " ",
        "LCPWID": 0,
        "OBJECTID": 1340,
        "ER_ROUTES": 5,
        "ACCESS_CNT": " ",
        "Shape.STLength()": 342.13112600882147,
        "ROW_Width_Max": 66,
        "ROW_Width_Min": 0,
        "created_user": null,
        "created_date": null,
        "last_edited_user": "PWE_GDB_TRANSPORT_ADMIN",
        "last_edited_date": 1717013307000,
        "GlobalID": "{28A8ECC9-C1DA-4CFC-84D5-4AE6C2F22E82}",
        "layer": "roads",
        "source": "city-of-eugene-gis"
      }
    },
    {
      "type": "Feature",
      "id": "roads_48",
      "geometry": {
        "type": "LineString",
        "coordinates": [
          [
            -123.12012719299537,
            44.04498408373581
          ],
          [
            -123.12012722428011,
            44.04444391482919
          ]
        ]
      },
      "properties": {
        "SEG_ID": 20050718,
        "EUGID": 50718,
        "OWNER": "EUG",
        "MAINT": "EUG",
        "SOURCE": "EUG",
        "METHOD": "SURV",
        "FCLASS": "LOCAL",
        "PAVED": "Y",
        "DIR": " ",
        "NAME": "GRANT",
        "TYPE": "ST",
        "SPEED": 20,
        "AIRSSPEED": 20,
        "ONEWAY": "BW",
        "TRAFFLOW": "BW",
        "AIRSNAME": "GRANT ST",
        "F_ZLEV": 5,
        "T_ZLEV": 5,
        "L_LADD": 1351,
        "L_HADD": 1399,
        "R_LADD": 1350,
        "R_HADD": 1398,
        "SNOWROUTE": null,
        "EVAC": " ",
        "LCPWID": 0,
        "OBJECTID": 1341,
        "ER_ROUTES": 5,
        "ACCESS_CNT": " ",
        "Shape.STLength()": 196.9178165159672,
        "ROW_Width_Max": 66,
        "ROW_Width_Min": 0,
        "created_user": null,
        "created_date": null,
        "last_edited_user": "PWE_GDB_TRANSPORT_ADMIN",
        "last_edited_date": 1717013307000,
        "GlobalID": "{7C60E059-BA21-40E4-A8E8-2C4FE09A7A3D}",
        "layer": "roads",
        "source": "city-of-eugene-gis"
      }
    },
    {
      "type": "Feature",
      "id": "roads_49",
      "geometry": {
        "type": "LineString",
        "coordinates": [
          [
            -123.12012716129951,
            44.04554038343126
          ],
          [
            -123.12012719299537,
            44.04498408373581
          ]
        ]
      },
      "properties": {
        "SEG_ID": 20002104,
        "EUGID": 2104,
        "OWNER": "EUG",
        "MAINT": "EUG",
        "SOURCE": "EUG",
        "METHOD": "SURV",
        "FCLASS": "LOCAL",
        "PAVED": "Y",
        "DIR": " ",
        "NAME": "GRANT",
        "TYPE": "ST",
        "SPEED": 20,
        "AIRSSPEED": 20,
        "ONEWAY": "BW",
        "TRAFFLOW": "BW",
        "AIRSNAME": "GRANT ST",
        "F_ZLEV": 5,
        "T_ZLEV": 5,
        "L_LADD": 1301,
        "L_HADD": 1349,
        "R_LADD": 1300,
        "R_HADD": 1348,
        "SNOWROUTE": null,
        "EVAC": " ",
        "LCPWID": 0,
        "OBJECTID": 1342,
        "ER_ROUTES": 5,
        "ACCESS_CNT": " ",
        "Shape.STLength()": 202.79832228095069,
        "ROW_Width_Max": 66,
        "ROW_Width_Min": 0,
        "created_user": null,
        "created_date": null,
        "last_edited_user": "PWE_GDB_TRANSPORT_ADMIN",
        "last_edited_date": 1717013307000,
        "GlobalID": "{0CBC6583-3F9F-4D78-A099-B75ADC04856F}",
        "layer": "roads",
        "source": "city-of-eugene-gis"
      }
    },
    {
      "type": "Feature",
      "id": "roads_50",
      "geometry": {
        "type": "LineString",
        "coordinates": [
          [
            -123.11882823964517,
            44.04498732013902
          ],
          [
            -123.12012719299537,
            44.04498408373581
          ]
        ]
      },
      "properties": {
        "SEG_ID": 20023333,
        "EUGID": 23333,
        "OWNER": "EUG",
        "MAINT": "EUG",
        "SOURCE": "EUG",
        "METHOD": "SURV",
        "FCLASS": "LOCAL",
        "PAVED": "N",
        "DIR": "W",
        "NAME": "13TH",
        "TYPE": "ALY",
        "SPEED": 15,
        "AIRSSPEED": 5,
        "ONEWAY": "BW",
        "TRAFFLOW": "BW",
        "AIRSNAME": "W 13TH ALY",
        "F_ZLEV": 5,
        "T_ZLEV": 5,
        "L_LADD": 1700,
        "L_HADD": 1798,
        "R_LADD": 1701,
        "R_HADD": 1799,
        "SNOWROUTE": null,
        "EVAC": " ",
        "LCPWID": 0,
        "OBJECTID": 1343,
        "ER_ROUTES": 5,
        "ACCESS_CNT": " ",
        "Shape.STLength()": 341.55904152704403,
        "ROW_Width_Max": 14,
        "ROW_Width_Min": 0,
        "created_user": null,
        "created_date": null,
        "last_edited_user": "CEWEMVM",
        "last_edited_date": 1518089066000,
        "GlobalID": "{1D69B846-6010-4DD3-8CDB-50E2A3CE3027}",
        "layer": "roads",
        "source": "city-of-eugene-gis"
      }
    },
    {
      "type": "Feature",
      "id": "roads_51",
      "geometry": {
        "type": "LineString",
        "coordinates": [
          [
            -123.11882963978343,
            44.043344117324644
          ],
          [
            -123.12012744000747,
            44.043346564341526
          ]
        ]
      },
      "properties": {
        "SEG_ID": 20050721,
        "EUGID": 50721,
        "OWNER": "EUG",
        "MAINT": "EUG",
        "SOURCE": "EUG",
        "METHOD": "SURV",
        "FCLASS": "LOCAL",
        "PAVED": "Y",
        "DIR": "W",
        "NAME": "15TH",
        "TYPE": "AVE",
        "SPEED": 20,
        "AIRSSPEED": 20,
        "ONEWAY": "BW",
        "TRAFFLOW": "BW",
        "AIRSNAME": "W 15TH AVE",
        "F_ZLEV": 5,
        "T_ZLEV": 5,
        "L_LADD": 1740,
        "L_HADD": 1798,
        "R_LADD": 1741,
        "R_HADD": 1799,
        "SNOWROUTE": null,
        "EVAC": " ",
        "LCPWID": 0,
        "OBJECTID": 1344,
        "ER_ROUTES": 5,
        "ACCESS_CNT": " ",
        "Shape.STLength()": 341.2642244493008,
        "ROW_Width_Max": 66,
        "ROW_Width_Min": 0,
        "created_user": null,
        "created_date": null,
        "last_edited_user": "PWE_GDB_TRANSPORT_ADMIN",
        "last_edited_date": 1717013307000,
        "GlobalID": "{71E99B14-27E5-4A98-9BB0-C097CFF0D2F5}",
        "layer": "roads",
        "source": "city-of-eugene-gis"
      }
    },
    {
      "type": "Feature",
      "id": "roads_52",
      "geometry": {
        "type": "LineString",
        "coordinates": [
          [
            -123.11808044494849,
            44.04334269667237
          ],
          [
            -123.11882963978343,
            44.043344117324644
          ]
        ]
      },
      "properties": {
        "SEG_ID": 20005768,
        "EUGID": 5768,
        "OWNER": "EUG",
        "MAINT": "EUG",
        "SOURCE": "EUG",
        "METHOD": "SURV",
        "FCLASS": "LOCAL",
        "PAVED": "Y",
        "DIR": "W",
        "NAME": "15TH",
        "TYPE": "AVE",
        "SPEED": 20,
        "AIRSSPEED": 20,
        "ONEWAY": "BW",
        "TRAFFLOW": "BW",
        "AIRSNAME": "W 15TH AVE",
        "F_ZLEV": 5,
        "T_ZLEV": 5,
        "L_LADD": 1700,
        "L_HADD": 1738,
        "R_LADD": 1701,
        "R_HADD": 1739,
        "SNOWROUTE": null,
        "EVAC": " ",
        "LCPWID": 0,
        "OBJECTID": 1345,
        "ER_ROUTES": 5,
        "ACCESS_CNT": " ",
        "Shape.STLength()": 197.00521523516255,
        "ROW_Width_Max": 66,
        "ROW_Width_Min": 0,
        "created_user": null,
        "created_date": null,
        "last_edited_user": "PWE_GDB_TRANSPORT_ADMIN",
        "last_edited_date": 1717013307000,
        "GlobalID": "{3D7E28A5-6363-46A0-9097-BAD89398BA1B}",
        "layer": "roads",
        "source": "city-of-eugene-gis"
      }
    },
    {
      "type": "Feature",
      "id": "roads_53",
      "geometry": {
        "type": "LineString",
        "coordinates": [
          [
            -123.12012711394873,
            44.04775354412997
          ],
          [
            -123.12088646783862,
            44.047762283291846
          ]
        ]
      },
      "properties": {
        "SEG_ID": 20050812,
        "EUGID": 50812,
        "OWNER": "EUG",
        "MAINT": "EUG",
        "SOURCE": "EUG",
        "METHOD": "SURV",
        "FCLASS": "MINART",
        "PAVED": "Y",
        "DIR": "W",
        "NAME": "11TH",
        "TYPE": "AVE",
        "SPEED": 30,
        "AIRSSPEED": 30,
        "ONEWAY": "FT",
        "TRAFFLOW": "W",
        "AIRSNAME": "W 11TH AVE",
        "F_ZLEV": 5,
        "T_ZLEV": 5,
        "L_LADD": 1800,
        "L_HADD": 1848,
        "R_LADD": 1801,
        "R_HADD": 1849,
        "SNOWROUTE": 1,
        "EVAC": " ",
        "LCPWID": 0,
        "OBJECTID": 1348,
        "ER_ROUTES": 1,
        "ACCESS_CNT": "Y",
        "Shape.STLength()": 199.68673265798256,
        "ROW_Width_Max": 66,
        "ROW_Width_Min": 0,
        "created_user": null,
        "created_date": null,
        "last_edited_user": "PWE_GDB_TRANSPORT_ADMIN",
        "last_edited_date": 1772212902000,
        "GlobalID": "{0FF2BDC1-9869-471D-9CE8-D84E57672B14}",
        "layer": "roads",
        "source": "city-of-eugene-gis"
      }
    },
    {
      "type": "Feature",
      "id": "roads_54",
      "geometry": {
        "type": "LineString",
        "coordinates": [
          [
            -123.12012719884147,
            44.04663827638532
          ],
          [
            -123.12088638002268,
            44.04663950518452
          ]
        ]
      },
      "properties": {
        "SEG_ID": 20005613,
        "EUGID": 5613,
        "OWNER": "EUG",
        "MAINT": "EUG",
        "SOURCE": "EUG",
        "METHOD": "SURV",
        "FCLASS": "LOCAL",
        "PAVED": "Y",
        "DIR": "W",
        "NAME": "12TH",
        "TYPE": "AVE",
        "SPEED": 20,
        "AIRSSPEED": 20,
        "ONEWAY": "BW",
        "TRAFFLOW": "BW",
        "AIRSNAME": "W 12TH AVE",
        "F_ZLEV": 5,
        "T_ZLEV": 5,
        "L_LADD": 1800,
        "L_HADD": 1848,
        "R_LADD": 1801,
        "R_HADD": 1849,
        "SNOWROUTE": null,
        "EVAC": " ",
        "LCPWID": 0,
        "OBJECTID": 1349,
        "ER_ROUTES": 5,
        "ACCESS_CNT": " ",
        "Shape.STLength()": 199.62010641183858,
        "ROW_Width_Max": 66,
        "ROW_Width_Min": 0,
        "created_user": null,
        "created_date": null,
        "last_edited_user": "PWE_GDB_TRANSPORT_ADMIN",
        "last_edited_date": 1717013307000,
        "GlobalID": "{D4F53754-8C0E-445F-B27A-BF617CAB1567}",
        "layer": "roads",
        "source": "city-of-eugene-gis"
      }
    },
    {
      "type": "Feature",
      "id": "roads_55",
      "geometry": {
        "type": "LineString",
        "coordinates": [
          [
            -123.12012716129951,
            44.04554038343126
          ],
          [
            -123.1208792332522,
            44.04554170131442
          ]
        ]
      },
      "properties": {
        "SEG_ID": 20005668,
        "EUGID": 5668,
        "OWNER": "EUG",
        "MAINT": "EUG",
        "SOURCE": "EUG",
        "METHOD": "SURV",
        "FCLASS": "MINART",
        "PAVED": "Y",
        "DIR": "W",
        "NAME": "13TH",
        "TYPE": "AVE",
        "SPEED": 30,
        "AIRSSPEED": 30,
        "ONEWAY": "TF",
        "TRAFFLOW": "E",
        "AIRSNAME": "W 13TH AVE",
        "F_ZLEV": 5,
        "T_ZLEV": 5,
        "L_LADD": 1800,
        "L_HADD": 1848,
        "R_LADD": 1801,
        "R_HADD": 1849,
        "SNOWROUTE": 2,
        "EVAC": " ",
        "LCPWID": 0,
        "OBJECTID": 1351,
        "ER_ROUTES": 4,
        "ACCESS_CNT": "Y",
        "Shape.STLength()": 197.7544761700671,
        "ROW_Width_Max": 66,
        "ROW_Width_Min": 0,
        "created_user": null,
        "created_date": null,
        "last_edited_user": "PWE_GDB_TRANSPORT_ADMIN",
        "last_edited_date": 1772212902000,
        "GlobalID": "{188E0B9F-F87F-4314-9CFC-6ED52B74C01E}",
        "layer": "roads",
        "source": "city-of-eugene-gis"
      }
    },
    {
      "type": "Feature",
      "id": "roads_56",
      "geometry": {
        "type": "LineString",
        "coordinates": [
          [
            -123.12012744000747,
            44.043346564341526
          ],
          [
            -123.12088440038194,
            44.043347996325856
          ]
        ]
      },
      "properties": {
        "SEG_ID": 20005779,
        "EUGID": 5779,
        "OWNER": "EUG",
        "MAINT": "EUG",
        "SOURCE": "EUG",
        "METHOD": "SURV",
        "FCLASS": "LOCAL",
        "PAVED": "Y",
        "DIR": "W",
        "NAME": "15TH",
        "TYPE": "AVE",
        "SPEED": 20,
        "AIRSSPEED": 20,
        "ONEWAY": "BW",
        "TRAFFLOW": "BW",
        "AIRSNAME": "W 15TH AVE",
        "F_ZLEV": 5,
        "T_ZLEV": 5,
        "L_LADD": 1800,
        "L_HADD": 1848,
        "R_LADD": 1801,
        "R_HADD": 1849,
        "SNOWROUTE": null,
        "EVAC": " ",
        "LCPWID": 0,
        "OBJECTID": 1353,
        "ER_ROUTES": 5,
        "ACCESS_CNT": " ",
        "Shape.STLength()": 199.04719381191265,
        "ROW_Width_Max": 66,
        "ROW_Width_Min": 0,
        "created_user": null,
        "created_date": null,
        "last_edited_user": "PWE_GDB_TRANSPORT_ADMIN",
        "last_edited_date": 1717013307000,
        "GlobalID": "{BD5CBBFD-3019-4D8B-8FFA-C8E30003252E}",
        "layer": "roads",
        "source": "city-of-eugene-gis"
      }
    },
    {
      "type": "Feature",
      "id": "roads_57",
      "geometry": {
        "type": "LineString",
        "coordinates": [
          [
            -123.12118317992565,
            44.0633817072719
          ],
          [
            -123.12127075922592,
            44.06336954285739
          ],
          [
            -123.12139734850676,
            44.06334694971176
          ],
          [
            -123.12164941306393,
            44.0632935710399
          ],
          [
            -123.1217765512001,
            44.06327258131081
          ],
          [
            -123.12190503534384,
            44.063256421441835
          ],
          [
            -123.1220178214777,
            44.06324637404345
          ],
          [
            -123.12212121983248,
            44.06324032295986
          ],
          [
            -123.1222515718894,
            44.063237214239685
          ],
          [
            -123.12262865523947,
            44.06324568513177
          ]
        ]
      },
      "properties": {
        "SEG_ID": 20050761,
        "EUGID": 50761,
        "OWNER": "EUG",
        "MAINT": "EUG",
        "SOURCE": "EUG",
        "METHOD": "SURV",
        "FCLASS": "MINART",
        "PAVED": "Y",
        "DIR": " ",
        "NAME": "ROOSEVELT",
        "TYPE": "BLVD",
        "SPEED": 35,
        "AIRSSPEED": 35,
        "ONEWAY": "BW",
        "TRAFFLOW": "BW",
        "AIRSNAME": "ROOSEVELT BLVD",
        "F_ZLEV": 5,
        "T_ZLEV": 5,
        "L_LADD": 1904,
        "L_HADD": 1976,
        "R_LADD": 1901,
        "R_HADD": 1963,
        "SNOWROUTE": 1,
        "EVAC": " ",
        "LCPWID": 0,
        "OBJECTID": 1489,
        "ER_ROUTES": 4,
        "ACCESS_CNT": "Y",
        "Shape.STLength()": 385.95153776380516,
        "ROW_Width_Max": 60,
        "ROW_Width_Min": 0,
        "created_user": null,
        "created_date": null,
        "last_edited_user": "PWE_GDB_TRANSPORT_ADMIN",
        "last_edited_date": 1772212902000,
        "GlobalID": "{05878F37-760A-4748-99C6-0D7DC3C0E07A}",
        "layer": "roads",
        "source": "city-of-eugene-gis"
      }
    },
    {
      "type": "Feature",
      "id": "roads_58",
      "geometry": {
        "type": "LineString",
        "coordinates": [
          [
            -123.1178033327078,
            44.03403694532022
          ],
          [
            -123.11906402559785,
            44.03405227356849
          ]
        ]
      },
      "properties": {
        "SEG_ID": 20006197,
        "EUGID": 6197,
        "OWNER": "EUG",
        "MAINT": "EUG",
        "SOURCE": "EUG",
        "METHOD": "SURV",
        "FCLASS": "LOCAL",
        "PAVED": "Y",
        "DIR": "W",
        "NAME": "23RD",
        "TYPE": "AVE",
        "SPEED": 20,
        "AIRSSPEED": 20,
        "ONEWAY": "BW",
        "TRAFFLOW": "BW",
        "AIRSNAME": "W 23RD AVE",
        "F_ZLEV": 5,
        "T_ZLEV": 5,
        "L_LADD": 0,
        "L_HADD": 0,
        "R_LADD": 1701,
        "R_HADD": 1799,
        "SNOWROUTE": null,
        "EVAC": " ",
        "LCPWID": 0,
        "OBJECTID": 1503,
        "ER_ROUTES": 5,
        "ACCESS_CNT": " ",
        "Shape.STLength()": 331.6036231895069,
        "ROW_Width_Max": 50,
        "ROW_Width_Min": 0,
        "created_user": null,
        "created_date": null,
        "last_edited_user": "PWE_GDB_TRANSPORT_ADMIN",
        "last_edited_date": 1716941759000,
        "GlobalID": "{C12B14DE-BC08-4BFE-BB75-0BC18AD21BBE}",
        "layer": "roads",
        "source": "city-of-eugene-gis"
      }
    },
    {
      "type": "Feature",
      "id": "roads_59",
      "geometry": {
        "type": "LineString",
        "coordinates": [
          [
            -123.11906402559785,
            44.03405227356849
          ],
          [
            -123.1198243721036,
            44.03406094481407
          ],
          [
            -123.11999070909374,
            44.03406071920745
          ],
          [
            -123.12016948992532,
            44.03406550595953
          ],
          [
            -123.12022126660514,
            44.034074924931254
          ],
          [
            -123.12028045533697,
            44.03408594494256
          ],
          [
            -123.1203278081727,
            44.03410605177228
          ]
        ]
      },
      "properties": {
        "SEG_ID": 20006226,
        "EUGID": 6226,
        "OWNER": "EUG",
        "MAINT": "EUG",
        "SOURCE": "EUG",
        "METHOD": "SURV",
        "FCLASS": "LOCAL",
        "PAVED": "Y",
        "DIR": "W",
        "NAME": "23RD",
        "TYPE": "AVE",
        "SPEED": 20,
        "AIRSSPEED": 20,
        "ONEWAY": "BW",
        "TRAFFLOW": "BW",
        "AIRSNAME": "W 23RD AVE",
        "F_ZLEV": 5,
        "T_ZLEV": 5,
        "L_LADD": 1700,
        "L_HADD": 1798,
        "R_LADD": 0,
        "R_HADD": 0,
        "SNOWROUTE": null,
        "EVAC": " ",
        "LCPWID": 0,
        "OBJECTID": 1504,
        "ER_ROUTES": 5,
        "ACCESS_CNT": " ",
        "Shape.STLength()": 335.3597113048074,
        "ROW_Width_Max": 0,
        "ROW_Width_Min": 0,
        "created_user": null,
        "created_date": null,
        "last_edited_user": "PWE_GDB_TRANSPORT_ADMIN",
        "last_edited_date": 1716941759000,
        "GlobalID": "{1C7A773D-8E9C-4E68-BB1A-E70DCCB018C2}",
        "layer": "roads",
        "source": "city-of-eugene-gis"
      }
    },
    {
      "type": "Feature",
      "id": "roads_60",
      "geometry": {
        "type": "LineString",
        "coordinates": [
          [
            -123.1185531557276,
            44.05436038354931
          ],
          [
            -123.11856093073222,
            44.05436039455563
          ],
          [
            -123.1201163694902,
            44.0543621432787
          ]
        ]
      },
      "properties": {
        "SEG_ID": 20005201,
        "EUGID": 5201,
        "OWNER": "EUG",
        "MAINT": "EUG",
        "SOURCE": "EUG",
        "METHOD": "SURV",
        "FCLASS": "LOCAL",
        "PAVED": "Y",
        "DIR": "W",
        "NAME": "5TH",
        "TYPE": "AVE",
        "SPEED": 25,
        "AIRSSPEED": 25,
        "ONEWAY": "BW",
        "TRAFFLOW": "BW",
        "AIRSNAME": "W 5TH AVE",
        "F_ZLEV": 5,
        "T_ZLEV": 5,
        "L_LADD": 1700,
        "L_HADD": 1798,
        "R_LADD": 1701,
        "R_HADD": 1799,
        "SNOWROUTE": null,
        "EVAC": " ",
        "LCPWID": 0,
        "OBJECTID": 1546,
        "ER_ROUTES": 5,
        "ACCESS_CNT": " ",
        "Shape.STLength()": 410.9804177809819,
        "ROW_Width_Max": 66,
        "ROW_Width_Min": 0,
        "created_user": null,
        "created_date": null,
        "last_edited_user": "CEWEMVM",
        "last_edited_date": 1518089066000,
        "GlobalID": "{53343E9E-FBAB-47EB-90B9-FDA310E59311}",
        "layer": "roads",
        "source": "city-of-eugene-gis"
      }
    },
    {
      "type": "Feature",
      "id": "roads_61",
      "geometry": {
        "type": "LineString",
        "coordinates": [
          [
            -123.1201163694902,
            44.0543621432787
          ],
          [
            -123.12012159852219,
            44.0543621486148
          ],
          [
            -123.1201378348616,
            44.05326568934546
          ]
        ]
      },
      "properties": {
        "SEG_ID": 20002088,
        "EUGID": 2088,
        "OWNER": "EUG",
        "MAINT": "EUG",
        "SOURCE": "EUG",
        "METHOD": "SURV",
        "FCLASS": "LOCAL",
        "PAVED": "Y",
        "DIR": " ",
        "NAME": "GRANT",
        "TYPE": "ST",
        "SPEED": 25,
        "AIRSSPEED": 25,
        "ONEWAY": "BW",
        "TRAFFLOW": "BW",
        "AIRSNAME": "GRANT ST",
        "F_ZLEV": 5,
        "T_ZLEV": 5,
        "L_LADD": 0,
        "L_HADD": 0,
        "R_LADD": 540,
        "R_HADD": 540,
        "SNOWROUTE": null,
        "EVAC": " ",
        "LCPWID": 0,
        "OBJECTID": 1547,
        "ER_ROUTES": 5,
        "ACCESS_CNT": " ",
        "Shape.STLength()": 401.11184912567205,
        "ROW_Width_Max": 66,
        "ROW_Width_Min": 0,
        "created_user": null,
        "created_date": null,
        "last_edited_user": "CEWEMVM",
        "last_edited_date": 1518089066000,
        "GlobalID": "{FE420365-8152-4225-ABE1-381CBF1AF37C}",
        "layer": "roads",
        "source": "city-of-eugene-gis"
      }
    },
    {
      "type": "Feature",
      "id": "roads_62",
      "geometry": {
        "type": "LineString",
        "coordinates": [
          [
            -123.1201378348616,
            44.05326568934546
          ],
          [
            -123.1201354479381,
            44.05271062388801
          ]
        ]
      },
      "properties": {
        "SEG_ID": 20057279,
        "EUGID": 55360,
        "OWNER": "EUG",
        "MAINT": "EUG",
        "SOURCE": "EUG",
        "METHOD": "SURV",
        "FCLASS": "LOCAL",
        "PAVED": "Y",
        "DIR": " ",
        "NAME": "GRANT",
        "TYPE": "ST",
        "SPEED": 25,
        "AIRSSPEED": 25,
        "ONEWAY": "BW",
        "TRAFFLOW": "BW",
        "AIRSNAME": "GRANT ST",
        "F_ZLEV": null,
        "T_ZLEV": null,
        "L_LADD": 0,
        "L_HADD": 0,
        "R_LADD": 626,
        "R_HADD": 626,
        "SNOWROUTE": null,
        "EVAC": " ",
        "LCPWID": null,
        "OBJECTID": 1548,
        "ER_ROUTES": 5,
        "ACCESS_CNT": " ",
        "Shape.STLength()": 202.3500510723574,
        "ROW_Width_Max": 66,
        "ROW_Width_Min": 0,
        "created_user": null,
        "created_date": null,
        "last_edited_user": "PWE_GDB_TRANSPORT_ADMIN",
        "last_edited_date": 1741301079000,
        "GlobalID": "{766CBA22-463D-4D97-ADE2-753D160948BA}",
        "layer": "roads",
        "source": "city-of-eugene-gis"
      }
    },
    {
      "type": "Feature",
      "id": "roads_63",
      "geometry": {
        "type": "LineString",
        "coordinates": [
          [
            -123.12011971521892,
            44.05161289276844
          ],
          [
            -123.12012014331927,
            44.05091471050931
          ]
        ]
      },
      "properties": {
        "SEG_ID": 20050825,
        "EUGID": 50825,
        "OWNER": "EUG",
        "MAINT": "EUG",
        "SOURCE": "EUG",
        "METHOD": "SURV",
        "FCLASS": "LOCAL",
        "PAVED": "Y",
        "DIR": " ",
        "NAME": "GRANT",
        "TYPE": "ST",
        "SPEED": 25,
        "AIRSSPEED": 25,
        "ONEWAY": "BW",
        "TRAFFLOW": "BW",
        "AIRSNAME": "GRANT ST",
        "F_ZLEV": 5,
        "T_ZLEV": 5,
        "L_LADD": 751,
        "L_HADD": 799,
        "R_LADD": 750,
        "R_HADD": 798,
        "SNOWROUTE": null,
        "EVAC": " ",
        "LCPWID": 0,
        "OBJECTID": 1549,
        "ER_ROUTES": 5,
        "ACCESS_CNT": " ",
        "Shape.STLength()": 254.52212826176643,
        "ROW_Width_Max": 50,
        "ROW_Width_Min": 0,
        "created_user": null,
        "created_date": null,
        "last_edited_user": "CEWEMVM",
        "last_edited_date": 1518089066000,
        "GlobalID": "{ED9A7874-6309-4E7E-93D4-94887696854A}",
        "layer": "roads",
        "source": "city-of-eugene-gis"
      }
    },
    {
      "type": "Feature",
      "id": "roads_64",
      "geometry": {
        "type": "LineString",
        "coordinates": [
          [
            -123.12012014331927,
            44.05091471050931
          ],
          [
            -123.12012220798177,
            44.0499564377745
          ]
        ]
      },
      "properties": {
        "SEG_ID": 20002094,
        "EUGID": 2094,
        "OWNER": "EUG",
        "MAINT": "EUG",
        "SOURCE": "EUG",
        "METHOD": "SURV",
        "FCLASS": "LOCAL",
        "PAVED": "Y",
        "DIR": " ",
        "NAME": "GRANT",
        "TYPE": "ST",
        "SPEED": 25,
        "AIRSSPEED": 25,
        "ONEWAY": "BW",
        "TRAFFLOW": "BW",
        "AIRSNAME": "GRANT ST",
        "F_ZLEV": 5,
        "T_ZLEV": 5,
        "L_LADD": 865,
        "L_HADD": 885,
        "R_LADD": 0,
        "R_HADD": 0,
        "SNOWROUTE": null,
        "EVAC": " ",
        "LCPWID": 0,
        "OBJECTID": 1550,
        "ER_ROUTES": 5,
        "ACCESS_CNT": " ",
        "Shape.STLength()": 349.3382900447126,
        "ROW_Width_Max": 50,
        "ROW_Width_Min": 0,
        "created_user": null,
        "created_date": null,
        "last_edited_user": "CEWEMVM",
        "last_edited_date": 1518089066000,
        "GlobalID": "{F798A41D-9A33-4196-B36F-137BA60BC5CA}",
        "layer": "roads",
        "source": "city-of-eugene-gis"
      }
    },
    {
      "type": "Feature",
      "id": "roads_65",
      "geometry": {
        "type": "LineString",
        "coordinates": [
          [
            -123.12012220798177,
            44.0499564377745
          ],
          [
            -123.12012304161405,
            44.04958042586901
          ]
        ]
      },
      "properties": {
        "SEG_ID": 20002086,
        "EUGID": 2086,
        "OWNER": "EUG",
        "MAINT": "EUG",
        "SOURCE": "EUG",
        "METHOD": "SURV",
        "FCLASS": "LOCAL",
        "PAVED": "Y",
        "DIR": " ",
        "NAME": "GRANT",
        "TYPE": "ST",
        "SPEED": 25,
        "AIRSSPEED": 25,
        "ONEWAY": "BW",
        "TRAFFLOW": "BW",
        "AIRSNAME": "GRANT ST",
        "F_ZLEV": 5,
        "T_ZLEV": 5,
        "L_LADD": 901,
        "L_HADD": 911,
        "R_LADD": 902,
        "R_HADD": 920,
        "SNOWROUTE": null,
        "EVAC": " ",
        "LCPWID": 0,
        "OBJECTID": 1551,
        "ER_ROUTES": 5,
        "ACCESS_CNT": " ",
        "Shape.STLength()": 137.0750952629652,
        "ROW_Width_Max": 50,
        "ROW_Width_Min": 0,
        "created_user": null,
        "created_date": null,
        "last_edited_user": "CEWECBE",
        "last_edited_date": 1558092988000,
        "GlobalID": "{B24BAD8C-6ECD-48F7-B188-75B430ECFFFE}",
        "layer": "roads",
        "source": "city-of-eugene-gis"
      }
    },
    {
      "type": "Feature",
      "id": "roads_66",
      "geometry": {
        "type": "LineString",
        "coordinates": [
          [
            -123.11807919764247,
            44.04849097683106
          ],
          [
            -123.1180785437558,
            44.04772992116611
          ]
        ]
      },
      "properties": {
        "SEG_ID": 20000893,
        "EUGID": 893,
        "OWNER": "EUG",
        "MAINT": "EUG",
        "SOURCE": "EUG",
        "METHOD": "SURV",
        "FCLASS": "MINART",
        "PAVED": "Y",
        "DIR": " ",
        "NAME": "CHAMBERS",
        "TYPE": "ST",
        "SPEED": 30,
        "AIRSSPEED": 30,
        "ONEWAY": "BW",
        "TRAFFLOW": "BW",
        "AIRSNAME": "CHAMBERS ST",
        "F_ZLEV": 5,
        "T_ZLEV": 5,
        "L_LADD": 1001,
        "L_HADD": 1099,
        "R_LADD": 1000,
        "R_HADD": 1098,
        "SNOWROUTE": 1,
        "EVAC": " ",
        "LCPWID": 0,
        "OBJECTID": 1574,
        "ER_ROUTES": 4,
        "ACCESS_CNT": "Y",
        "Shape.STLength()": 277.44224572173243,
        "ROW_Width_Max": 60,
        "ROW_Width_Min": 0,
        "created_user": null,
        "created_date": null,
        "last_edited_user": "PWE_GDB_TRANSPORT_ADMIN",
        "last_edited_date": 1772212902000,
        "GlobalID": "{119D9928-B7C1-4096-9C47-A2818C9E27A8}",
        "layer": "roads",
        "source": "city-of-eugene-gis"
      }
    },
    {
      "type": "Feature",
      "id": "roads_67",
      "geometry": {
        "type": "LineString",
        "coordinates": [
          [
            -123.11807919764247,
            44.04849097683106
          ],
          [
            -123.12012543652648,
            44.048504987054336
          ]
        ]
      },
      "properties": {
        "SEG_ID": 20005484,
        "EUGID": 5484,
        "OWNER": "EUG",
        "MAINT": "EUG",
        "SOURCE": "EUG",
        "METHOD": "SURV",
        "FCLASS": "LOCAL",
        "PAVED": "Y",
        "DIR": "W",
        "NAME": "10TH",
        "TYPE": "AVE",
        "SPEED": 20,
        "AIRSSPEED": 20,
        "ONEWAY": "BW",
        "TRAFFLOW": "BW",
        "AIRSNAME": "W 10TH AVE",
        "F_ZLEV": 5,
        "T_ZLEV": 5,
        "L_LADD": 1700,
        "L_HADD": 1798,
        "R_LADD": 1701,
        "R_HADD": 1799,
        "SNOWROUTE": null,
        "EVAC": " ",
        "LCPWID": 0,
        "OBJECTID": 1575,
        "ER_ROUTES": 5,
        "ACCESS_CNT": " ",
        "Shape.STLength()": 538.0470930098421,
        "ROW_Width_Max": 50,
        "ROW_Width_Min": 0,
        "created_user": null,
        "created_date": null,
        "last_edited_user": "PWE_GDB_TRANSPORT_ADMIN",
        "last_edited_date": 1715210265000,
        "GlobalID": "{869CCBFE-20A4-4305-B960-C31B9FD7B476}",
        "layer": "roads",
        "source": "city-of-eugene-gis"
      }
    },
    {
      "type": "Feature",
      "id": "roads_68",
      "geometry": {
        "type": "LineString",
        "coordinates": [
          [
            -123.11808470616472,
            44.04921041557978
          ],
          [
            -123.12012382970977,
            44.04922387823601
          ]
        ]
      },
      "properties": {
        "SEG_ID": 20005481,
        "EUGID": 5481,
        "OWNER": "EUG",
        "MAINT": "EUG",
        "SOURCE": "EUG",
        "METHOD": "SURV",
        "FCLASS": "LOCAL",
        "PAVED": "Y",
        "DIR": "W",
        "NAME": "9TH",
        "TYPE": "PL",
        "SPEED": 25,
        "AIRSSPEED": 25,
        "ONEWAY": "BW",
        "TRAFFLOW": "BW",
        "AIRSNAME": "W 9TH PL",
        "F_ZLEV": 5,
        "T_ZLEV": 5,
        "L_LADD": 1700,
        "L_HADD": 1798,
        "R_LADD": 1701,
        "R_HADD": 1799,
        "SNOWROUTE": null,
        "EVAC": " ",
        "LCPWID": 0,
        "OBJECTID": 1576,
        "ER_ROUTES": 5,
        "ACCESS_CNT": " ",
        "Shape.STLength()": 536.1680757596282,
        "ROW_Width_Max": 50,
        "ROW_Width_Min": 0,
        "created_user": null,
        "created_date": null,
        "last_edited_user": "CEWEMVM",
        "last_edited_date": 1518089066000,
        "GlobalID": "{91C71CB2-EEF4-4FC8-8820-B98A461C8121}",
        "layer": "roads",
        "source": "city-of-eugene-gis"
      }
    },
    {
      "type": "Feature",
      "id": "roads_69",
      "geometry": {
        "type": "LineString",
        "coordinates": [
          [
            -123.1185531557276,
            44.05436038354931
          ],
          [
            -123.11855531711525,
            44.05420550937663
          ],
          [
            -123.11855579554394,
            44.05409589082567
          ],
          [
            -123.11855342278068,
            44.05398633928437
          ],
          [
            -123.11854819860697,
            44.05387684935537
          ],
          [
            -123.11854059848851,
            44.05376741571617
          ],
          [
            -123.11853006518189,
            44.053656157374384
          ],
          [
            -123.11848783079101,
            44.05326362463403
          ]
        ]
      },
      "properties": {
        "SEG_ID": 20000876,
        "EUGID": 876,
        "OWNER": "EUG",
        "MAINT": "EUG",
        "SOURCE": "EUG",
        "METHOD": "SURV",
        "FCLASS": "MAJART",
        "PAVED": "Y",
        "DIR": " ",
        "NAME": "CHAMBERS",
        "TYPE": "ST",
        "SPEED": 35,
        "AIRSSPEED": 35,
        "ONEWAY": "BW",
        "TRAFFLOW": "BW",
        "AIRSNAME": "CHAMBERS ST",
        "F_ZLEV": 5,
        "T_ZLEV": 5,
        "L_LADD": 501,
        "L_HADD": 599,
        "R_LADD": 500,
        "R_HADD": 598,
        "SNOWROUTE": 1,
        "EVAC": " ",
        "LCPWID": 0,
        "OBJECTID": 1577,
        "ER_ROUTES": 4,
        "ACCESS_CNT": "Y",
        "Shape.STLength()": 400.42969937880787,
        "ROW_Width_Max": 100,
        "ROW_Width_Min": 0,
        "created_user": null,
        "created_date": null,
        "last_edited_user": "PWE_GDB_TRANSPORT_ADMIN",
        "last_edited_date": 1772212902000,
        "GlobalID": "{EDD606C5-3708-4598-9559-30367B854D4F}",
        "layer": "roads",
        "source": "city-of-eugene-gis"
      }
    },
    {
      "type": "Feature",
      "id": "roads_70",
      "geometry": {
        "type": "LineString",
        "coordinates": [
          [
            -123.11842859879732,
            44.05270955537807
          ],
          [
            -123.11836962042241,
            44.052161136636464
          ]
        ]
      },
      "properties": {
        "SEG_ID": 20050343,
        "EUGID": 50343,
        "OWNER": "EUG",
        "MAINT": "EUG",
        "SOURCE": "EUG",
        "METHOD": "SURV",
        "FCLASS": "MAJART",
        "PAVED": "Y",
        "DIR": " ",
        "NAME": "CHAMBERS",
        "TYPE": "ST",
        "SPEED": 35,
        "AIRSSPEED": 35,
        "ONEWAY": "BW",
        "TRAFFLOW": "BW",
        "AIRSNAME": "CHAMBERS ST",
        "F_ZLEV": 5,
        "T_ZLEV": 5,
        "L_LADD": 651,
        "L_HADD": 699,
        "R_LADD": 650,
        "R_HADD": 698,
        "SNOWROUTE": 1,
        "EVAC": " ",
        "LCPWID": 0,
        "OBJECTID": 1578,
        "ER_ROUTES": 4,
        "ACCESS_CNT": "Y",
        "Shape.STLength()": 200.52640501134002,
        "ROW_Width_Max": 66,
        "ROW_Width_Min": 0,
        "created_user": null,
        "created_date": null,
        "last_edited_user": "PWE_GDB_TRANSPORT_ADMIN",
        "last_edited_date": 1772212902000,
        "GlobalID": "{CCB631CD-4A37-4324-8F79-70DA9F1A9AC5}",
        "layer": "roads",
        "source": "city-of-eugene-gis"
      }
    },
    {
      "type": "Feature",
      "id": "roads_71",
      "geometry": {
        "type": "LineString",
        "coordinates": [
          [
            -123.11836962042241,
            44.052161136636464
          ],
          [
            -123.11834046009349,
            44.05188357567124
          ],
          [
            -123.1183340803956,
            44.05183517844384
          ],
          [
            -123.11832957242041,
            44.05180800579169
          ],
          [
            -123.11832458936576,
            44.051780846556156
          ],
          [
            -123.11831865579785,
            44.05175370605838
          ],
          [
            -123.11831225452448,
            44.05172674898827
          ],
          [
            -123.1183053780569,
            44.0516998026359
          ],
          [
            -123.11829755868533,
            44.051673050429415
          ],
          [
            -123.11828926400413,
            44.05164630624179
          ],
          [
            -123.11828001893173,
            44.051619583489874
          ],
          [
            -123.11827779867271,
            44.051612259206536
          ]
        ]
      },
      "properties": {
        "SEG_ID": 20000882,
        "EUGID": 882,
        "OWNER": "EUG",
        "MAINT": "EUG",
        "SOURCE": "EUG",
        "METHOD": "SURV",
        "FCLASS": "MINART",
        "PAVED": "Y",
        "DIR": " ",
        "NAME": "CHAMBERS",
        "TYPE": "ST",
        "SPEED": 30,
        "AIRSSPEED": 30,
        "ONEWAY": "BW",
        "TRAFFLOW": "BW",
        "AIRSNAME": "CHAMBERS ST",
        "F_ZLEV": 5,
        "T_ZLEV": 5,
        "L_LADD": 701,
        "L_HADD": 749,
        "R_LADD": 700,
        "R_HADD": 750,
        "SNOWROUTE": 1,
        "EVAC": " ",
        "LCPWID": 0,
        "OBJECTID": 1579,
        "ER_ROUTES": 4,
        "ACCESS_CNT": "Y",
        "Shape.STLength()": 201.8669871903284,
        "ROW_Width_Max": 66,
        "ROW_Width_Min": 0,
        "created_user": null,
        "created_date": null,
        "last_edited_user": "PWE_GDB_TRANSPORT_ADMIN",
        "last_edited_date": 1772212902000,
        "GlobalID": "{8B681247-9FD5-4A84-AB9B-63925D0898E8}",
        "layer": "roads",
        "source": "city-of-eugene-gis"
      }
    },
    {
      "type": "Feature",
      "id": "roads_72",
      "geometry": {
        "type": "LineString",
        "coordinates": [
          [
            -123.11827779867271,
            44.051612259206536
          ],
          [
            -123.11827078135667,
            44.051593033446814
          ],
          [
            -123.11826012568226,
            44.05156668826721
          ],
          [
            -123.11824316569606,
            44.051526590145656
          ],
          [
            -123.1182315745098,
            44.051500609120176
          ],
          [
            -123.11820075132002,
            44.05143697990407
          ],
          [
            -123.11818915268027,
            44.05141082616342
          ],
          [
            -123.11817850444551,
            44.05138465098553
          ],
          [
            -123.11816831655649,
            44.05135812236728
          ],
          [
            -123.11815860387347,
            44.05133158303002
          ],
          [
            -123.11814936639584,
            44.05130503297387
          ],
          [
            -123.11814107194782,
            44.0512782914699
          ],
          [
            -123.11813324509781,
            44.05125136383881
          ],
          [
            -123.11812636888124,
            44.05122442016869
          ],
          [
            -123.11811948869507,
            44.051197471185056
          ],
          [
            -123.11811403433113,
            44.05117032256632
          ],
          [
            -123.11810857611341,
            44.05114317133281
          ],
          [
            -123.11810454360368,
            44.0511159906446
          ],
          [
            -123.11810050360894,
            44.05108863724594
          ],
          [
            -123.11809742137937,
            44.051061432423076
          ],
          [
            -123.11809480709269,
            44.05103404956951
          ],
          [
            -123.11809314296337,
            44.05100663988329
          ],
          [
            -123.11809195414685,
            44.05097922217778
          ],
          [
            -123.11809243483664,
            44.05091351737047
          ]
        ]
      },
      "properties": {
        "SEG_ID": 20050344,
        "EUGID": 50344,
        "OWNER": "EUG",
        "MAINT": "EUG",
        "SOURCE": "EUG",
        "METHOD": "SURV",
        "FCLASS": "MINART",
        "PAVED": "Y",
        "DIR": " ",
        "NAME": "CHAMBERS",
        "TYPE": "ST",
        "SPEED": 30,
        "AIRSSPEED": 30,
        "ONEWAY": "BW",
        "TRAFFLOW": "BW",
        "AIRSNAME": "CHAMBERS ST",
        "F_ZLEV": 5,
        "T_ZLEV": 5,
        "L_LADD": 751,
        "L_HADD": 799,
        "R_LADD": 752,
        "R_HADD": 798,
        "SNOWROUTE": 1,
        "EVAC": " ",
        "LCPWID": 0,
        "OBJECTID": 1580,
        "ER_ROUTES": 4,
        "ACCESS_CNT": "Y",
        "Shape.STLength()": 260.93259204029096,
        "ROW_Width_Max": 66,
        "ROW_Width_Min": 0,
        "created_user": null,
        "created_date": null,
        "last_edited_user": "PWE_GDB_TRANSPORT_ADMIN",
        "last_edited_date": 1772212902000,
        "GlobalID": "{2ADEA072-C24E-4E72-9391-B0A7098C0B6B}",
        "layer": "roads",
        "source": "city-of-eugene-gis"
      }
    },
    {
      "type": "Feature",
      "id": "roads_73",
      "geometry": {
        "type": "LineString",
        "coordinates": [
          [
            -123.11808246124737,
            44.048873414284685
          ],
          [
            -123.11807919764247,
            44.04849097683106
          ]
        ]
      },
      "properties": {
        "SEG_ID": 20050345,
        "EUGID": 50345,
        "OWNER": "EUG",
        "MAINT": "EUG",
        "SOURCE": "EUG",
        "METHOD": "SURV",
        "FCLASS": "MINART",
        "PAVED": "Y",
        "DIR": " ",
        "NAME": "CHAMBERS",
        "TYPE": "ST",
        "SPEED": 30,
        "AIRSSPEED": 30,
        "ONEWAY": "BW",
        "TRAFFLOW": "BW",
        "AIRSNAME": "CHAMBERS ST",
        "F_ZLEV": 5,
        "T_ZLEV": 5,
        "L_LADD": 961,
        "L_HADD": 999,
        "R_LADD": 982,
        "R_HADD": 998,
        "SNOWROUTE": 1,
        "EVAC": " ",
        "LCPWID": 0,
        "OBJECTID": 1581,
        "ER_ROUTES": 4,
        "ACCESS_CNT": "Y",
        "Shape.STLength()": 139.41992320398464,
        "ROW_Width_Max": 60,
        "ROW_Width_Min": 0,
        "created_user": null,
        "created_date": null,
        "last_edited_user": "PWE_GDB_TRANSPORT_ADMIN",
        "last_edited_date": 1772212902000,
        "GlobalID": "{62D3DA8F-9C94-4406-B6BA-7B011590F6DA}",
        "layer": "roads",
        "source": "city-of-eugene-gis"
      }
    },
    {
      "type": "Feature",
      "id": "roads_74",
      "geometry": {
        "type": "LineString",
        "coordinates": [
          [
            -123.11808470616472,
            44.04921041557978
          ],
          [
            -123.11808246124737,
            44.048873414284685
          ]
        ]
      },
      "properties": {
        "SEG_ID": 20000890,
        "EUGID": 890,
        "OWNER": "EUG",
        "MAINT": "EUG",
        "SOURCE": "EUG",
        "METHOD": "SURV",
        "FCLASS": "MINART",
        "PAVED": "Y",
        "DIR": " ",
        "NAME": "CHAMBERS",
        "TYPE": "ST",
        "SPEED": 30,
        "AIRSSPEED": 30,
        "ONEWAY": "BW",
        "TRAFFLOW": "BW",
        "AIRSNAME": "CHAMBERS ST",
        "F_ZLEV": 5,
        "T_ZLEV": 5,
        "L_LADD": 955,
        "L_HADD": 959,
        "R_LADD": 952,
        "R_HADD": 980,
        "SNOWROUTE": 1,
        "EVAC": " ",
        "LCPWID": 0,
        "OBJECTID": 1582,
        "ER_ROUTES": 4,
        "ACCESS_CNT": "Y",
        "Shape.STLength()": 122.85500306478083,
        "ROW_Width_Max": 60,
        "ROW_Width_Min": 0,
        "created_user": null,
        "created_date": null,
        "last_edited_user": "PWE_GDB_TRANSPORT_ADMIN",
        "last_edited_date": 1772212902000,
        "GlobalID": "{AD65EDB8-94DB-47C5-8D1B-92457DD0C75A}",
        "layer": "roads",
        "source": "city-of-eugene-gis"
      }
    },
    {
      "type": "Feature",
      "id": "roads_75",
      "geometry": {
        "type": "LineString",
        "coordinates": [
          [
            -123.1180785867106,
            44.04718240120314
          ],
          [
            -123.11807878064563,
            44.04663485068912
          ]
        ]
      },
      "properties": {
        "SEG_ID": 20050346,
        "EUGID": 50346,
        "OWNER": "EUG",
        "MAINT": "EUG",
        "SOURCE": "EUG",
        "METHOD": "SURV",
        "FCLASS": "MINART",
        "PAVED": "Y",
        "DIR": " ",
        "NAME": "CHAMBERS",
        "TYPE": "ST",
        "SPEED": 30,
        "AIRSSPEED": 30,
        "ONEWAY": "BW",
        "TRAFFLOW": "BW",
        "AIRSNAME": "CHAMBERS ST",
        "F_ZLEV": 5,
        "T_ZLEV": 5,
        "L_LADD": 1151,
        "L_HADD": 1199,
        "R_LADD": 1150,
        "R_HADD": 1198,
        "SNOWROUTE": 1,
        "EVAC": " ",
        "LCPWID": 0,
        "OBJECTID": 1583,
        "ER_ROUTES": 4,
        "ACCESS_CNT": "Y",
        "Shape.STLength()": 199.60897197374157,
        "ROW_Width_Max": 60,
        "ROW_Width_Min": 0,
        "created_user": null,
        "created_date": null,
        "last_edited_user": "PWE_GDB_TRANSPORT_ADMIN",
        "last_edited_date": 1772212902000,
        "GlobalID": "{0DCDF38F-9E56-49B3-9D2E-26E5ABA9E643}",
        "layer": "roads",
        "source": "city-of-eugene-gis"
      }
    },
    {
      "type": "Feature",
      "id": "roads_76",
      "geometry": {
        "type": "LineString",
        "coordinates": [
          [
            -123.1180785437558,
            44.04772992116611
          ],
          [
            -123.11883589621324,
            44.047738681050255
          ]
        ]
      },
      "properties": {
        "SEG_ID": 20050813,
        "EUGID": 50813,
        "OWNER": "EUG",
        "MAINT": "EUG",
        "SOURCE": "EUG",
        "METHOD": "SURV",
        "FCLASS": "MINART",
        "PAVED": "Y",
        "DIR": "W",
        "NAME": "11TH",
        "TYPE": "AVE",
        "SPEED": 30,
        "AIRSSPEED": 30,
        "ONEWAY": "FT",
        "TRAFFLOW": "W",
        "AIRSNAME": "W 11TH AVE",
        "F_ZLEV": 5,
        "T_ZLEV": 5,
        "L_LADD": 1700,
        "L_HADD": 1738,
        "R_LADD": 1701,
        "R_HADD": 1739,
        "SNOWROUTE": 1,
        "EVAC": " ",
        "LCPWID": 0,
        "OBJECTID": 1584,
        "ER_ROUTES": 1,
        "ACCESS_CNT": "Y",
        "Shape.STLength()": 199.16075040341673,
        "ROW_Width_Max": 66,
        "ROW_Width_Min": 0,
        "created_user": null,
        "created_date": null,
        "last_edited_user": "PWE_GDB_TRANSPORT_ADMIN",
        "last_edited_date": 1772212902000,
        "GlobalID": "{9124C5C3-20A8-4597-ABE4-6C515CFF9065}",
        "layer": "roads",
        "source": "city-of-eugene-gis"
      }
    },
    {
      "type": "Feature",
      "id": "roads_77",
      "geometry": {
        "type": "LineString",
        "coordinates": [
          [
            -123.12028228306121,
            44.05753884000581
          ],
          [
            -123.1226988772777,
            44.05755829230603
          ]
        ]
      },
      "properties": {
        "SEG_ID": 20005131,
        "EUGID": 5131,
        "OWNER": "EUG",
        "MAINT": "EUG",
        "SOURCE": "EUG",
        "METHOD": "SURV",
        "FCLASS": "MAJCOLL",
        "PAVED": "Y",
        "DIR": "W",
        "NAME": "2ND",
        "TYPE": "AVE",
        "SPEED": 30,
        "AIRSSPEED": 30,
        "ONEWAY": "BW",
        "TRAFFLOW": "BW",
        "AIRSNAME": "W 2ND AVE",
        "F_ZLEV": 5,
        "T_ZLEV": 5,
        "L_LADD": 1800,
        "L_HADD": 1998,
        "R_LADD": 1801,
        "R_HADD": 1999,
        "SNOWROUTE": 2,
        "EVAC": " ",
        "LCPWID": 0,
        "OBJECTID": 1585,
        "ER_ROUTES": 4,
        "ACCESS_CNT": "Y",
        "Shape.STLength()": 635.345701165592,
        "ROW_Width_Max": 60,
        "ROW_Width_Min": 0,
        "created_user": null,
        "created_date": null,
        "last_edited_user": "PWE_GDB_TRANSPORT_ADMIN",
        "last_edited_date": 1772212902000,
        "GlobalID": "{960AFCFB-4248-480C-B658-C9FB37958E9E}",
        "layer": "roads",
        "source": "city-of-eugene-gis"
      }
    },
    {
      "type": "Feature",
      "id": "roads_78",
      "geometry": {
        "type": "LineString",
        "coordinates": [
          [
            -123.11780390507352,
            44.03617860741229
          ],
          [
            -123.11780371049076,
            44.03560098372967
          ]
        ]
      },
      "properties": {
        "SEG_ID": 20000919,
        "EUGID": 23875,
        "OWNER": "EUG",
        "MAINT": "EUG",
        "SOURCE": "EUG",
        "METHOD": "SURV",
        "FCLASS": "MINART",
        "PAVED": "Y",
        "DIR": " ",
        "NAME": "CHAMBERS",
        "TYPE": "ST",
        "SPEED": 30,
        "AIRSSPEED": 30,
        "ONEWAY": "BW",
        "TRAFFLOW": "BW",
        "AIRSNAME": "CHAMBERS ST",
        "F_ZLEV": 5,
        "T_ZLEV": 5,
        "L_LADD": 2151,
        "L_HADD": 2199,
        "R_LADD": 2150,
        "R_HADD": 2206,
        "SNOWROUTE": 1,
        "EVAC": "PRIMARY",
        "LCPWID": 0,
        "OBJECTID": 1749,
        "ER_ROUTES": 4,
        "ACCESS_CNT": "Y",
        "Shape.STLength()": 210.57108675384427,
        "ROW_Width_Max": 80,
        "ROW_Width_Min": 0,
        "created_user": null,
        "created_date": null,
        "last_edited_user": "PWE_GDB_TRANSPORT_ADMIN",
        "last_edited_date": 1772212902000,
        "GlobalID": "{2EE9D6B3-3065-458F-825E-C8F9DC86AD4E}",
        "layer": "roads",
        "source": "city-of-eugene-gis"
      }
    },
    {
      "type": "Feature",
      "id": "roads_79",
      "geometry": {
        "type": "LineString",
        "coordinates": [
          [
            -123.11808044494849,
            44.04334269667237
          ],
          [
            -123.11808022953252,
            44.04276359044646
          ],
          [
            -123.11806969398879,
            44.04259051190466
          ],
          [
            -123.11804661468886,
            44.04241806836061
          ],
          [
            -123.11801105831437,
            44.04224673012231
          ],
          [
            -123.11796096530038,
            44.04213420076031
          ],
          [
            -123.11790824054393,
            44.04199009828423
          ],
          [
            -123.11783696883163,
            44.041775634348106
          ],
          [
            -123.11781374774465,
            44.04171655067801
          ],
          [
            -123.11779262422141,
            44.04158663812071
          ],
          [
            -123.11775393412564,
            44.04139916028834
          ],
          [
            -123.11774190744362,
            44.041310240094404
          ]
        ]
      },
      "properties": {
        "SEG_ID": 20000909,
        "EUGID": 909,
        "OWNER": "EUG",
        "MAINT": "EUG",
        "SOURCE": "EUG",
        "METHOD": "SURV",
        "FCLASS": "MINART",
        "PAVED": "Y",
        "DIR": " ",
        "NAME": "CHAMBERS",
        "TYPE": "ST",
        "SPEED": 30,
        "AIRSSPEED": 30,
        "ONEWAY": "BW",
        "TRAFFLOW": "BW",
        "AIRSNAME": "CHAMBERS ST",
        "F_ZLEV": 5,
        "T_ZLEV": 5,
        "L_LADD": 1501,
        "L_HADD": 1699,
        "R_LADD": 1500,
        "R_HADD": 1698,
        "SNOWROUTE": 1,
        "EVAC": " ",
        "LCPWID": 0,
        "OBJECTID": 1750,
        "ER_ROUTES": 4,
        "ACCESS_CNT": "Y",
        "Shape.STLength()": 750.1346774547162,
        "ROW_Width_Max": 80,
        "ROW_Width_Min": 0,
        "created_user": null,
        "created_date": null,
        "last_edited_user": "PWE_GDB_TRANSPORT_ADMIN",
        "last_edited_date": 1772212902000,
        "GlobalID": "{855C6622-BB9A-40DB-828C-E1DB78BE3BFE}",
        "layer": "roads",
        "source": "city-of-eugene-gis"
      }
    },
    {
      "type": "Feature",
      "id": "roads_80",
      "geometry": {
        "type": "LineString",
        "coordinates": [
          [
            -123.11777362145702,
            44.03880008720063
          ],
          [
            -123.11780390507352,
            44.03617860741229
          ]
        ]
      },
      "properties": {
        "SEG_ID": 20000917,
        "EUGID": 917,
        "OWNER": "EUG",
        "MAINT": "EUG",
        "SOURCE": "EUG",
        "METHOD": "SURV",
        "FCLASS": "MINART",
        "PAVED": "Y",
        "DIR": " ",
        "NAME": "CHAMBERS",
        "TYPE": "ST",
        "SPEED": 30,
        "AIRSSPEED": 30,
        "ONEWAY": "BW",
        "TRAFFLOW": "BW",
        "AIRSNAME": "CHAMBERS ST",
        "F_ZLEV": 5,
        "T_ZLEV": 5,
        "L_LADD": 1901,
        "L_HADD": 2149,
        "R_LADD": 1908,
        "R_HADD": 2148,
        "SNOWROUTE": 1,
        "EVAC": "PRIMARY",
        "LCPWID": 0,
        "OBJECTID": 1751,
        "ER_ROUTES": 4,
        "ACCESS_CNT": "Y",
        "Shape.STLength()": 955.6869038969612,
        "ROW_Width_Max": 80,
        "ROW_Width_Min": 0,
        "created_user": null,
        "created_date": null,
        "last_edited_user": "PWE_GDB_TRANSPORT_ADMIN",
        "last_edited_date": 1772212902000,
        "GlobalID": "{355004CE-78A7-4CF1-AD41-65DC57F5BE45}",
        "layer": "roads",
        "source": "city-of-eugene-gis"
      }
    },
    {
      "type": "Feature",
      "id": "roads_81",
      "geometry": {
        "type": "LineString",
        "coordinates": [
          [
            -123.11774190744362,
            44.041310240094404
          ],
          [
            -123.11773072310861,
            44.04041928536798
          ]
        ]
      },
      "properties": {
        "SEG_ID": 20000911,
        "EUGID": 911,
        "OWNER": "EUG",
        "MAINT": "EUG",
        "SOURCE": "EUG",
        "METHOD": "SURV",
        "FCLASS": "MINART",
        "PAVED": "Y",
        "DIR": " ",
        "NAME": "CHAMBERS",
        "TYPE": "ST",
        "SPEED": 30,
        "AIRSSPEED": 30,
        "ONEWAY": "BW",
        "TRAFFLOW": "BW",
        "AIRSNAME": "CHAMBERS ST",
        "F_ZLEV": 5,
        "T_ZLEV": 5,
        "L_LADD": 1701,
        "L_HADD": 1799,
        "R_LADD": 1700,
        "R_HADD": 1798,
        "SNOWROUTE": 1,
        "EVAC": " ",
        "LCPWID": 0,
        "OBJECTID": 1752,
        "ER_ROUTES": 4,
        "ACCESS_CNT": "Y",
        "Shape.STLength()": 324.80905630996136,
        "ROW_Width_Max": 80,
        "ROW_Width_Min": 0,
        "created_user": null,
        "created_date": null,
        "last_edited_user": "PWE_GDB_TRANSPORT_ADMIN",
        "last_edited_date": 1772212902000,
        "GlobalID": "{D0AA1189-4E6E-4770-A686-20AA56C24D34}",
        "layer": "roads",
        "source": "city-of-eugene-gis"
      }
    },
    {
      "type": "Feature",
      "id": "roads_82",
      "geometry": {
        "type": "LineString",
        "coordinates": [
          [
            -123.11773072310861,
            44.04041928536798
          ],
          [
            -123.11776138935791,
            44.0392617629518
          ],
          [
            -123.11777362145702,
            44.03880008720063
          ]
        ]
      },
      "properties": {
        "SEG_ID": 20000914,
        "EUGID": 914,
        "OWNER": "EUG",
        "MAINT": "EUG",
        "SOURCE": "EUG",
        "METHOD": "SURV",
        "FCLASS": "MINART",
        "PAVED": "Y",
        "DIR": " ",
        "NAME": "CHAMBERS",
        "TYPE": "ST",
        "SPEED": 30,
        "AIRSSPEED": 30,
        "ONEWAY": "BW",
        "TRAFFLOW": "BW",
        "AIRSNAME": "CHAMBERS ST",
        "F_ZLEV": 5,
        "T_ZLEV": 5,
        "L_LADD": 1801,
        "L_HADD": 1899,
        "R_LADD": 1800,
        "R_HADD": 1906,
        "SNOWROUTE": 1,
        "EVAC": "PRIMARY",
        "LCPWID": 0,
        "OBJECTID": 1753,
        "ER_ROUTES": 4,
        "ACCESS_CNT": "Y",
        "Shape.STLength()": 590.3828725639751,
        "ROW_Width_Max": 80,
        "ROW_Width_Min": 0,
        "created_user": null,
        "created_date": null,
        "last_edited_user": "PWE_GDB_TRANSPORT_ADMIN",
        "last_edited_date": 1772212902000,
        "GlobalID": "{9A75A911-179A-48C7-B727-EE1CCF727948}",
        "layer": "roads",
        "source": "city-of-eugene-gis"
      }
    },
    {
      "type": "Feature",
      "id": "roads_83",
      "geometry": {
        "type": "LineString",
        "coordinates": [
          [
            -123.11807983670856,
            44.044440604424814
          ],
          [
            -123.11808044494849,
            44.04334269667237
          ]
        ]
      },
      "properties": {
        "SEG_ID": 20000905,
        "EUGID": 905,
        "OWNER": "EUG",
        "MAINT": "EUG",
        "SOURCE": "EUG",
        "METHOD": "SURV",
        "FCLASS": "MINART",
        "PAVED": "Y",
        "DIR": " ",
        "NAME": "CHAMBERS",
        "TYPE": "ST",
        "SPEED": 30,
        "AIRSSPEED": 30,
        "ONEWAY": "BW",
        "TRAFFLOW": "BW",
        "AIRSNAME": "CHAMBERS ST",
        "F_ZLEV": 5,
        "T_ZLEV": 5,
        "L_LADD": 1401,
        "L_HADD": 1499,
        "R_LADD": 1400,
        "R_HADD": 1498,
        "SNOWROUTE": 1,
        "EVAC": " ",
        "LCPWID": 0,
        "OBJECTID": 1754,
        "ER_ROUTES": 4,
        "ACCESS_CNT": "Y",
        "Shape.STLength()": 400.24061534194004,
        "ROW_Width_Max": 80,
        "ROW_Width_Min": 0,
        "created_user": null,
        "created_date": null,
        "last_edited_user": "PWE_GDB_TRANSPORT_ADMIN",
        "last_edited_date": 1772212902000,
        "GlobalID": "{0540F136-DD53-4D0A-A62E-EDB8F9359F4B}",
        "layer": "roads",
        "source": "city-of-eugene-gis"
      }
    },
    {
      "type": "Feature",
      "id": "roads_84",
      "geometry": {
        "type": "LineString",
        "coordinates": [
          [
            -123.11807926233544,
            44.045536644322276
          ],
          [
            -123.11807983670856,
            44.044440604424814
          ]
        ]
      },
      "properties": {
        "SEG_ID": 20000902,
        "EUGID": 902,
        "OWNER": "EUG",
        "MAINT": "EUG",
        "SOURCE": "EUG",
        "METHOD": "SURV",
        "FCLASS": "MINART",
        "PAVED": "Y",
        "DIR": " ",
        "NAME": "CHAMBERS",
        "TYPE": "ST",
        "SPEED": 30,
        "AIRSSPEED": 30,
        "ONEWAY": "BW",
        "TRAFFLOW": "BW",
        "AIRSNAME": "CHAMBERS ST",
        "F_ZLEV": 5,
        "T_ZLEV": 5,
        "L_LADD": 1301,
        "L_HADD": 1399,
        "R_LADD": 1300,
        "R_HADD": 1398,
        "SNOWROUTE": 1,
        "EVAC": " ",
        "LCPWID": 0,
        "OBJECTID": 1755,
        "ER_ROUTES": 4,
        "ACCESS_CNT": "Y",
        "Shape.STLength()": 399.5598826899197,
        "ROW_Width_Max": 80,
        "ROW_Width_Min": 0,
        "created_user": null,
        "created_date": null,
        "last_edited_user": "PWE_GDB_TRANSPORT_ADMIN",
        "last_edited_date": 1772212902000,
        "GlobalID": "{81ADBE81-AA3F-4DEE-A325-23B8A13478BD}",
        "layer": "roads",
        "source": "city-of-eugene-gis"
      }
    },
    {
      "type": "Feature",
      "id": "roads_85",
      "geometry": {
        "type": "LineString",
        "coordinates": [
          [
            -123.11779983590264,
            44.02895593003506
          ],
          [
            -123.11779861000893,
            44.028004282647636
          ]
        ]
      },
      "properties": {
        "SEG_ID": 20000850,
        "EUGID": 850,
        "OWNER": "EUG",
        "MAINT": "EUG",
        "SOURCE": "EUG",
        "METHOD": "SURV",
        "FCLASS": "MINART",
        "PAVED": "Y",
        "DIR": " ",
        "NAME": "CHAMBERS",
        "TYPE": "ST",
        "SPEED": 35,
        "AIRSSPEED": 35,
        "ONEWAY": "BW",
        "TRAFFLOW": "BW",
        "AIRSNAME": "CHAMBERS ST",
        "F_ZLEV": 5,
        "T_ZLEV": 5,
        "L_LADD": 2701,
        "L_HADD": 2779,
        "R_LADD": 2764,
        "R_HADD": 2778,
        "SNOWROUTE": 4,
        "EVAC": "PRIMARY",
        "LCPWID": 0,
        "OBJECTID": 1756,
        "ER_ROUTES": 4,
        "ACCESS_CNT": "Y",
        "Shape.STLength()": 346.9193840943346,
        "ROW_Width_Max": 80,
        "ROW_Width_Min": 0,
        "created_user": null,
        "created_date": null,
        "last_edited_user": "PWE_GDB_TRANSPORT_ADMIN",
        "last_edited_date": 1772212902000,
        "GlobalID": "{BD403B2E-D7C9-4818-A180-4F73FD9BF81F}",
        "layer": "roads",
        "source": "city-of-eugene-gis"
      }
    },
    {
      "type": "Feature",
      "id": "roads_86",
      "geometry": {
        "type": "LineString",
        "coordinates": [
          [
            -123.11808631272764,
            44.049574299494886
          ],
          [
            -123.11808470616472,
            44.04921041557978
          ]
        ]
      },
      "properties": {
        "SEG_ID": 20051426,
        "EUGID": 51426,
        "OWNER": "EUG",
        "MAINT": "EUG",
        "SOURCE": "EUG",
        "METHOD": "SURV",
        "FCLASS": "MINART",
        "PAVED": "Y",
        "DIR": " ",
        "NAME": "CHAMBERS",
        "TYPE": "ST",
        "SPEED": 30,
        "AIRSSPEED": 30,
        "ONEWAY": "BW",
        "TRAFFLOW": "BW",
        "AIRSNAME": "CHAMBERS ST",
        "F_ZLEV": 5,
        "T_ZLEV": 5,
        "L_LADD": 925,
        "L_HADD": 953,
        "R_LADD": 926,
        "R_HADD": 950,
        "SNOWROUTE": 1,
        "EVAC": " ",
        "LCPWID": 0,
        "OBJECTID": 1758,
        "ER_ROUTES": 4,
        "ACCESS_CNT": "Y",
        "Shape.STLength()": 132.65431856885934,
        "ROW_Width_Max": 60,
        "ROW_Width_Min": 0,
        "created_user": null,
        "created_date": null,
        "last_edited_user": "PWE_GDB_TRANSPORT_ADMIN",
        "last_edited_date": 1772212902000,
        "GlobalID": "{C1A11232-A415-407B-BEDF-044D379B5B92}",
        "layer": "roads",
        "source": "city-of-eugene-gis"
      }
    },
    {
      "type": "Feature",
      "id": "roads_87",
      "geometry": {
        "type": "LineString",
        "coordinates": [
          [
            -123.11808794312181,
            44.04994328184213
          ],
          [
            -123.11808631272764,
            44.049574299494886
          ]
        ]
      },
      "properties": {
        "SEG_ID": 20000846,
        "EUGID": 846,
        "OWNER": "EUG",
        "MAINT": "EUG",
        "SOURCE": "EUG",
        "METHOD": "SURV",
        "FCLASS": "MINART",
        "PAVED": "Y",
        "DIR": " ",
        "NAME": "CHAMBERS",
        "TYPE": "ST",
        "SPEED": 30,
        "AIRSSPEED": 30,
        "ONEWAY": "BW",
        "TRAFFLOW": "BW",
        "AIRSNAME": "CHAMBERS ST",
        "F_ZLEV": 5,
        "T_ZLEV": 5,
        "L_LADD": 901,
        "L_HADD": 923,
        "R_LADD": 900,
        "R_HADD": 924,
        "SNOWROUTE": 1,
        "EVAC": " ",
        "LCPWID": 0,
        "OBJECTID": 1759,
        "ER_ROUTES": 4,
        "ACCESS_CNT": "Y",
        "Shape.STLength()": 134.51298117011757,
        "ROW_Width_Max": 60,
        "ROW_Width_Min": 0,
        "created_user": null,
        "created_date": null,
        "last_edited_user": "PWE_GDB_TRANSPORT_ADMIN",
        "last_edited_date": 1772212902000,
        "GlobalID": "{CB283625-15BC-4ABF-8859-C9327EA9190F}",
        "layer": "roads",
        "source": "city-of-eugene-gis"
      }
    },
    {
      "type": "Feature",
      "id": "roads_88",
      "geometry": {
        "type": "LineString",
        "coordinates": [
          [
            -123.11809243483664,
            44.05091351737047
          ],
          [
            -123.11808899917649,
            44.05017106112417
          ]
        ]
      },
      "properties": {
        "SEG_ID": 20000885,
        "EUGID": 885,
        "OWNER": "EUG",
        "MAINT": "EUG",
        "SOURCE": "EUG",
        "METHOD": "SURV",
        "FCLASS": "MINART",
        "PAVED": "Y",
        "DIR": " ",
        "NAME": "CHAMBERS",
        "TYPE": "ST",
        "SPEED": 30,
        "AIRSSPEED": 30,
        "ONEWAY": "BW",
        "TRAFFLOW": "BW",
        "AIRSNAME": "CHAMBERS ST",
        "F_ZLEV": 5,
        "T_ZLEV": 5,
        "L_LADD": 801,
        "L_HADD": 859,
        "R_LADD": 800,
        "R_HADD": 858,
        "SNOWROUTE": 1,
        "EVAC": " ",
        "LCPWID": 0,
        "OBJECTID": 1760,
        "ER_ROUTES": 4,
        "ACCESS_CNT": "Y",
        "Shape.STLength()": 270.66359058599346,
        "ROW_Width_Max": 60,
        "ROW_Width_Min": 0,
        "created_user": null,
        "created_date": null,
        "last_edited_user": "PWE_GDB_TRANSPORT_ADMIN",
        "last_edited_date": 1772212902000,
        "GlobalID": "{68337B07-41DD-4977-8826-6A71A4945576}",
        "layer": "roads",
        "source": "city-of-eugene-gis"
      }
    },
    {
      "type": "Feature",
      "id": "roads_89",
      "geometry": {
        "type": "LineString",
        "coordinates": [
          [
            -123.11808899917649,
            44.05017106112417
          ],
          [
            -123.11808794312181,
            44.04994328184213
          ]
        ]
      },
      "properties": {
        "SEG_ID": 20051428,
        "EUGID": 51428,
        "OWNER": "EUG",
        "MAINT": "EUG",
        "SOURCE": "EUG",
        "METHOD": "SURV",
        "FCLASS": "MINART",
        "PAVED": "Y",
        "DIR": " ",
        "NAME": "CHAMBERS",
        "TYPE": "ST",
        "SPEED": 30,
        "AIRSSPEED": 30,
        "ONEWAY": "BW",
        "TRAFFLOW": "BW",
        "AIRSNAME": "CHAMBERS ST",
        "F_ZLEV": 5,
        "T_ZLEV": 5,
        "L_LADD": 861,
        "L_HADD": 899,
        "R_LADD": 860,
        "R_HADD": 898,
        "SNOWROUTE": 1,
        "EVAC": " ",
        "LCPWID": 0,
        "OBJECTID": 1761,
        "ER_ROUTES": 4,
        "ACCESS_CNT": "Y",
        "Shape.STLength()": 83.03727883196109,
        "ROW_Width_Max": 60,
        "ROW_Width_Min": 0,
        "created_user": null,
        "created_date": null,
        "last_edited_user": "PWE_GDB_TRANSPORT_ADMIN",
        "last_edited_date": 1772212902000,
        "GlobalID": "{919A2C8A-F3DE-44C6-AD29-8FB7D5DDAF31}",
        "layer": "roads",
        "source": "city-of-eugene-gis"
      }
    },
    {
      "type": "Feature",
      "id": "roads_90",
      "geometry": {
        "type": "LineString",
        "coordinates": [
          [
            -123.11736830773694,
            44.05751532079745
          ],
          [
            -123.11736612982581,
            44.057399244298054
          ],
          [
            -123.11736941096329,
            44.05734325229271
          ],
          [
            -123.11737574428128,
            44.05730279914407
          ],
          [
            -123.11737935247656,
            44.05726532475502
          ],
          [
            -123.11738059193684,
            44.05722807664767
          ],
          [
            -123.11738973212161,
            44.05718653104724
          ],
          [
            -123.11739619924641,
            44.057149165077476
          ],
          [
            -123.11740248795269,
            44.05710768376246
          ],
          [
            -123.1174065788495,
            44.057070371364155
          ],
          [
            -123.11742047868994,
            44.057017913550716
          ],
          [
            -123.11743205435995,
            44.05696671017942
          ],
          [
            -123.11744656333231,
            44.05692830390076
          ],
          [
            -123.11745687699553,
            44.05690285543806
          ],
          [
            -123.11747364327518,
            44.05686165381645
          ],
          [
            -123.11748801110137,
            44.0568199930353
          ],
          [
            -123.11750549019258,
            44.05678426152207
          ],
          [
            -123.11752067496079,
            44.056750472592185
          ],
          [
            -123.11753245125536,
            44.05671487235418
          ],
          [
            -123.11754973724604,
            44.05667468816442
          ],
          [
            -123.11756958519945,
            44.05663873575043
          ],
          [
            -123.11758896526145,
            44.05660296405888
          ],
          [
            -123.11760841210673,
            44.05656873325658
          ],
          [
            -123.1176166243972,
            44.05654968003232
          ],
          [
            -123.11765340190392,
            44.05648727095026
          ],
          [
            -123.11772841288452,
            44.056385066982976
          ],
          [
            -123.11780924520627,
            44.056285473432354
          ],
          [
            -123.11784220646842,
            44.056255740615356
          ],
          [
            -123.118093292966,
            44.05595762476238
          ],
          [
            -123.11817449519651,
            44.055855618478354
          ],
          [
            -123.1182479598002,
            44.05575070183689
          ],
          [
            -123.1183340017071,
            44.05560673886301
          ],
          [
            -123.11838914683676,
            44.05549623046216
          ],
          [
            -123.11842157862245,
            44.05542139890442
          ],
          [
            -123.11846326839635,
            44.05530776338019
          ],
          [
            -123.11848658159902,
            44.05523108183398
          ],
          [
            -123.11851391027072,
            44.0551153688102
          ],
          [
            -123.11852813446622,
            44.055037517332956
          ],
          [
            -123.11854160712043,
            44.05492040154801
          ],
          [
            -123.11854651884347,
            44.05481428917283
          ],
          [
            -123.1185531557276,
            44.05436038354931
          ]
        ]
      },
      "properties": {
        "SEG_ID": 20000872,
        "EUGID": 872,
        "OWNER": "EUG",
        "MAINT": "EUG",
        "SOURCE": "EUG",
        "METHOD": "SURV",
        "FCLASS": "MAJART",
        "PAVED": "Y",
        "DIR": " ",
        "NAME": "CHAMBERS",
        "TYPE": "ST",
        "SPEED": 35,
        "AIRSSPEED": 35,
        "ONEWAY": "BW",
        "TRAFFLOW": "BW",
        "AIRSNAME": "CHAMBERS ST",
        "F_ZLEV": 5,
        "T_ZLEV": 5,
        "L_LADD": 201,
        "L_HADD": 499,
        "R_LADD": 200,
        "R_HADD": 498,
        "SNOWROUTE": 1,
        "EVAC": " ",
        "LCPWID": 0,
        "OBJECTID": 1762,
        "ER_ROUTES": 4,
        "ACCESS_CNT": "Y",
        "Shape.STLength()": 1215.118729134048,
        "ROW_Width_Max": 90,
        "ROW_Width_Min": 0,
        "created_user": null,
        "created_date": null,
        "last_edited_user": "PWE_GDB_TRANSPORT_ADMIN",
        "last_edited_date": 1772212902000,
        "GlobalID": "{3332D883-ED50-41AB-A002-81B89912E78B}",
        "layer": "roads",
        "source": "city-of-eugene-gis"
      }
    },
    {
      "type": "Feature",
      "id": "roads_91",
      "geometry": {
        "type": "LineString",
        "coordinates": [
          [
            -123.12035483306884,
            44.04127410787122
          ],
          [
            -123.120367881183,
            44.04052156565395
          ],
          [
            -123.12032349850983,
            44.04044672749134
          ]
        ]
      },
      "properties": {
        "SEG_ID": 20002108,
        "EUGID": 2108,
        "OWNER": "EUG",
        "MAINT": "EUG",
        "SOURCE": "EUG",
        "METHOD": "SURV",
        "FCLASS": "LOCAL",
        "PAVED": "Y",
        "DIR": " ",
        "NAME": "GRANT",
        "TYPE": "ST",
        "SPEED": 25,
        "AIRSSPEED": 25,
        "ONEWAY": "BW",
        "TRAFFLOW": "BW",
        "AIRSNAME": "GRANT ST",
        "F_ZLEV": 5,
        "T_ZLEV": 5,
        "L_LADD": 1701,
        "L_HADD": 1799,
        "R_LADD": 1700,
        "R_HADD": 1798,
        "SNOWROUTE": null,
        "EVAC": " ",
        "LCPWID": 0,
        "OBJECTID": 1770,
        "ER_ROUTES": 5,
        "ACCESS_CNT": " ",
        "Shape.STLength()": 304.0329209076064,
        "ROW_Width_Max": 50,
        "ROW_Width_Min": 0,
        "created_user": null,
        "created_date": null,
        "last_edited_user": "CEWEMVM",
        "last_edited_date": 1518089067000,
        "GlobalID": "{DC7DED31-3041-4EDD-8E7C-641C56A74E04}",
        "layer": "roads",
        "source": "city-of-eugene-gis"
      }
    },
    {
      "type": "Feature",
      "id": "roads_92",
      "geometry": {
        "type": "LineString",
        "coordinates": [
          [
            -123.12032349850983,
            44.04044672749134
          ],
          [
            -123.1215739233012,
            44.04046163210743
          ]
        ]
      },
      "properties": {
        "SEG_ID": 20005928,
        "EUGID": 5928,
        "OWNER": "EUG",
        "MAINT": "EUG",
        "SOURCE": "EUG",
        "METHOD": "SURV",
        "FCLASS": "MINART",
        "PAVED": "Y",
        "DIR": "W",
        "NAME": "18TH",
        "TYPE": "AVE",
        "SPEED": 30,
        "AIRSSPEED": 30,
        "ONEWAY": "BW",
        "TRAFFLOW": "BW",
        "AIRSNAME": "W 18TH AVE",
        "F_ZLEV": 5,
        "T_ZLEV": 5,
        "L_LADD": 1800,
        "L_HADD": 1898,
        "R_LADD": 1801,
        "R_HADD": 1899,
        "SNOWROUTE": 2,
        "EVAC": " ",
        "LCPWID": 0,
        "OBJECTID": 1771,
        "ER_ROUTES": 4,
        "ACCESS_CNT": "Y",
        "Shape.STLength()": 328.86607636711017,
        "ROW_Width_Max": 60,
        "ROW_Width_Min": 0,
        "created_user": null,
        "created_date": null,
        "last_edited_user": "PWE_GDB_TRANSPORT_ADMIN",
        "last_edited_date": 1772212902000,
        "GlobalID": "{BB4483CD-DBFF-4951-BB07-13D90E16F5E7}",
        "layer": "roads",
        "source": "city-of-eugene-gis"
      }
    },
    {
      "type": "Feature",
      "id": "roads_93",
      "geometry": {
        "type": "LineString",
        "coordinates": [
          [
            -123.11827779867271,
            44.051612259206536
          ],
          [
            -123.12011971521892,
            44.05161289276844
          ]
        ]
      },
      "properties": {
        "SEG_ID": 20005342,
        "EUGID": 5342,
        "OWNER": "EUG",
        "MAINT": "EUG",
        "SOURCE": "EUG",
        "METHOD": "SURV",
        "FCLASS": "LOCAL",
        "PAVED": "Y",
        "DIR": "W",
        "NAME": "7TH",
        "TYPE": "ALY",
        "SPEED": 15,
        "AIRSSPEED": 10,
        "ONEWAY": "BW",
        "TRAFFLOW": "BW",
        "AIRSNAME": "W 7TH ALY",
        "F_ZLEV": 5,
        "T_ZLEV": 5,
        "L_LADD": 1700,
        "L_HADD": 1798,
        "R_LADD": 1701,
        "R_HADD": 1799,
        "SNOWROUTE": null,
        "EVAC": " ",
        "LCPWID": 0,
        "OBJECTID": 1866,
        "ER_ROUTES": 5,
        "ACCESS_CNT": " ",
        "Shape.STLength()": 484.27493671435496,
        "ROW_Width_Max": 14,
        "ROW_Width_Min": 0,
        "created_user": null,
        "created_date": null,
        "last_edited_user": "CEWEMVM",
        "last_edited_date": 1518089067000,
        "GlobalID": "{C282CC56-1952-47B3-8068-ABA004C6C4AC}",
        "layer": "roads",
        "source": "city-of-eugene-gis"
      }
    },
    {
      "type": "Feature",
      "id": "roads_94",
      "geometry": {
        "type": "LineString",
        "coordinates": [
          [
            -123.11732454518328,
            44.06197556187613
          ],
          [
            -123.11752370574969,
            44.061977013776925
          ],
          [
            -123.1176052994531,
            44.061980100350404
          ],
          [
            -123.11770561280669,
            44.061990806334045
          ],
          [
            -123.11780382676007,
            44.06200901853222
          ],
          [
            -123.11786760303957,
            44.06202523299661
          ],
          [
            -123.11795993757869,
            44.0620554638949
          ],
          [
            -123.1180188423394,
            44.0620794118631
          ],
          [
            -123.11807528494357,
            44.062106272311794
          ],
          [
            -123.11814196033744,
            44.06214372396588
          ],
          [
            -123.11819187941738,
            44.062176618321715
          ],
          [
            -123.11824960976034,
            44.06222113182667
          ],
          [
            -123.11830173514178,
            44.062269106808834
          ],
          [
            -123.11833913563778,
            44.0623097288745
          ],
          [
            -123.11837252299627,
            44.062352137798385
          ],
          [
            -123.1184017193623,
            44.06239611969639
          ],
          [
            -123.11851677949534,
            44.06261701279386
          ],
          [
            -123.11854874998707,
            44.062666764920614
          ],
          [
            -123.11858428532985,
            44.06271524540068
          ],
          [
            -123.11863704214042,
            44.06277767462247
          ],
          [
            -123.11869571084763,
            44.06283729357299
          ],
          [
            -123.11874342134094,
            44.06287999161473
          ],
          [
            -123.11879416553117,
            44.06292083120377
          ],
          [
            -123.1188479475815,
            44.062959591642965
          ],
          [
            -123.11893188336049,
            44.06301438703546
          ],
          [
            -123.11902034805976,
            44.063066355580006
          ],
          [
            -123.11911247203993,
            44.06311490910978
          ],
          [
            -123.11920798528642,
            44.063159925849654
          ],
          [
            -123.11930663481732,
            44.06320127373636
          ],
          [
            -123.11940815482352,
            44.06323884170588
          ],
          [
            -123.11952714601735,
            44.063277311996465
          ],
          [
            -123.11960795061532,
            44.06330044184252
          ],
          [
            -123.11973113285882,
            44.063331289972346
          ],
          [
            -123.11985639057048,
            44.06335744774687
          ],
          [
            -123.11998337208415,
            44.06337884025702
          ],
          [
            -123.12006881426433,
            44.0633904227747
          ],
          [
            -123.12019790115538,
            44.063403757527425
          ],
          [
            -123.1203277795383,
            44.063412195872964
          ],
          [
            -123.12045808417913,
            44.06341572444151
          ],
          [
            -123.1208836104087,
            44.06340828787826
          ],
          [
            -123.12105669957268,
            44.06339648759362
          ],
          [
            -123.1211427072517,
            44.06338732469555
          ],
          [
            -123.12118317992565,
            44.0633817072719
          ]
        ]
      },
      "properties": {
        "SEG_ID": 20004231,
        "EUGID": 4231,
        "OWNER": "EUG",
        "MAINT": "EUG",
        "SOURCE": "EUG",
        "METHOD": "SURV",
        "FCLASS": "MINART",
        "PAVED": "Y",
        "DIR": " ",
        "NAME": "ROOSEVELT",
        "TYPE": "BLVD",
        "SPEED": 35,
        "AIRSSPEED": 35,
        "ONEWAY": "BW",
        "TRAFFLOW": "BW",
        "AIRSNAME": "ROOSEVELT BLVD",
        "F_ZLEV": 10,
        "T_ZLEV": 5,
        "L_LADD": 1800,
        "L_HADD": 1902,
        "R_LADD": 1801,
        "R_HADD": 1899,
        "SNOWROUTE": 4,
        "EVAC": " ",
        "LCPWID": 0,
        "OBJECTID": 2149,
        "ER_ROUTES": 4,
        "ACCESS_CNT": "Y",
        "Shape.STLength()": 1240.8405261076978,
        "ROW_Width_Max": 60,
        "ROW_Width_Min": 0,
        "created_user": null,
        "created_date": null,
        "last_edited_user": "PWE_GDB_TRANSPORT_ADMIN",
        "last_edited_date": 1772212902000,
        "GlobalID": "{02DF0729-DD25-46EB-B5A7-DE612E51B448}",
        "layer": "roads",
        "source": "city-of-eugene-gis"
      }
    },
    {
      "type": "Feature",
      "id": "roads_95",
      "geometry": {
        "type": "LineString",
        "coordinates": [
          [
            -123.11818653799024,
            44.057521933568346
          ],
          [
            -123.12028228306121,
            44.05753884000581
          ]
        ]
      },
      "properties": {
        "SEG_ID": 20050874,
        "EUGID": 50874,
        "OWNER": "EUG",
        "MAINT": "EUG",
        "SOURCE": "EUG",
        "METHOD": "SURV",
        "FCLASS": "MAJCOLL",
        "PAVED": "Y",
        "DIR": "W",
        "NAME": "2ND",
        "TYPE": "AVE",
        "SPEED": 30,
        "AIRSSPEED": 30,
        "ONEWAY": "BW",
        "TRAFFLOW": "BW",
        "AIRSNAME": "W 2ND AVE",
        "F_ZLEV": 5,
        "T_ZLEV": 5,
        "L_LADD": 1720,
        "L_HADD": 1798,
        "R_LADD": 1721,
        "R_HADD": 1799,
        "SNOWROUTE": 2,
        "EVAC": " ",
        "LCPWID": 0,
        "OBJECTID": 2155,
        "ER_ROUTES": 4,
        "ACCESS_CNT": "Y",
        "Shape.STLength()": 550.9917120292472,
        "ROW_Width_Max": 60,
        "ROW_Width_Min": 0,
        "created_user": null,
        "created_date": null,
        "last_edited_user": "PWE_GDB_TRANSPORT_ADMIN",
        "last_edited_date": 1772212902000,
        "GlobalID": "{E98E7B3E-7867-4828-A189-8B4AD1CE50D7}",
        "layer": "roads",
        "source": "city-of-eugene-gis"
      }
    },
    {
      "type": "Feature",
      "id": "roads_96",
      "geometry": {
        "type": "LineString",
        "coordinates": [
          [
            -123.11736830773694,
            44.05751532079745
          ],
          [
            -123.11818653799024,
            44.057521933568346
          ]
        ]
      },
      "properties": {
        "SEG_ID": 20050875,
        "EUGID": 50875,
        "OWNER": "EUG",
        "MAINT": "EUG",
        "SOURCE": "EUG",
        "METHOD": "SURV",
        "FCLASS": "MAJCOLL",
        "PAVED": "Y",
        "DIR": "W",
        "NAME": "2ND",
        "TYPE": "AVE",
        "SPEED": 30,
        "AIRSSPEED": 30,
        "ONEWAY": "BW",
        "TRAFFLOW": "BW",
        "AIRSNAME": "W 2ND AVE",
        "F_ZLEV": 5,
        "T_ZLEV": 5,
        "L_LADD": 1700,
        "L_HADD": 1718,
        "R_LADD": 1701,
        "R_HADD": 1719,
        "SNOWROUTE": 2,
        "EVAC": " ",
        "LCPWID": 0,
        "OBJECTID": 2156,
        "ER_ROUTES": 4,
        "ACCESS_CNT": "Y",
        "Shape.STLength()": 215.12076325136735,
        "ROW_Width_Max": 60,
        "ROW_Width_Min": 0,
        "created_user": null,
        "created_date": null,
        "last_edited_user": "PWE_GDB_TRANSPORT_ADMIN",
        "last_edited_date": 1772212902000,
        "GlobalID": "{B41A0146-4228-4F69-9619-82D68654ED8A}",
        "layer": "roads",
        "source": "city-of-eugene-gis"
      }
    },
    {
      "type": "Feature",
      "id": "roads_97",
      "geometry": {
        "type": "LineString",
        "coordinates": [
          [
            -123.1201193767378,
            44.05216422297611
          ],
          [
            -123.12011971521892,
            44.05161289276844
          ]
        ]
      },
      "properties": {
        "SEG_ID": 20002092,
        "EUGID": 2092,
        "OWNER": "EUG",
        "MAINT": "EUG",
        "SOURCE": "EUG",
        "METHOD": "SURV",
        "FCLASS": "LOCAL",
        "PAVED": "Y",
        "DIR": " ",
        "NAME": "GRANT",
        "TYPE": "ST",
        "SPEED": 25,
        "AIRSSPEED": 25,
        "ONEWAY": "BW",
        "TRAFFLOW": "BW",
        "AIRSNAME": "GRANT ST",
        "F_ZLEV": 5,
        "T_ZLEV": 5,
        "L_LADD": 701,
        "L_HADD": 749,
        "R_LADD": 700,
        "R_HADD": 748,
        "SNOWROUTE": null,
        "EVAC": " ",
        "LCPWID": 0,
        "OBJECTID": 2158,
        "ER_ROUTES": 5,
        "ACCESS_CNT": " ",
        "Shape.STLength()": 200.98731399734348,
        "ROW_Width_Max": 50,
        "ROW_Width_Min": 0,
        "created_user": null,
        "created_date": null,
        "last_edited_user": "CEWEMVM",
        "last_edited_date": 1518089071000,
        "GlobalID": "{CF660BAF-D4EF-4D3C-9285-EB5C1AEAE3F9}",
        "layer": "roads",
        "source": "city-of-eugene-gis"
      }
    },
    {
      "type": "Feature",
      "id": "roads_98",
      "geometry": {
        "type": "LineString",
        "coordinates": [
          [
            -123.11848783079101,
            44.05326362463403
          ],
          [
            -123.11842859879732,
            44.05270955537807
          ]
        ]
      },
      "properties": {
        "SEG_ID": 20000879,
        "EUGID": 879,
        "OWNER": "EUG",
        "MAINT": "EUG",
        "SOURCE": "EUG",
        "METHOD": "SURV",
        "FCLASS": "MAJART",
        "PAVED": "Y",
        "DIR": " ",
        "NAME": "CHAMBERS",
        "TYPE": "ST",
        "SPEED": 35,
        "AIRSSPEED": 35,
        "ONEWAY": "BW",
        "TRAFFLOW": "BW",
        "AIRSNAME": "CHAMBERS ST",
        "F_ZLEV": 5,
        "T_ZLEV": 5,
        "L_LADD": 601,
        "L_HADD": 649,
        "R_LADD": 600,
        "R_HADD": 648,
        "SNOWROUTE": 1,
        "EVAC": " ",
        "LCPWID": 0,
        "OBJECTID": 2159,
        "ER_ROUTES": 4,
        "ACCESS_CNT": "Y",
        "Shape.STLength()": 202.58534734677795,
        "ROW_Width_Max": 66,
        "ROW_Width_Min": 0,
        "created_user": null,
        "created_date": null,
        "last_edited_user": "PWE_GDB_TRANSPORT_ADMIN",
        "last_edited_date": 1772212902000,
        "GlobalID": "{0F3E379D-B6CF-4122-9C6A-E1ECF9C09930}",
        "layer": "roads",
        "source": "city-of-eugene-gis"
      }
    },
    {
      "type": "Feature",
      "id": "roads_99",
      "geometry": {
        "type": "LineString",
        "coordinates": [
          [
            -123.12012624089695,
            44.048144355511944
          ],
          [
            -123.12164548892467,
            44.048152187886025
          ]
        ]
      },
      "properties": {
        "SEG_ID": 20023857,
        "EUGID": 23857,
        "OWNER": "EUG",
        "MAINT": "EUG",
        "SOURCE": "EUG",
        "METHOD": "SURV",
        "FCLASS": "LOCAL",
        "PAVED": "N",
        "DIR": "W",
        "NAME": "10TH",
        "TYPE": "ALY",
        "SPEED": 15,
        "AIRSSPEED": 5,
        "ONEWAY": "BW",
        "TRAFFLOW": "BW",
        "AIRSNAME": "W 10TH ALY",
        "F_ZLEV": 5,
        "T_ZLEV": 5,
        "L_LADD": 1800,
        "L_HADD": 1898,
        "R_LADD": 1801,
        "R_HADD": 1899,
        "SNOWROUTE": null,
        "EVAC": " ",
        "LCPWID": 0,
        "OBJECTID": 2162,
        "ER_ROUTES": 5,
        "ACCESS_CNT": " ",
        "Shape.STLength()": 399.4723075677102,
        "ROW_Width_Max": 12,
        "ROW_Width_Min": 0,
        "created_user": null,
        "created_date": null,
        "last_edited_user": "CEWEMVM",
        "last_edited_date": 1518089071000,
        "GlobalID": "{15278DA7-7251-4FE9-965F-DA5740D2B7E2}",
        "layer": "roads",
        "source": "city-of-eugene-gis"
      }
    },
    {
      "type": "Feature",
      "id": "roads_100",
      "geometry": {
        "type": "LineString",
        "coordinates": [
          [
            -123.12012304161405,
            44.04958042586901
          ],
          [
            -123.12164500156464,
            44.04959275393335
          ]
        ]
      },
      "properties": {
        "SEG_ID": 20050831,
        "EUGID": 50831,
        "OWNER": "EUG",
        "MAINT": "EUG",
        "SOURCE": "EUG",
        "METHOD": "SURV",
        "FCLASS": "LOCAL",
        "PAVED": "N",
        "DIR": "W",
        "NAME": "BROADWAY",
        "TYPE": "ALY",
        "SPEED": 15,
        "AIRSSPEED": 5,
        "ONEWAY": "BW",
        "TRAFFLOW": "BW",
        "AIRSNAME": "W BROADWAY ALY",
        "F_ZLEV": 5,
        "T_ZLEV": 5,
        "L_LADD": 1800,
        "L_HADD": 1898,
        "R_LADD": 1801,
        "R_HADD": 1899,
        "SNOWROUTE": null,
        "EVAC": " ",
        "LCPWID": 0,
        "OBJECTID": 2164,
        "ER_ROUTES": 5,
        "ACCESS_CNT": " ",
        "Shape.STLength()": 400.1908671837605,
        "ROW_Width_Max": 12,
        "ROW_Width_Min": 0,
        "created_user": null,
        "created_date": null,
        "last_edited_user": "CEWEMVM",
        "last_edited_date": 1518089071000,
        "GlobalID": "{BAF66434-2D1E-4A39-9136-B99C1232D46F}",
        "layer": "roads",
        "source": "city-of-eugene-gis"
      }
    },
    {
      "type": "Feature",
      "id": "roads_101",
      "geometry": {
        "type": "LineString",
        "coordinates": [
          [
            -123.11808794312181,
            44.04994328184213
          ],
          [
            -123.12012220798177,
            44.0499564377745
          ]
        ]
      },
      "properties": {
        "SEG_ID": 20000635,
        "EUGID": 635,
        "OWNER": "EUG",
        "MAINT": "EUG",
        "SOURCE": "EUG",
        "METHOD": "SURV",
        "FCLASS": "LOCAL",
        "PAVED": "Y",
        "DIR": "W",
        "NAME": "BROADWAY",
        "TYPE": " ",
        "SPEED": 25,
        "AIRSSPEED": 25,
        "ONEWAY": "BW",
        "TRAFFLOW": "BW",
        "AIRSNAME": "W BROADWAY",
        "F_ZLEV": 5,
        "T_ZLEV": 5,
        "L_LADD": 1700,
        "L_HADD": 1798,
        "R_LADD": 1701,
        "R_HADD": 1799,
        "SNOWROUTE": null,
        "EVAC": " ",
        "LCPWID": 0,
        "OBJECTID": 2167,
        "ER_ROUTES": 5,
        "ACCESS_CNT": " ",
        "Shape.STLength()": 534.8831358529181,
        "ROW_Width_Max": 60,
        "ROW_Width_Min": 0,
        "created_user": null,
        "created_date": null,
        "last_edited_user": "CEWEMVM",
        "last_edited_date": 1518089071000,
        "GlobalID": "{98BEC934-321B-4F8C-B438-B0A3B62B40E0}",
        "layer": "roads",
        "source": "city-of-eugene-gis"
      }
    },
    {
      "type": "Feature",
      "id": "roads_102",
      "geometry": {
        "type": "LineString",
        "coordinates": [
          [
            -123.11808631272764,
            44.049574299494886
          ],
          [
            -123.12012304161405,
            44.04958042586901
          ]
        ]
      },
      "properties": {
        "SEG_ID": 20023855,
        "EUGID": 23855,
        "OWNER": "EUG",
        "MAINT": "EUG",
        "SOURCE": "EUG",
        "METHOD": "SURV",
        "FCLASS": "LOCAL",
        "PAVED": "N",
        "DIR": "W",
        "NAME": "BROADWAY",
        "TYPE": "ALY",
        "SPEED": 15,
        "AIRSSPEED": 5,
        "ONEWAY": "BW",
        "TRAFFLOW": "BW",
        "AIRSNAME": "W BROADWAY ALY",
        "F_ZLEV": 5,
        "T_ZLEV": 5,
        "L_LADD": 1700,
        "L_HADD": 1798,
        "R_LADD": 1701,
        "R_HADD": 1799,
        "SNOWROUTE": null,
        "EVAC": " ",
        "LCPWID": 0,
        "OBJECTID": 2168,
        "ER_ROUTES": 5,
        "ACCESS_CNT": " ",
        "Shape.STLength()": 535.5174508357727,
        "ROW_Width_Max": 12,
        "ROW_Width_Min": 0,
        "created_user": null,
        "created_date": null,
        "last_edited_user": "CEWEMVM",
        "last_edited_date": 1518089071000,
        "GlobalID": "{FFEF20A5-5423-4C52-8E8B-65AFEC1E3AED}",
        "layer": "roads",
        "source": "city-of-eugene-gis"
      }
    },
    {
      "type": "Feature",
      "id": "roads_103",
      "geometry": {
        "type": "LineString",
        "coordinates": [
          [
            -123.1180785437558,
            44.04772992116611
          ],
          [
            -123.1180785867106,
            44.04718240120314
          ]
        ]
      },
      "properties": {
        "SEG_ID": 20000896,
        "EUGID": 896,
        "OWNER": "EUG",
        "MAINT": "EUG",
        "SOURCE": "EUG",
        "METHOD": "SURV",
        "FCLASS": "MINART",
        "PAVED": "Y",
        "DIR": " ",
        "NAME": "CHAMBERS",
        "TYPE": "ST",
        "SPEED": 30,
        "AIRSSPEED": 30,
        "ONEWAY": "BW",
        "TRAFFLOW": "BW",
        "AIRSNAME": "CHAMBERS ST",
        "F_ZLEV": 5,
        "T_ZLEV": 5,
        "L_LADD": 1101,
        "L_HADD": 1149,
        "R_LADD": 1100,
        "R_HADD": 1148,
        "SNOWROUTE": 1,
        "EVAC": " ",
        "LCPWID": 0,
        "OBJECTID": 2171,
        "ER_ROUTES": 4,
        "ACCESS_CNT": "Y",
        "Shape.STLength()": 199.59787699271754,
        "ROW_Width_Max": 60,
        "ROW_Width_Min": 0,
        "created_user": null,
        "created_date": null,
        "last_edited_user": "PWE_GDB_TRANSPORT_ADMIN",
        "last_edited_date": 1772212902000,
        "GlobalID": "{C2197AC8-2277-464A-9CD7-3BDD8DDAF638}",
        "layer": "roads",
        "source": "city-of-eugene-gis"
      }
    },
    {
      "type": "Feature",
      "id": "roads_104",
      "geometry": {
        "type": "LineString",
        "coordinates": [
          [
            -123.11807878064563,
            44.04663485068912
          ],
          [
            -123.1188193437303,
            44.04663609334909
          ]
        ]
      },
      "properties": {
        "SEG_ID": 20005608,
        "EUGID": 5608,
        "OWNER": "EUG",
        "MAINT": "EUG",
        "SOURCE": "EUG",
        "METHOD": "SURV",
        "FCLASS": "LOCAL",
        "PAVED": "Y",
        "DIR": "W",
        "NAME": "12TH",
        "TYPE": "AVE",
        "SPEED": 20,
        "AIRSSPEED": 20,
        "ONEWAY": "BW",
        "TRAFFLOW": "BW",
        "AIRSNAME": "W 12TH AVE",
        "F_ZLEV": 5,
        "T_ZLEV": 5,
        "L_LADD": 1700,
        "L_HADD": 1738,
        "R_LADD": 1701,
        "R_HADD": 1739,
        "SNOWROUTE": null,
        "EVAC": " ",
        "LCPWID": 0,
        "OBJECTID": 2172,
        "ER_ROUTES": 5,
        "ACCESS_CNT": " ",
        "Shape.STLength()": 194.724687095059,
        "ROW_Width_Max": 66,
        "ROW_Width_Min": 0,
        "created_user": null,
        "created_date": null,
        "last_edited_user": "PWE_GDB_TRANSPORT_ADMIN",
        "last_edited_date": 1717013307000,
        "GlobalID": "{66D9D945-8196-43D6-9956-B482DD2C4734}",
        "layer": "roads",
        "source": "city-of-eugene-gis"
      }
    },
    {
      "type": "Feature",
      "id": "roads_105",
      "geometry": {
        "type": "LineString",
        "coordinates": [
          [
            -123.11882610247466,
            44.04444181414823
          ],
          [
            -123.11882787671605,
            44.04389200043394
          ]
        ]
      },
      "properties": {
        "SEG_ID": 20000906,
        "EUGID": 906,
        "OWNER": "EUG",
        "MAINT": "EUG",
        "SOURCE": "EUG",
        "METHOD": "SURV",
        "FCLASS": "LOCAL",
        "PAVED": "N",
        "DIR": " ",
        "NAME": "CHAMBERS",
        "TYPE": "ALY",
        "SPEED": 15,
        "AIRSSPEED": 5,
        "ONEWAY": "BW",
        "TRAFFLOW": "BW",
        "AIRSNAME": "CHAMBERS ALY",
        "F_ZLEV": 5,
        "T_ZLEV": 5,
        "L_LADD": 1401,
        "L_HADD": 1449,
        "R_LADD": 1400,
        "R_HADD": 1448,
        "SNOWROUTE": null,
        "EVAC": " ",
        "LCPWID": 0,
        "OBJECTID": 2174,
        "ER_ROUTES": 5,
        "ACCESS_CNT": " ",
        "Shape.STLength()": 200.43431176351731,
        "ROW_Width_Max": 14,
        "ROW_Width_Min": 0,
        "created_user": null,
        "created_date": null,
        "last_edited_user": "CEWEMVM",
        "last_edited_date": 1518089071000,
        "GlobalID": "{C4F286DE-29C5-4815-B926-C3386FBE6A54}",
        "layer": "roads",
        "source": "city-of-eugene-gis"
      }
    },
    {
      "type": "Feature",
      "id": "roads_106",
      "geometry": {
        "type": "LineString",
        "coordinates": [
          [
            -123.11882757891978,
            44.047184729724194
          ],
          [
            -123.12012715979603,
            44.04718082653298
          ]
        ]
      },
      "properties": {
        "SEG_ID": 20007243,
        "EUGID": 7243,
        "OWNER": "EUG",
        "MAINT": "EUG",
        "SOURCE": "EUG",
        "METHOD": "SURV",
        "FCLASS": "LOCAL",
        "PAVED": "Y",
        "DIR": "W",
        "NAME": "11TH",
        "TYPE": "ALY",
        "SPEED": 15,
        "AIRSSPEED": 10,
        "ONEWAY": "BW",
        "TRAFFLOW": "BW",
        "AIRSNAME": "W 11TH ALY",
        "F_ZLEV": 5,
        "T_ZLEV": 5,
        "L_LADD": 1700,
        "L_HADD": 1798,
        "R_LADD": 1701,
        "R_HADD": 1799,
        "SNOWROUTE": null,
        "EVAC": " ",
        "LCPWID": 0,
        "OBJECTID": 2175,
        "ER_ROUTES": 5,
        "ACCESS_CNT": " ",
        "Shape.STLength()": 341.71254412221134,
        "ROW_Width_Max": 14,
        "ROW_Width_Min": 0,
        "created_user": null,
        "created_date": null,
        "last_edited_user": "CEWEMVM",
        "last_edited_date": 1518089071000,
        "GlobalID": "{8315692D-EF63-49F0-91A2-23424DE7BDAA}",
        "layer": "roads",
        "source": "city-of-eugene-gis"
      }
    },
    {
      "type": "Feature",
      "id": "roads_107",
      "geometry": {
        "type": "LineString",
        "coordinates": [
          [
            -123.11882488186451,
            44.04608558927375
          ],
          [
            -123.12012718046337,
            44.04608450555165
          ]
        ]
      },
      "properties": {
        "SEG_ID": 20023326,
        "EUGID": 23326,
        "OWNER": "EUG",
        "MAINT": "EUG",
        "SOURCE": "EUG",
        "METHOD": "SURV",
        "FCLASS": "LOCAL",
        "PAVED": "N",
        "DIR": "W",
        "NAME": "12TH",
        "TYPE": "ALY",
        "SPEED": 15,
        "AIRSSPEED": 5,
        "ONEWAY": "BW",
        "TRAFFLOW": "BW",
        "AIRSNAME": "W 12TH ALY",
        "F_ZLEV": 5,
        "T_ZLEV": 5,
        "L_LADD": 1700,
        "L_HADD": 1798,
        "R_LADD": 1701,
        "R_HADD": 1799,
        "SNOWROUTE": null,
        "EVAC": " ",
        "LCPWID": 0,
        "OBJECTID": 2176,
        "ER_ROUTES": 5,
        "ACCESS_CNT": " ",
        "Shape.STLength()": 342.4306256830862,
        "ROW_Width_Max": 14,
        "ROW_Width_Min": 0,
        "created_user": null,
        "created_date": null,
        "last_edited_user": "CEWEMVM",
        "last_edited_date": 1518089071000,
        "GlobalID": "{18CC1E94-A83D-4DC0-98F3-7F4ABDC4724C}",
        "layer": "roads",
        "source": "city-of-eugene-gis"
      }
    },
    {
      "type": "Feature",
      "id": "roads_108",
      "geometry": {
        "type": "LineString",
        "coordinates": [
          [
            -123.11807983670856,
            44.044440604424814
          ],
          [
            -123.11882610247466,
            44.04444181414823
          ]
        ]
      },
      "properties": {
        "SEG_ID": 20005725,
        "EUGID": 5725,
        "OWNER": "EUG",
        "MAINT": "EUG",
        "SOURCE": "EUG",
        "METHOD": "SURV",
        "FCLASS": "LOCAL",
        "PAVED": "Y",
        "DIR": "W",
        "NAME": "14TH",
        "TYPE": "AVE",
        "SPEED": 20,
        "AIRSSPEED": 20,
        "ONEWAY": "BW",
        "TRAFFLOW": "BW",
        "AIRSNAME": "W 14TH AVE",
        "F_ZLEV": 5,
        "T_ZLEV": 5,
        "L_LADD": 1700,
        "L_HADD": 1738,
        "R_LADD": 1701,
        "R_HADD": 1739,
        "SNOWROUTE": null,
        "EVAC": " ",
        "LCPWID": 0,
        "OBJECTID": 2177,
        "ER_ROUTES": 5,
        "ACCESS_CNT": " ",
        "Shape.STLength()": 196.23125056906827,
        "ROW_Width_Max": 66,
        "ROW_Width_Min": 0,
        "created_user": null,
        "created_date": null,
        "last_edited_user": "PWE_GDB_TRANSPORT_ADMIN",
        "last_edited_date": 1717013307000,
        "GlobalID": "{29C48111-AEC5-430A-A6ED-BCD85F3060E9}",
        "layer": "roads",
        "source": "city-of-eugene-gis"
      }
    },
    {
      "type": "Feature",
      "id": "roads_109",
      "geometry": {
        "type": "LineString",
        "coordinates": [
          [
            -123.11727119237656,
            44.06399862085235
          ],
          [
            -123.11731879590893,
            44.06238326563025
          ],
          [
            -123.11732454518328,
            44.06197556187613
          ]
        ]
      },
      "properties": {
        "SEG_ID": 20000864,
        "EUGID": 864,
        "OWNER": "EUG",
        "MAINT": "EUG",
        "SOURCE": "EUG",
        "METHOD": "SURV",
        "FCLASS": "MAJART",
        "PAVED": "Y",
        "DIR": " ",
        "NAME": "CHAMBERS",
        "TYPE": "ST",
        "SPEED": 35,
        "AIRSSPEED": 35,
        "ONEWAY": "BW",
        "TRAFFLOW": "BW",
        "AIRSNAME": "CHAMBERS ST",
        "F_ZLEV": 5,
        "T_ZLEV": 10,
        "L_LADD": 1,
        "L_HADD": 49,
        "R_LADD": 2,
        "R_HADD": 48,
        "SNOWROUTE": 4,
        "EVAC": " ",
        "LCPWID": 0,
        "OBJECTID": 2298,
        "ER_ROUTES": 4,
        "ACCESS_CNT": "Y",
        "Shape.STLength()": 737.6499475075482,
        "ROW_Width_Max": 100,
        "ROW_Width_Min": 0,
        "created_user": null,
        "created_date": null,
        "last_edited_user": "PWE_GDB_TRANSPORT_ADMIN",
        "last_edited_date": 1772212902000,
        "GlobalID": "{CC14EF62-6876-43E0-91C1-B5B606ED32F1}",
        "layer": "roads",
        "source": "city-of-eugene-gis"
      }
    },
    {
      "type": "Feature",
      "id": "roads_110",
      "geometry": {
        "type": "LineString",
        "coordinates": [
          [
            -123.1048492354679,
            44.05873205182313
          ],
          [
            -123.10487321286769,
            44.057633914928715
          ]
        ]
      },
      "properties": {
        "SEG_ID": 20003338,
        "EUGID": 3338,
        "OWNER": "EUG",
        "MAINT": "EUG",
        "SOURCE": "EUG",
        "METHOD": "SURV",
        "FCLASS": "LOCAL",
        "PAVED": "Y",
        "DIR": " ",
        "NAME": "MONROE",
        "TYPE": "ST",
        "SPEED": 20,
        "AIRSSPEED": 20,
        "ONEWAY": "BW",
        "TRAFFLOW": "BW",
        "AIRSNAME": "MONROE ST",
        "F_ZLEV": 5,
        "T_ZLEV": 5,
        "L_LADD": 101,
        "L_HADD": 199,
        "R_LADD": 100,
        "R_HADD": 198,
        "SNOWROUTE": null,
        "EVAC": " ",
        "LCPWID": 0,
        "OBJECTID": 2336,
        "ER_ROUTES": 5,
        "ACCESS_CNT": " ",
        "Shape.STLength()": 400.376288967292,
        "ROW_Width_Max": 66,
        "ROW_Width_Min": 0,
        "created_user": null,
        "created_date": null,
        "last_edited_user": "PWE_GDB_TRANSPORT_ADMIN",
        "last_edited_date": 1716997571000,
        "GlobalID": "{E9C13FF8-5BBD-44FE-9D29-4378916E092C}",
        "layer": "roads",
        "source": "city-of-eugene-gis"
      }
    },
    {
      "type": "Feature",
      "id": "roads_111",
      "geometry": {
        "type": "LineString",
        "coordinates": [
          [
            -123.10592198397983,
            44.058732164374376
          ],
          [
            -123.10895337940184,
            44.05873492369442
          ]
        ]
      },
      "properties": {
        "SEG_ID": 20005108,
        "EUGID": 5108,
        "OWNER": "EUG",
        "MAINT": "EUG",
        "SOURCE": "EUG",
        "METHOD": "SURV",
        "FCLASS": "MAJCOLL",
        "PAVED": "Y",
        "DIR": "W",
        "NAME": "1ST",
        "TYPE": "AVE",
        "SPEED": 30,
        "AIRSSPEED": 30,
        "ONEWAY": "BW",
        "TRAFFLOW": "BW",
        "AIRSNAME": "W 1ST AVE",
        "F_ZLEV": 5,
        "T_ZLEV": 5,
        "L_LADD": 900,
        "L_HADD": 1088,
        "R_LADD": 901,
        "R_HADD": 1089,
        "SNOWROUTE": 2,
        "EVAC": " ",
        "LCPWID": 0,
        "OBJECTID": 2337,
        "ER_ROUTES": 4,
        "ACCESS_CNT": "Y",
        "Shape.STLength()": 796.9181642819393,
        "ROW_Width_Max": 66,
        "ROW_Width_Min": 0,
        "created_user": null,
        "created_date": null,
        "last_edited_user": "PWE_GDB_TRANSPORT_ADMIN",
        "last_edited_date": 1772212902000,
        "GlobalID": "{538B5D23-E2DC-4559-AC2C-303B666285BD}",
        "layer": "roads",
        "source": "city-of-eugene-gis"
      }
    },
    {
      "type": "Feature",
      "id": "roads_112",
      "geometry": {
        "type": "LineString",
        "coordinates": [
          [
            -123.10029040549838,
            44.05873133216176
          ],
          [
            -123.10031070063643,
            44.057634136824866
          ]
        ]
      },
      "properties": {
        "SEG_ID": 20004830,
        "EUGID": 4830,
        "OWNER": "EUG",
        "MAINT": "EUG",
        "SOURCE": "EUG",
        "METHOD": "SURV",
        "FCLASS": "MAJCOLL",
        "PAVED": "Y",
        "DIR": " ",
        "NAME": "WASHINGTON",
        "TYPE": "ST",
        "SPEED": 30,
        "AIRSSPEED": 30,
        "ONEWAY": "BW",
        "TRAFFLOW": "BW",
        "AIRSNAME": "WASHINGTON ST",
        "F_ZLEV": 5,
        "T_ZLEV": 5,
        "L_LADD": 101,
        "L_HADD": 199,
        "R_LADD": 100,
        "R_HADD": 198,
        "SNOWROUTE": 2,
        "EVAC": " ",
        "LCPWID": 0,
        "OBJECTID": 2338,
        "ER_ROUTES": 4,
        "ACCESS_CNT": "Y",
        "Shape.STLength()": 400.0190034548359,
        "ROW_Width_Max": 66,
        "ROW_Width_Min": 0,
        "created_user": null,
        "created_date": null,
        "last_edited_user": "PWE_GDB_TRANSPORT_ADMIN",
        "last_edited_date": 1772212902000,
        "GlobalID": "{33FCF5C2-9270-4B93-8AB2-729B63681B34}",
        "layer": "roads",
        "source": "city-of-eugene-gis"
      }
    },
    {
      "type": "Feature",
      "id": "roads_113",
      "geometry": {
        "type": "LineString",
        "coordinates": [
          [
            -123.10027059965122,
            44.05982885903352
          ],
          [
            -123.10025628405157,
            44.06057892287388
          ]
        ]
      },
      "properties": {
        "SEG_ID": 20004823,
        "EUGID": 4823,
        "OWNER": "EUG",
        "MAINT": "EUG",
        "SOURCE": "EUG",
        "METHOD": "SURV",
        "FCLASS": "LOCAL",
        "PAVED": "Y",
        "DIR": "N",
        "NAME": "WASHINGTON",
        "TYPE": "ST",
        "SPEED": 20,
        "AIRSSPEED": 20,
        "ONEWAY": "BW",
        "TRAFFLOW": "BW",
        "AIRSNAME": "N WASHINGTON ST",
        "F_ZLEV": 5,
        "T_ZLEV": 5,
        "L_LADD": 2,
        "L_HADD": 98,
        "R_LADD": 1,
        "R_HADD": 99,
        "SNOWROUTE": null,
        "EVAC": " ",
        "LCPWID": 0,
        "OBJECTID": 2339,
        "ER_ROUTES": 5,
        "ACCESS_CNT": " ",
        "Shape.STLength()": 273.46250481889984,
        "ROW_Width_Max": 66,
        "ROW_Width_Min": 0,
        "created_user": null,
        "created_date": null,
        "last_edited_user": "PWE_GDB_TRANSPORT_ADMIN",
        "last_edited_date": 1716997242000,
        "GlobalID": "{02900B03-658A-4F3B-954A-D519ED5DC59A}",
        "layer": "roads",
        "source": "city-of-eugene-gis"
      }
    },
    {
      "type": "Feature",
      "id": "roads_114",
      "geometry": {
        "type": "LineString",
        "coordinates": [
          [
            -123.10562213535522,
            44.060878176240344
          ],
          [
            -123.105610675638,
            44.06244241316618
          ]
        ]
      },
      "properties": {
        "SEG_ID": 20000313,
        "EUGID": 313,
        "OWNER": "EUG",
        "MAINT": "EUG",
        "SOURCE": "EUG",
        "METHOD": "SURV",
        "FCLASS": "LOCAL",
        "PAVED": "Y",
        "DIR": " ",
        "NAME": "ASH",
        "TYPE": "ST",
        "SPEED": 20,
        "AIRSSPEED": 20,
        "ONEWAY": "BW",
        "TRAFFLOW": "BW",
        "AIRSNAME": "ASH ST",
        "F_ZLEV": 5,
        "T_ZLEV": 5,
        "L_LADD": 100,
        "L_HADD": 198,
        "R_LADD": 101,
        "R_HADD": 199,
        "SNOWROUTE": null,
        "EVAC": " ",
        "LCPWID": 0,
        "OBJECTID": 2340,
        "ER_ROUTES": 5,
        "ACCESS_CNT": " ",
        "Shape.STLength()": 570.2526441192535,
        "ROW_Width_Max": 50,
        "ROW_Width_Min": 0,
        "created_user": null,
        "created_date": null,
        "last_edited_user": "PWE_GDB_TRANSPORT_ADMIN",
        "last_edited_date": 1717002004000,
        "GlobalID": "{F4FB4498-1CB4-462F-9741-B68EBAA675E6}",
        "layer": "roads",
        "source": "city-of-eugene-gis"
      }
    },
    {
      "type": "Feature",
      "id": "roads_115",
      "geometry": {
        "type": "LineString",
        "coordinates": [
          [
            -123.105610675638,
            44.06244241316618
          ],
          [
            -123.10642671694528,
            44.06244553885497
          ]
        ]
      },
      "properties": {
        "SEG_ID": 20002927,
        "EUGID": 2927,
        "OWNER": "EUG",
        "MAINT": "EUG",
        "SOURCE": "EUG",
        "METHOD": "SURV",
        "FCLASS": "LOCAL",
        "PAVED": "N",
        "DIR": " ",
        "NAME": "LEWIS",
        "TYPE": "AVE",
        "SPEED": 20,
        "AIRSSPEED": 20,
        "ONEWAY": "BW",
        "TRAFFLOW": "BW",
        "AIRSNAME": "LEWIS AVE",
        "F_ZLEV": 5,
        "T_ZLEV": 5,
        "L_LADD": 850,
        "L_HADD": 898,
        "R_LADD": 851,
        "R_HADD": 899,
        "SNOWROUTE": null,
        "EVAC": " ",
        "LCPWID": 0,
        "OBJECTID": 2341,
        "ER_ROUTES": 5,
        "ACCESS_CNT": " ",
        "Shape.STLength()": 214.51732673833294,
        "ROW_Width_Max": 60,
        "ROW_Width_Min": 0,
        "created_user": null,
        "created_date": null,
        "last_edited_user": "PWE_GDB_TRANSPORT_ADMIN",
        "last_edited_date": 1717002004000,
        "GlobalID": "{D4E3E479-4372-44C6-825F-55D8A90F3AEC}",
        "layer": "roads",
        "source": "city-of-eugene-gis"
      }
    },
    {
      "type": "Feature",
      "id": "roads_116",
      "geometry": {
        "type": "LineString",
        "coordinates": [
          [
            -123.1064353547407,
            44.06138942415637
          ],
          [
            -123.1074251026703,
            44.061394304483535
          ]
        ]
      },
      "properties": {
        "SEG_ID": 20001032,
        "EUGID": 1032,
        "OWNER": "EUG",
        "MAINT": "EUG",
        "SOURCE": "EUG",
        "METHOD": "SURV",
        "FCLASS": "LOCAL",
        "PAVED": "Y",
        "DIR": " ",
        "NAME": "CHESHIRE",
        "TYPE": "AVE",
        "SPEED": 20,
        "AIRSSPEED": 20,
        "ONEWAY": "BW",
        "TRAFFLOW": "BW",
        "AIRSNAME": "CHESHIRE AVE",
        "F_ZLEV": 5,
        "T_ZLEV": 5,
        "L_LADD": 900,
        "L_HADD": 948,
        "R_LADD": 901,
        "R_HADD": 949,
        "SNOWROUTE": null,
        "EVAC": " ",
        "LCPWID": 0,
        "OBJECTID": 2342,
        "ER_ROUTES": 5,
        "ACCESS_CNT": " ",
        "Shape.STLength()": 260.1874998245403,
        "ROW_Width_Max": 70,
        "ROW_Width_Min": 0,
        "created_user": null,
        "created_date": null,
        "last_edited_user": "PWE_GDB_TRANSPORT_ADMIN",
        "last_edited_date": 1717002004000,
        "GlobalID": "{B8F92F75-67B1-49D3-9AEE-29B341656268}",
        "layer": "roads",
        "source": "city-of-eugene-gis"
      }
    },
    {
      "type": "Feature",
      "id": "roads_117",
      "geometry": {
        "type": "LineString",
        "coordinates": [
          [
            -123.1074251026703,
            44.061394304483535
          ],
          [
            -123.10841390743279,
            44.06139936504437
          ]
        ]
      },
      "properties": {
        "SEG_ID": 20001036,
        "EUGID": 1036,
        "OWNER": "EUG",
        "MAINT": "EUG",
        "SOURCE": "EUG",
        "METHOD": "SURV",
        "FCLASS": "LOCAL",
        "PAVED": "Y",
        "DIR": " ",
        "NAME": "CHESHIRE",
        "TYPE": "AVE",
        "SPEED": 20,
        "AIRSSPEED": 20,
        "ONEWAY": "BW",
        "TRAFFLOW": "BW",
        "AIRSNAME": "CHESHIRE AVE",
        "F_ZLEV": 5,
        "T_ZLEV": 5,
        "L_LADD": 950,
        "L_HADD": 998,
        "R_LADD": 951,
        "R_HADD": 999,
        "SNOWROUTE": null,
        "EVAC": " ",
        "LCPWID": 0,
        "OBJECTID": 2343,
        "ER_ROUTES": 5,
        "ACCESS_CNT": " ",
        "Shape.STLength()": 259.94000581958954,
        "ROW_Width_Max": 70,
        "ROW_Width_Min": 0,
        "created_user": null,
        "created_date": null,
        "last_edited_user": "PWE_GDB_TRANSPORT_ADMIN",
        "last_edited_date": 1717002004000,
        "GlobalID": "{7A31831F-CE54-4C99-B4E3-77C76DB3F149}",
        "layer": "roads",
        "source": "city-of-eugene-gis"
      }
    },
    {
      "type": "Feature",
      "id": "roads_118",
      "geometry": {
        "type": "LineString",
        "coordinates": [
          [
            -123.10482532391266,
            44.05983173446775
          ],
          [
            -123.1048492354679,
            44.05873205182313
          ]
        ]
      },
      "properties": {
        "SEG_ID": 20003329,
        "EUGID": 3329,
        "OWNER": "EUG",
        "MAINT": "EUG",
        "SOURCE": "EUG",
        "METHOD": "SURV",
        "FCLASS": "LOCAL",
        "PAVED": "Y",
        "DIR": " ",
        "NAME": "MONROE",
        "TYPE": "ST",
        "SPEED": 20,
        "AIRSSPEED": 20,
        "ONEWAY": "BW",
        "TRAFFLOW": "BW",
        "AIRSNAME": "MONROE ST",
        "F_ZLEV": 5,
        "T_ZLEV": 5,
        "L_LADD": 1,
        "L_HADD": 99,
        "R_LADD": 2,
        "R_HADD": 98,
        "SNOWROUTE": null,
        "EVAC": " ",
        "LCPWID": 0,
        "OBJECTID": 2344,
        "ER_ROUTES": 5,
        "ACCESS_CNT": " ",
        "Shape.STLength()": 400.9396474368624,
        "ROW_Width_Max": 66,
        "ROW_Width_Min": 0,
        "created_user": null,
        "created_date": null,
        "last_edited_user": "PWE_GDB_TRANSPORT_ADMIN",
        "last_edited_date": 1716997242000,
        "GlobalID": "{761572D3-5009-4BFA-938F-EB3580B1537C}",
        "layer": "roads",
        "source": "city-of-eugene-gis"
      }
    },
    {
      "type": "Feature",
      "id": "roads_119",
      "geometry": {
        "type": "LineString",
        "coordinates": [
          [
            -123.10645020088549,
            44.059463361164816
          ],
          [
            -123.10743693979904,
            44.05946539093212
          ]
        ]
      },
      "properties": {
        "SEG_ID": 20001127,
        "EUGID": 1127,
        "OWNER": "EUG",
        "MAINT": "EUG",
        "SOURCE": "EUG",
        "METHOD": "SURV",
        "FCLASS": "LOCAL",
        "PAVED": "Y",
        "DIR": " ",
        "NAME": "CLARK",
        "TYPE": "ST",
        "SPEED": 20,
        "AIRSSPEED": 20,
        "ONEWAY": "BW",
        "TRAFFLOW": "BW",
        "AIRSNAME": "CLARK ST",
        "F_ZLEV": 5,
        "T_ZLEV": 5,
        "L_LADD": 900,
        "L_HADD": 998,
        "R_LADD": 901,
        "R_HADD": 999,
        "SNOWROUTE": null,
        "EVAC": " ",
        "LCPWID": 0,
        "OBJECTID": 2345,
        "ER_ROUTES": 5,
        "ACCESS_CNT": " ",
        "Shape.STLength()": 259.3997519856422,
        "ROW_Width_Max": 66,
        "ROW_Width_Min": 0,
        "created_user": null,
        "created_date": null,
        "last_edited_user": "PWE_GDB_TRANSPORT_ADMIN",
        "last_edited_date": 1717002004000,
        "GlobalID": "{076B56D9-C152-454F-B39A-55BD7B2C8D8D}",
        "layer": "roads",
        "source": "city-of-eugene-gis"
      }
    },
    {
      "type": "Feature",
      "id": "roads_120",
      "geometry": {
        "type": "LineString",
        "coordinates": [
          [
            -123.09879277903059,
            44.058729704133846
          ],
          [
            -123.09879549493743,
            44.057632387251424
          ]
        ]
      },
      "properties": {
        "SEG_ID": 20002851,
        "EUGID": 2851,
        "OWNER": "EUG",
        "MAINT": "EUG",
        "SOURCE": "EUG",
        "METHOD": "SURV",
        "FCLASS": "LOCAL",
        "PAVED": "Y",
        "DIR": " ",
        "NAME": "LAWRENCE",
        "TYPE": "ST",
        "SPEED": 25,
        "AIRSSPEED": 25,
        "ONEWAY": "BW",
        "TRAFFLOW": "BW",
        "AIRSNAME": "LAWRENCE ST",
        "F_ZLEV": 5,
        "T_ZLEV": 5,
        "L_LADD": 101,
        "L_HADD": 199,
        "R_LADD": 100,
        "R_HADD": 198,
        "SNOWROUTE": null,
        "EVAC": " ",
        "LCPWID": 0,
        "OBJECTID": 2346,
        "ER_ROUTES": 5,
        "ACCESS_CNT": " ",
        "Shape.STLength()": 400.02836686631656,
        "ROW_Width_Max": 66,
        "ROW_Width_Min": 0,
        "created_user": null,
        "created_date": null,
        "last_edited_user": "CEWEMVM",
        "last_edited_date": 1518089071000,
        "GlobalID": "{4EF97AA3-5A4C-4094-8B7E-97AFB2F1677D}",
        "layer": "roads",
        "source": "city-of-eugene-gis"
      }
    },
    {
      "type": "Feature",
      "id": "roads_121",
      "geometry": {
        "type": "LineString",
        "coordinates": [
          [
            -123.10945881657827,
            44.05982974088352
          ],
          [
            -123.10946860837225,
            44.05873552126957
          ]
        ]
      },
      "properties": {
        "SEG_ID": 20004732,
        "EUGID": 4732,
        "OWNER": "EUG",
        "MAINT": "EUG",
        "SOURCE": "EUG",
        "METHOD": "SURV",
        "FCLASS": "LOCAL",
        "PAVED": "Y",
        "DIR": " ",
        "NAME": "VAN BUREN",
        "TYPE": "ST",
        "SPEED": 20,
        "AIRSSPEED": 20,
        "ONEWAY": "BW",
        "TRAFFLOW": "BW",
        "AIRSNAME": "VAN BUREN ST",
        "F_ZLEV": 5,
        "T_ZLEV": 5,
        "L_LADD": 1,
        "L_HADD": 99,
        "R_LADD": 2,
        "R_HADD": 98,
        "SNOWROUTE": null,
        "EVAC": " ",
        "LCPWID": 0,
        "OBJECTID": 2347,
        "ER_ROUTES": 5,
        "ACCESS_CNT": " ",
        "Shape.STLength()": 398.90712029869815,
        "ROW_Width_Max": 66,
        "ROW_Width_Min": 0,
        "created_user": null,
        "created_date": null,
        "last_edited_user": "CEWEMVM",
        "last_edited_date": 1518089071000,
        "GlobalID": "{28EC9191-41F2-46ED-96F9-582B243023B3}",
        "layer": "roads",
        "source": "city-of-eugene-gis"
      }
    },
    {
      "type": "Feature",
      "id": "roads_122",
      "geometry": {
        "type": "LineString",
        "coordinates": [
          [
            -123.11099694426663,
            44.0477211634565
          ],
          [
            -123.11251808624388,
            44.04772278482368
          ]
        ]
      },
      "properties": {
        "SEG_ID": 20005593,
        "EUGID": 5593,
        "OWNER": "EUG",
        "MAINT": "EUG",
        "SOURCE": "EUG",
        "METHOD": "SURV",
        "FCLASS": "MINART",
        "PAVED": "Y",
        "DIR": "W",
        "NAME": "11TH",
        "TYPE": "AVE",
        "SPEED": 30,
        "AIRSSPEED": 30,
        "ONEWAY": "FT",
        "TRAFFLOW": "W",
        "AIRSNAME": "W 11TH AVE",
        "F_ZLEV": 5,
        "T_ZLEV": 5,
        "L_LADD": 1200,
        "L_HADD": 1298,
        "R_LADD": 1201,
        "R_HADD": 1299,
        "SNOWROUTE": 2,
        "EVAC": " ",
        "LCPWID": 0,
        "OBJECTID": 2348,
        "ER_ROUTES": 1,
        "ACCESS_CNT": "Y",
        "Shape.STLength()": 399.96334650777794,
        "ROW_Width_Max": 66,
        "ROW_Width_Min": 0,
        "created_user": null,
        "created_date": null,
        "last_edited_user": "PWE_GDB_TRANSPORT_ADMIN",
        "last_edited_date": 1772212902000,
        "GlobalID": "{985F132A-D573-4129-8010-4114F56EACCA}",
        "layer": "roads",
        "source": "city-of-eugene-gis"
      }
    },
    {
      "type": "Feature",
      "id": "roads_123",
      "geometry": {
        "type": "LineString",
        "coordinates": [
          [
            -123.1158181559111,
            44.050909900189225
          ],
          [
            -123.11581360428113,
            44.0499374382295
          ]
        ]
      },
      "properties": {
        "SEG_ID": 20000154,
        "EUGID": 154,
        "OWNER": "EUG",
        "MAINT": "EUG",
        "SOURCE": "EUG",
        "METHOD": "SURV",
        "FCLASS": "LOCAL",
        "PAVED": "Y",
        "DIR": " ",
        "NAME": "ALMADEN",
        "TYPE": "ST",
        "SPEED": 20,
        "AIRSSPEED": 20,
        "ONEWAY": "BW",
        "TRAFFLOW": "BW",
        "AIRSNAME": "ALMADEN ST",
        "F_ZLEV": 5,
        "T_ZLEV": 5,
        "L_LADD": 801,
        "L_HADD": 899,
        "R_LADD": 800,
        "R_HADD": 898,
        "SNOWROUTE": null,
        "EVAC": " ",
        "LCPWID": 0,
        "OBJECTID": 2349,
        "ER_ROUTES": 5,
        "ACCESS_CNT": " ",
        "Shape.STLength()": 354.5125614840749,
        "ROW_Width_Max": 66,
        "ROW_Width_Min": 0,
        "created_user": null,
        "created_date": null,
        "last_edited_user": "PWE_GDB_TRANSPORT_ADMIN",
        "last_edited_date": 1715210265000,
        "GlobalID": "{BD4F7B2B-1A90-424A-9D6D-6A71F3542ABC}",
        "layer": "roads",
        "source": "city-of-eugene-gis"
      }
    },
    {
      "type": "Feature",
      "id": "roads_124",
      "geometry": {
        "type": "LineString",
        "coordinates": [
          [
            -123.11581360428113,
            44.0499374382295
          ],
          [
            -123.11580848216846,
            44.04883102649382
          ]
        ]
      },
      "properties": {
        "SEG_ID": 20000155,
        "EUGID": 155,
        "OWNER": "EUG",
        "MAINT": "EUG",
        "SOURCE": "EUG",
        "METHOD": "SURV",
        "FCLASS": "LOCAL",
        "PAVED": "Y",
        "DIR": " ",
        "NAME": "ALMADEN",
        "TYPE": "ST",
        "SPEED": 20,
        "AIRSSPEED": 20,
        "ONEWAY": "BW",
        "TRAFFLOW": "BW",
        "AIRSNAME": "ALMADEN ST",
        "F_ZLEV": 5,
        "T_ZLEV": 5,
        "L_LADD": 901,
        "L_HADD": 999,
        "R_LADD": 900,
        "R_HADD": 998,
        "SNOWROUTE": null,
        "EVAC": " ",
        "LCPWID": 0,
        "OBJECTID": 2350,
        "ER_ROUTES": 5,
        "ACCESS_CNT": " ",
        "Shape.STLength()": 403.3439299387083,
        "ROW_Width_Max": 66,
        "ROW_Width_Min": 0,
        "created_user": null,
        "created_date": null,
        "last_edited_user": "PWE_GDB_TRANSPORT_ADMIN",
        "last_edited_date": 1715210265000,
        "GlobalID": "{47FEF9A4-2C38-486E-B304-B188282FBD19}",
        "layer": "roads",
        "source": "city-of-eugene-gis"
      }
    },
    {
      "type": "Feature",
      "id": "roads_125",
      "geometry": {
        "type": "LineString",
        "coordinates": [
          [
            -123.11403669799576,
            44.05090714861033
          ],
          [
            -123.11403741693884,
            44.0499349115916
          ]
        ]
      },
      "properties": {
        "SEG_ID": 20004549,
        "EUGID": 4549,
        "OWNER": "EUG",
        "MAINT": "EUG",
        "SOURCE": "EUG",
        "METHOD": "SURV",
        "FCLASS": "LOCAL",
        "PAVED": "Y",
        "DIR": " ",
        "NAME": "TAYLOR",
        "TYPE": "ST",
        "SPEED": 20,
        "AIRSSPEED": 20,
        "ONEWAY": "BW",
        "TRAFFLOW": "BW",
        "AIRSNAME": "TAYLOR ST",
        "F_ZLEV": 5,
        "T_ZLEV": 5,
        "L_LADD": 801,
        "L_HADD": 899,
        "R_LADD": 800,
        "R_HADD": 898,
        "SNOWROUTE": null,
        "EVAC": " ",
        "LCPWID": 0,
        "OBJECTID": 2351,
        "ER_ROUTES": 5,
        "ACCESS_CNT": " ",
        "Shape.STLength()": 354.42858942246744,
        "ROW_Width_Max": 66,
        "ROW_Width_Min": 0,
        "created_user": null,
        "created_date": null,
        "last_edited_user": "PWE_GDB_TRANSPORT_ADMIN",
        "last_edited_date": 1717005524000,
        "GlobalID": "{0ECD4AE7-B8DF-4882-ADC2-70CC412ACFD4}",
        "layer": "roads",
        "source": "city-of-eugene-gis"
      }
    },
    {
      "type": "Feature",
      "id": "roads_126",
      "geometry": {
        "type": "LineString",
        "coordinates": [
          [
            -123.11403741693884,
            44.0499349115916
          ],
          [
            -123.11403855654622,
            44.04882955884269
          ]
        ]
      },
      "properties": {
        "SEG_ID": 20004535,
        "EUGID": 4535,
        "OWNER": "EUG",
        "MAINT": "EUG",
        "SOURCE": "EUG",
        "METHOD": "SURV",
        "FCLASS": "LOCAL",
        "PAVED": "Y",
        "DIR": " ",
        "NAME": "TAYLOR",
        "TYPE": "ST",
        "SPEED": 20,
        "AIRSSPEED": 20,
        "ONEWAY": "BW",
        "TRAFFLOW": "BW",
        "AIRSNAME": "TAYLOR ST",
        "F_ZLEV": 5,
        "T_ZLEV": 5,
        "L_LADD": 901,
        "L_HADD": 999,
        "R_LADD": 900,
        "R_HADD": 998,
        "SNOWROUTE": null,
        "EVAC": " ",
        "LCPWID": 0,
        "OBJECTID": 2352,
        "ER_ROUTES": 5,
        "ACCESS_CNT": " ",
        "Shape.STLength()": 402.9557396600773,
        "ROW_Width_Max": 66,
        "ROW_Width_Min": 0,
        "created_user": null,
        "created_date": null,
        "last_edited_user": "PWE_GDB_TRANSPORT_ADMIN",
        "last_edited_date": 1717005524000,
        "GlobalID": "{3845D67E-4F5C-4ACD-A12E-5C1B6CAE5AB5}",
        "layer": "roads",
        "source": "city-of-eugene-gis"
      }
    },
    {
      "type": "Feature",
      "id": "roads_127",
      "geometry": {
        "type": "LineString",
        "coordinates": [
          [
            -123.11403855654622,
            44.04882955884269
          ],
          [
            -123.11580848216846,
            44.04883102649382
          ]
        ]
      },
      "properties": {
        "SEG_ID": 20005515,
        "EUGID": 5515,
        "OWNER": "EUG",
        "MAINT": "EUG",
        "SOURCE": "EUG",
        "METHOD": "SURV",
        "FCLASS": "LOCAL",
        "PAVED": "Y",
        "DIR": "W",
        "NAME": "10TH",
        "TYPE": "AVE",
        "SPEED": 20,
        "AIRSSPEED": 20,
        "ONEWAY": "BW",
        "TRAFFLOW": "BW",
        "AIRSNAME": "W 10TH AVE",
        "F_ZLEV": 5,
        "T_ZLEV": 5,
        "L_LADD": 1400,
        "L_HADD": 1498,
        "R_LADD": 1401,
        "R_HADD": 1499,
        "SNOWROUTE": null,
        "EVAC": " ",
        "LCPWID": 0,
        "OBJECTID": 2353,
        "ER_ROUTES": 5,
        "ACCESS_CNT": " ",
        "Shape.STLength()": 465.3688422711468,
        "ROW_Width_Max": 66,
        "ROW_Width_Min": 0,
        "created_user": null,
        "created_date": null,
        "last_edited_user": "PWE_GDB_TRANSPORT_ADMIN",
        "last_edited_date": 1717005524000,
        "GlobalID": "{E03707F0-BD7F-4507-AC8D-D58BC5342BE9}",
        "layer": "roads",
        "source": "city-of-eugene-gis"
      }
    },
    {
      "type": "Feature",
      "id": "roads_128",
      "geometry": {
        "type": "LineString",
        "coordinates": [
          [
            -123.11251578886997,
            44.0543537612185
          ],
          [
            -123.11403805585356,
            44.054355513990224
          ]
        ]
      },
      "properties": {
        "SEG_ID": 20005229,
        "EUGID": 5229,
        "OWNER": "EUG",
        "MAINT": "EUG",
        "SOURCE": "EUG",
        "METHOD": "SURV",
        "FCLASS": "LOCAL",
        "PAVED": "Y",
        "DIR": "W",
        "NAME": "5TH",
        "TYPE": "AVE",
        "SPEED": 20,
        "AIRSSPEED": 20,
        "ONEWAY": "BW",
        "TRAFFLOW": "BW",
        "AIRSNAME": "W 5TH AVE",
        "F_ZLEV": 5,
        "T_ZLEV": 5,
        "L_LADD": 1300,
        "L_HADD": 1398,
        "R_LADD": 1301,
        "R_HADD": 1399,
        "SNOWROUTE": null,
        "EVAC": " ",
        "LCPWID": 0,
        "OBJECTID": 2354,
        "ER_ROUTES": 5,
        "ACCESS_CNT": " ",
        "Shape.STLength()": 400.21527410257596,
        "ROW_Width_Max": 66,
        "ROW_Width_Min": 0,
        "created_user": null,
        "created_date": null,
        "last_edited_user": "PWE_GDB_TRANSPORT_ADMIN",
        "last_edited_date": 1717002004000,
        "GlobalID": "{5E983BE6-08C8-4A84-8B81-B79A5799A47D}",
        "layer": "roads",
        "source": "city-of-eugene-gis"
      }
    },
    {
      "type": "Feature",
      "id": "roads_129",
      "geometry": {
        "type": "LineString",
        "coordinates": [
          [
            -123.11099944544542,
            44.046624013622264
          ],
          [
            -123.11251865914986,
            44.046625677736614
          ]
        ]
      },
      "properties": {
        "SEG_ID": 20005639,
        "EUGID": 5639,
        "OWNER": "EUG",
        "MAINT": "EUG",
        "SOURCE": "EUG",
        "METHOD": "SURV",
        "FCLASS": "LOCAL",
        "PAVED": "Y",
        "DIR": "W",
        "NAME": "12TH",
        "TYPE": "AVE",
        "SPEED": 20,
        "AIRSSPEED": 20,
        "ONEWAY": "BW",
        "TRAFFLOW": "BW",
        "AIRSNAME": "W 12TH AVE",
        "F_ZLEV": 5,
        "T_ZLEV": 5,
        "L_LADD": 1200,
        "L_HADD": 1298,
        "R_LADD": 1201,
        "R_HADD": 1299,
        "SNOWROUTE": null,
        "EVAC": " ",
        "LCPWID": 0,
        "OBJECTID": 2355,
        "ER_ROUTES": 5,
        "ACCESS_CNT": " ",
        "Shape.STLength()": 399.46361354909516,
        "ROW_Width_Max": 66,
        "ROW_Width_Min": 0,
        "created_user": null,
        "created_date": null,
        "last_edited_user": "PWE_GDB_TRANSPORT_ADMIN",
        "last_edited_date": 1717001122000,
        "GlobalID": "{1E289EBC-F9C5-4A86-8003-1BC1FDB9F03B}",
        "layer": "roads",
        "source": "city-of-eugene-gis"
      }
    },
    {
      "type": "Feature",
      "id": "roads_130",
      "geometry": {
        "type": "LineString",
        "coordinates": [
          [
            -123.10490848168855,
            44.05089879498849
          ],
          [
            -123.10642732020763,
            44.05090037945203
          ]
        ]
      },
      "properties": {
        "SEG_ID": 20005457,
        "EUGID": 5457,
        "OWNER": "EUG",
        "MAINT": "EUG",
        "SOURCE": "EUG",
        "METHOD": "SURV",
        "FCLASS": "LOCAL",
        "PAVED": "Y",
        "DIR": "W",
        "NAME": "8TH",
        "TYPE": "AVE",
        "SPEED": 20,
        "AIRSSPEED": 20,
        "ONEWAY": "BW",
        "TRAFFLOW": "BW",
        "AIRSNAME": "W 8TH AVE",
        "F_ZLEV": 5,
        "T_ZLEV": 5,
        "L_LADD": 800,
        "L_HADD": 898,
        "R_LADD": 801,
        "R_HADD": 899,
        "SNOWROUTE": 3,
        "EVAC": " ",
        "LCPWID": 0,
        "OBJECTID": 2356,
        "ER_ROUTES": 5,
        "ACCESS_CNT": " ",
        "Shape.STLength()": 399.3366570013327,
        "ROW_Width_Max": 60,
        "ROW_Width_Min": 0,
        "created_user": null,
        "created_date": null,
        "last_edited_user": "PWE_GDB_TRANSPORT_ADMIN",
        "last_edited_date": 1772212902000,
        "GlobalID": "{F30A0A46-41B6-4C41-B72E-E1B1FA55D423}",
        "layer": "roads",
        "source": "city-of-eugene-gis"
      }
    },
    {
      "type": "Feature",
      "id": "roads_131",
      "geometry": {
        "type": "LineString",
        "coordinates": [
          [
            -123.10034351361371,
            44.050907493571245
          ],
          [
            -123.10186452134351,
            44.05090428366292
          ]
        ]
      },
      "properties": {
        "SEG_ID": 20005473,
        "EUGID": 5473,
        "OWNER": "EUG",
        "MAINT": "EUG",
        "SOURCE": "EUG",
        "METHOD": "SURV",
        "FCLASS": "LOCAL",
        "PAVED": "Y",
        "DIR": "W",
        "NAME": "8TH",
        "TYPE": "AVE",
        "SPEED": 20,
        "AIRSSPEED": 20,
        "ONEWAY": "FT",
        "TRAFFLOW": "W",
        "AIRSNAME": "W 8TH AVE",
        "F_ZLEV": 5,
        "T_ZLEV": 5,
        "L_LADD": 500,
        "L_HADD": 598,
        "R_LADD": 501,
        "R_HADD": 599,
        "SNOWROUTE": 3,
        "EVAC": " ",
        "LCPWID": 0,
        "OBJECTID": 2357,
        "ER_ROUTES": 5,
        "ACCESS_CNT": "Y",
        "Shape.STLength()": 399.90824304495084,
        "ROW_Width_Max": 66,
        "ROW_Width_Min": 0,
        "created_user": null,
        "created_date": null,
        "last_edited_user": "PWE_GDB_TRANSPORT_ADMIN",
        "last_edited_date": 1772212902000,
        "GlobalID": "{001CE688-D14A-432C-9444-81AB9328F821}",
        "layer": "roads",
        "source": "city-of-eugene-gis"
      }
    },
    {
      "type": "Feature",
      "id": "roads_132",
      "geometry": {
        "type": "LineString",
        "coordinates": [
          [
            -123.10186452134351,
            44.05090428366292
          ],
          [
            -123.1033869547327,
            44.05090102725654
          ]
        ]
      },
      "properties": {
        "SEG_ID": 20005449,
        "EUGID": 5449,
        "OWNER": "EUG",
        "MAINT": "EUG",
        "SOURCE": "EUG",
        "METHOD": "SURV",
        "FCLASS": "LOCAL",
        "PAVED": "Y",
        "DIR": "W",
        "NAME": "8TH",
        "TYPE": "AVE",
        "SPEED": 20,
        "AIRSSPEED": 20,
        "ONEWAY": "BW",
        "TRAFFLOW": "BW",
        "AIRSNAME": "W 8TH AVE",
        "F_ZLEV": 5,
        "T_ZLEV": 5,
        "L_LADD": 600,
        "L_HADD": 698,
        "R_LADD": 601,
        "R_HADD": 699,
        "SNOWROUTE": 3,
        "EVAC": " ",
        "LCPWID": 0,
        "OBJECTID": 2358,
        "ER_ROUTES": 5,
        "ACCESS_CNT": "Y",
        "Shape.STLength()": 400.28315012205803,
        "ROW_Width_Max": 66,
        "ROW_Width_Min": 0,
        "created_user": null,
        "created_date": null,
        "last_edited_user": "PWE_GDB_TRANSPORT_ADMIN",
        "last_edited_date": 1772212902000,
        "GlobalID": "{67716A0E-D1EC-4FD6-B9BA-A4E2B52FF622}",
        "layer": "roads",
        "source": "city-of-eugene-gis"
      }
    },
    {
      "type": "Feature",
      "id": "roads_133",
      "geometry": {
        "type": "LineString",
        "coordinates": [
          [
            -123.10186035344596,
            44.05433989425442
          ],
          [
            -123.10338506231791,
            44.05434327432224
          ]
        ]
      },
      "properties": {
        "SEG_ID": 20005210,
        "EUGID": 5210,
        "OWNER": "EUG",
        "MAINT": "EUG",
        "SOURCE": "EUG",
        "METHOD": "SURV",
        "FCLASS": "MAJCOLL",
        "PAVED": "Y",
        "DIR": "W",
        "NAME": "5TH",
        "TYPE": "AVE",
        "SPEED": 20,
        "AIRSSPEED": 20,
        "ONEWAY": "BW",
        "TRAFFLOW": "BW",
        "AIRSNAME": "W 5TH AVE",
        "F_ZLEV": 5,
        "T_ZLEV": 5,
        "L_LADD": 600,
        "L_HADD": 698,
        "R_LADD": 601,
        "R_HADD": 699,
        "SNOWROUTE": 2,
        "EVAC": " ",
        "LCPWID": 0,
        "OBJECTID": 2359,
        "ER_ROUTES": 4,
        "ACCESS_CNT": "Y",
        "Shape.STLength()": 400.85873423132915,
        "ROW_Width_Max": 66,
        "ROW_Width_Min": 0,
        "created_user": null,
        "created_date": null,
        "last_edited_user": "PWE_GDB_TRANSPORT_ADMIN",
        "last_edited_date": 1772212902000,
        "GlobalID": "{3BDDCB1A-700F-4008-81C0-E0AAEBD2AB8E}",
        "layer": "roads",
        "source": "city-of-eugene-gis"
      }
    },
    {
      "type": "Feature",
      "id": "roads_134",
      "geometry": {
        "type": "LineString",
        "coordinates": [
          [
            -123.10490872486156,
            44.05434442935114
          ],
          [
            -123.10642810311823,
            44.05434549040458
          ]
        ]
      },
      "properties": {
        "SEG_ID": 20005218,
        "EUGID": 5218,
        "OWNER": "EUG",
        "MAINT": "EUG",
        "SOURCE": "EUG",
        "METHOD": "SURV",
        "FCLASS": "MAJCOLL",
        "PAVED": "Y",
        "DIR": "W",
        "NAME": "5TH",
        "TYPE": "AVE",
        "SPEED": 25,
        "AIRSSPEED": 25,
        "ONEWAY": "BW",
        "TRAFFLOW": "BW",
        "AIRSNAME": "W 5TH AVE",
        "F_ZLEV": 5,
        "T_ZLEV": 5,
        "L_LADD": 800,
        "L_HADD": 898,
        "R_LADD": 801,
        "R_HADD": 899,
        "SNOWROUTE": 2,
        "EVAC": " ",
        "LCPWID": 0,
        "OBJECTID": 2360,
        "ER_ROUTES": 4,
        "ACCESS_CNT": "Y",
        "Shape.STLength()": 399.4555485497986,
        "ROW_Width_Max": 66,
        "ROW_Width_Min": 0,
        "created_user": null,
        "created_date": null,
        "last_edited_user": "PWE_GDB_TRANSPORT_ADMIN",
        "last_edited_date": 1772212902000,
        "GlobalID": "{77F3C5F9-BB70-4D37-A38D-8E34A7BF35E3}",
        "layer": "roads",
        "source": "city-of-eugene-gis"
      }
    },
    {
      "type": "Feature",
      "id": "roads_135",
      "geometry": {
        "type": "LineString",
        "coordinates": [
          [
            -123.10642810311823,
            44.05434549040458
          ],
          [
            -123.10808115954812,
            44.05434678605749
          ]
        ]
      },
      "properties": {
        "SEG_ID": 20005194,
        "EUGID": 5194,
        "OWNER": "EUG",
        "MAINT": "EUG",
        "SOURCE": "EUG",
        "METHOD": "SURV",
        "FCLASS": "MAJCOLL",
        "PAVED": "Y",
        "DIR": "W",
        "NAME": "5TH",
        "TYPE": "AVE",
        "SPEED": 25,
        "AIRSSPEED": 25,
        "ONEWAY": "BW",
        "TRAFFLOW": "BW",
        "AIRSNAME": "W 5TH AVE",
        "F_ZLEV": 5,
        "T_ZLEV": 5,
        "L_LADD": 900,
        "L_HADD": 998,
        "R_LADD": 901,
        "R_HADD": 1001,
        "SNOWROUTE": 2,
        "EVAC": " ",
        "LCPWID": 0,
        "OBJECTID": 2361,
        "ER_ROUTES": 4,
        "ACCESS_CNT": "Y",
        "Shape.STLength()": 434.6005529506376,
        "ROW_Width_Max": 66,
        "ROW_Width_Min": 0,
        "created_user": null,
        "created_date": null,
        "last_edited_user": "PWE_GDB_TRANSPORT_ADMIN",
        "last_edited_date": 1772212902000,
        "GlobalID": "{624223F9-BE1B-47D6-9254-263FE0E1B71B}",
        "layer": "roads",
        "source": "city-of-eugene-gis"
      }
    },
    {
      "type": "Feature",
      "id": "roads_136",
      "geometry": {
        "type": "LineString",
        "coordinates": [
          [
            -123.1048988956421,
            44.05543968159455
          ],
          [
            -123.10642021705605,
            44.05544104012045
          ]
        ]
      },
      "properties": {
        "SEG_ID": 20005190,
        "EUGID": 5190,
        "OWNER": "EUG",
        "MAINT": "EUG",
        "SOURCE": "EUG",
        "METHOD": "SURV",
        "FCLASS": "LOCAL",
        "PAVED": "Y",
        "DIR": "W",
        "NAME": "4TH",
        "TYPE": "AVE",
        "SPEED": 20,
        "AIRSSPEED": 20,
        "ONEWAY": "BW",
        "TRAFFLOW": "BW",
        "AIRSNAME": "W 4TH AVE",
        "F_ZLEV": 5,
        "T_ZLEV": 5,
        "L_LADD": 800,
        "L_HADD": 898,
        "R_LADD": 801,
        "R_HADD": 899,
        "SNOWROUTE": null,
        "EVAC": " ",
        "LCPWID": 0,
        "OBJECTID": 2362,
        "ER_ROUTES": 5,
        "ACCESS_CNT": " ",
        "Shape.STLength()": 399.95928376865106,
        "ROW_Width_Max": 66,
        "ROW_Width_Min": 0,
        "created_user": null,
        "created_date": null,
        "last_edited_user": "PWE_GDB_TRANSPORT_ADMIN",
        "last_edited_date": 1716997571000,
        "GlobalID": "{D02D0338-A066-47B0-A5D6-EDBA72A1F40E}",
        "layer": "roads",
        "source": "city-of-eugene-gis"
      }
    },
    {
      "type": "Feature",
      "id": "roads_137",
      "geometry": {
        "type": "LineString",
        "coordinates": [
          [
            -123.10642021705605,
            44.05544104012045
          ],
          [
            -123.10794153119441,
            44.05544220870477
          ]
        ]
      },
      "properties": {
        "SEG_ID": 20005173,
        "EUGID": 5173,
        "OWNER": "EUG",
        "MAINT": "EUG",
        "SOURCE": "EUG",
        "METHOD": "SURV",
        "FCLASS": "LOCAL",
        "PAVED": "Y",
        "DIR": "W",
        "NAME": "4TH",
        "TYPE": "AVE",
        "SPEED": 20,
        "AIRSSPEED": 20,
        "ONEWAY": "BW",
        "TRAFFLOW": "BW",
        "AIRSNAME": "W 4TH AVE",
        "F_ZLEV": 5,
        "T_ZLEV": 5,
        "L_LADD": 900,
        "L_HADD": 998,
        "R_LADD": 901,
        "R_HADD": 999,
        "SNOWROUTE": null,
        "EVAC": " ",
        "LCPWID": 0,
        "OBJECTID": 2363,
        "ER_ROUTES": 5,
        "ACCESS_CNT": " ",
        "Shape.STLength()": 399.9572828753091,
        "ROW_Width_Max": 66,
        "ROW_Width_Min": 0,
        "created_user": null,
        "created_date": null,
        "last_edited_user": "PWE_GDB_TRANSPORT_ADMIN",
        "last_edited_date": 1716997571000,
        "GlobalID": "{F9CD8E3E-E2A0-4E39-A5FE-F315B44EE474}",
        "layer": "roads",
        "source": "city-of-eugene-gis"
      }
    },
    {
      "type": "Feature",
      "id": "roads_138",
      "geometry": {
        "type": "LineString",
        "coordinates": [
          [
            -123.10794153119441,
            44.05544220870477
          ],
          [
            -123.10915980475988,
            44.055442791653434
          ]
        ]
      },
      "properties": {
        "SEG_ID": 20005184,
        "EUGID": 5184,
        "OWNER": "EUG",
        "MAINT": "EUG",
        "SOURCE": "EUG",
        "METHOD": "SURV",
        "FCLASS": "LOCAL",
        "PAVED": "Y",
        "DIR": "W",
        "NAME": "4TH",
        "TYPE": "AVE",
        "SPEED": 20,
        "AIRSSPEED": 20,
        "ONEWAY": "BW",
        "TRAFFLOW": "BW",
        "AIRSNAME": "W 4TH AVE",
        "F_ZLEV": 5,
        "T_ZLEV": 5,
        "L_LADD": 1000,
        "L_HADD": 1022,
        "R_LADD": 1001,
        "R_HADD": 1069,
        "SNOWROUTE": null,
        "EVAC": " ",
        "LCPWID": 0,
        "OBJECTID": 2364,
        "ER_ROUTES": 5,
        "ACCESS_CNT": " ",
        "Shape.STLength()": 320.2870443124811,
        "ROW_Width_Max": 66,
        "ROW_Width_Min": 0,
        "created_user": null,
        "created_date": null,
        "last_edited_user": "PWE_GDB_TRANSPORT_ADMIN",
        "last_edited_date": 1716997571000,
        "GlobalID": "{A5D7B9A9-A1E1-4A02-8E8C-5860573A4AF2}",
        "layer": "roads",
        "source": "city-of-eugene-gis"
      }
    },
    {
      "type": "Feature",
      "id": "roads_139",
      "geometry": {
        "type": "LineString",
        "coordinates": [
          [
            -123.09272471374203,
            44.05322816863284
          ],
          [
            -123.09195924421017,
            44.053225535569176
          ]
        ]
      },
      "properties": {
        "SEG_ID": 20005298,
        "EUGID": 5298,
        "OWNER": "EUG",
        "MAINT": "EUG",
        "SOURCE": "EUG",
        "METHOD": "DIG",
        "FCLASS": "MAJART",
        "PAVED": "Y",
        "DIR": "E",
        "NAME": "6TH",
        "TYPE": "AVE",
        "SPEED": 20,
        "AIRSSPEED": 20,
        "ONEWAY": "TF",
        "TRAFFLOW": "W",
        "AIRSNAME": "E 6TH AVE",
        "F_ZLEV": 5,
        "T_ZLEV": 5,
        "L_LADD": 1,
        "L_HADD": 49,
        "R_LADD": 2,
        "R_HADD": 48,
        "SNOWROUTE": 1,
        "EVAC": " ",
        "LCPWID": 0,
        "OBJECTID": 2365,
        "ER_ROUTES": 4,
        "ACCESS_CNT": "Y",
        "Shape.STLength()": 201.25340458189328,
        "ROW_Width_Max": 66,
        "ROW_Width_Min": 0,
        "created_user": null,
        "created_date": null,
        "last_edited_user": "PWE_GDB_TRANSPORT_ADMIN",
        "last_edited_date": 1772212902000,
        "GlobalID": "{D54042B4-D9A5-412F-9D74-80C1E5E336BB}",
        "layer": "roads",
        "source": "city-of-eugene-gis"
      }
    },
    {
      "type": "Feature",
      "id": "roads_140",
      "geometry": {
        "type": "LineString",
        "coordinates": [
          [
            -123.0957712207885,
            44.05488375577088
          ],
          [
            -123.09577284744101,
            44.05433517753142
          ]
        ]
      },
      "properties": {
        "SEG_ID": 20050479,
        "EUGID": 50479,
        "OWNER": "EUG",
        "MAINT": "EUG",
        "SOURCE": "EUG",
        "METHOD": "SURV",
        "FCLASS": "LOCAL",
        "PAVED": "Y",
        "DIR": " ",
        "NAME": "CHARNELTON",
        "TYPE": "ST",
        "SPEED": 25,
        "AIRSSPEED": 25,
        "ONEWAY": "BW",
        "TRAFFLOW": "BW",
        "AIRSNAME": "CHARNELTON ST",
        "F_ZLEV": 5,
        "T_ZLEV": 5,
        "L_LADD": 451,
        "L_HADD": 499,
        "R_LADD": 450,
        "R_HADD": 498,
        "SNOWROUTE": null,
        "EVAC": " ",
        "LCPWID": 0,
        "OBJECTID": 2366,
        "ER_ROUTES": 5,
        "ACCESS_CNT": " ",
        "Shape.STLength()": 199.98476504474033,
        "ROW_Width_Max": 66,
        "ROW_Width_Min": 0,
        "created_user": null,
        "created_date": null,
        "last_edited_user": "CEWEMVM",
        "last_edited_date": 1518089071000,
        "GlobalID": "{2A288C30-FF6F-47D7-92ED-C6DD5A9E34EE}",
        "layer": "roads",
        "source": "city-of-eugene-gis"
      }
    },
    {
      "type": "Feature",
      "id": "roads_141",
      "geometry": {
        "type": "LineString",
        "coordinates": [
          [
            -123.09728138852145,
            44.0554335146096
          ],
          [
            -123.09728442704206,
            44.05488490188816
          ]
        ]
      },
      "properties": {
        "SEG_ID": 20002953,
        "EUGID": 2953,
        "OWNER": "EUG",
        "MAINT": "EUG",
        "SOURCE": "EUG",
        "METHOD": "SURV",
        "FCLASS": "LOCAL",
        "PAVED": "Y",
        "DIR": " ",
        "NAME": "LINCOLN",
        "TYPE": "ST",
        "SPEED": 25,
        "AIRSSPEED": 25,
        "ONEWAY": "BW",
        "TRAFFLOW": "BW",
        "AIRSNAME": "LINCOLN ST",
        "F_ZLEV": 5,
        "T_ZLEV": 5,
        "L_LADD": 401,
        "L_HADD": 449,
        "R_LADD": 400,
        "R_HADD": 448,
        "SNOWROUTE": null,
        "EVAC": " ",
        "LCPWID": 0,
        "OBJECTID": 2367,
        "ER_ROUTES": 5,
        "ACCESS_CNT": " ",
        "Shape.STLength()": 199.99852269627686,
        "ROW_Width_Max": 66,
        "ROW_Width_Min": 0,
        "created_user": null,
        "created_date": null,
        "last_edited_user": "CEWEMVM",
        "last_edited_date": 1518089071000,
        "GlobalID": "{7F50AF75-D4F8-442C-9BE3-EE687761AEEC}",
        "layer": "roads",
        "source": "city-of-eugene-gis"
      }
    },
    {
      "type": "Feature",
      "id": "roads_142",
      "geometry": {
        "type": "LineString",
        "coordinates": [
          [
            -123.09599057784638,
            44.05488392358229
          ],
          [
            -123.09728442704206,
            44.05488490188816
          ]
        ]
      },
      "properties": {
        "SEG_ID": 20005179,
        "EUGID": 5179,
        "OWNER": "PVT",
        "MAINT": "PVT",
        "SOURCE": "EUG",
        "METHOD": "DIG",
        "FCLASS": "LOCAL",
        "PAVED": "Y",
        "DIR": "W",
        "NAME": "4TH",
        "TYPE": "ALY",
        "SPEED": 15,
        "AIRSSPEED": 10,
        "ONEWAY": "BW",
        "TRAFFLOW": "BW",
        "AIRSNAME": "W 4TH ALY",
        "F_ZLEV": 5,
        "T_ZLEV": 5,
        "L_LADD": 200,
        "L_HADD": 298,
        "R_LADD": 201,
        "R_HADD": 299,
        "SNOWROUTE": null,
        "EVAC": " ",
        "LCPWID": 0,
        "OBJECTID": 2368,
        "ER_ROUTES": 5,
        "ACCESS_CNT": " ",
        "Shape.STLength()": 340.1593141553807,
        "ROW_Width_Max": 0,
        "ROW_Width_Min": 0,
        "created_user": null,
        "created_date": null,
        "last_edited_user": "PWE_GDB_TRANSPORT_ADMIN",
        "last_edited_date": 1734729019000,
        "GlobalID": "{6183132E-6182-4509-849E-5B855FB4E3CF}",
        "layer": "roads",
        "source": "city-of-eugene-gis"
      }
    },
    {
      "type": "Feature",
      "id": "roads_143",
      "geometry": {
        "type": "LineString",
        "coordinates": [
          [
            -123.09728442704206,
            44.05488490188816
          ],
          [
            -123.09728747305309,
            44.05433646444179
          ]
        ]
      },
      "properties": {
        "SEG_ID": 20050486,
        "EUGID": 50486,
        "OWNER": "EUG",
        "MAINT": "EUG",
        "SOURCE": "EUG",
        "METHOD": "SURV",
        "FCLASS": "LOCAL",
        "PAVED": "Y",
        "DIR": " ",
        "NAME": "LINCOLN",
        "TYPE": "ST",
        "SPEED": 25,
        "AIRSSPEED": 25,
        "ONEWAY": "BW",
        "TRAFFLOW": "BW",
        "AIRSNAME": "LINCOLN ST",
        "F_ZLEV": 5,
        "T_ZLEV": 5,
        "L_LADD": 451,
        "L_HADD": 499,
        "R_LADD": 450,
        "R_HADD": 498,
        "SNOWROUTE": null,
        "EVAC": " ",
        "LCPWID": 0,
        "OBJECTID": 2369,
        "ER_ROUTES": 5,
        "ACCESS_CNT": " ",
        "Shape.STLength()": 199.93458552898178,
        "ROW_Width_Max": 66,
        "ROW_Width_Min": 0,
        "created_user": null,
        "created_date": null,
        "last_edited_user": "CEWEMVM",
        "last_edited_date": 1518089071000,
        "GlobalID": "{BA142854-0A72-46AA-BE6E-F6AA8F3CE2E7}",
        "layer": "roads",
        "source": "city-of-eugene-gis"
      }
    },
    {
      "type": "Feature",
      "id": "roads_144",
      "geometry": {
        "type": "LineString",
        "coordinates": [
          [
            -123.09728442704206,
            44.05488490188816
          ],
          [
            -123.09880669219633,
            44.05488651160093
          ]
        ]
      },
      "properties": {
        "SEG_ID": 20022887,
        "EUGID": 22887,
        "OWNER": "EUG",
        "MAINT": "EUG",
        "SOURCE": "EUG",
        "METHOD": "DIG",
        "FCLASS": "LOCAL",
        "PAVED": "N",
        "DIR": "W",
        "NAME": "4TH",
        "TYPE": "ALY",
        "SPEED": 15,
        "AIRSSPEED": 5,
        "ONEWAY": "BW",
        "TRAFFLOW": "BW",
        "AIRSNAME": "W 4TH ALY",
        "F_ZLEV": 5,
        "T_ZLEV": 5,
        "L_LADD": 300,
        "L_HADD": 398,
        "R_LADD": 301,
        "R_HADD": 399,
        "SNOWROUTE": null,
        "EVAC": " ",
        "LCPWID": 0,
        "OBJECTID": 2370,
        "ER_ROUTES": 5,
        "ACCESS_CNT": " ",
        "Shape.STLength()": 400.21119424623794,
        "ROW_Width_Max": 14,
        "ROW_Width_Min": 0,
        "created_user": null,
        "created_date": null,
        "last_edited_user": "CEWEMVM",
        "last_edited_date": 1518089071000,
        "GlobalID": "{4EA5CC82-9751-4BC4-AE9B-E4EDFE27936F}",
        "layer": "roads",
        "source": "city-of-eugene-gis"
      }
    },
    {
      "type": "Feature",
      "id": "roads_145",
      "geometry": {
        "type": "LineString",
        "coordinates": [
          [
            -123.09120789958556,
            44.04661349183927
          ],
          [
            -123.09044641817712,
            44.046613163012786
          ]
        ]
      },
      "properties": {
        "SEG_ID": 20005635,
        "EUGID": 5635,
        "OWNER": "EUG",
        "MAINT": "EUG",
        "SOURCE": "EUG",
        "METHOD": "SURV",
        "FCLASS": "LOCAL",
        "PAVED": "Y",
        "DIR": "E",
        "NAME": "12TH",
        "TYPE": "AVE",
        "SPEED": 20,
        "AIRSSPEED": 20,
        "ONEWAY": "BW",
        "TRAFFLOW": "BW",
        "AIRSNAME": "E 12TH AVE",
        "F_ZLEV": 5,
        "T_ZLEV": 5,
        "L_LADD": 101,
        "L_HADD": 149,
        "R_LADD": 100,
        "R_HADD": 148,
        "SNOWROUTE": null,
        "EVAC": " ",
        "LCPWID": 0,
        "OBJECTID": 2371,
        "ER_ROUTES": 5,
        "ACCESS_CNT": " ",
        "Shape.STLength()": 200.22454768230278,
        "ROW_Width_Max": 66,
        "ROW_Width_Min": 0,
        "created_user": null,
        "created_date": null,
        "last_edited_user": "PWE_GDB_TRANSPORT_ADMIN",
        "last_edited_date": 1716224501000,
        "GlobalID": "{61297FEA-E7AE-4A09-AB32-5D2E9D00D42D}",
        "layer": "roads",
        "source": "city-of-eugene-gis"
      }
    },
    {
      "type": "Feature",
      "id": "roads_146",
      "geometry": {
        "type": "LineString",
        "coordinates": [
          [
            -123.0912076446984,
            44.046064438636314
          ],
          [
            -123.09120720543575,
            44.04551463757838
          ]
        ]
      },
      "properties": {
        "SEG_ID": 20050543,
        "EUGID": 50543,
        "OWNER": "EUG",
        "MAINT": "EUG",
        "SOURCE": "EUG",
        "METHOD": "SURV",
        "FCLASS": "MINART",
        "PAVED": "Y",
        "DIR": " ",
        "NAME": "OAK",
        "TYPE": "ST",
        "SPEED": 20,
        "AIRSSPEED": 20,
        "ONEWAY": "TF",
        "TRAFFLOW": "N",
        "AIRSNAME": "OAK ST",
        "F_ZLEV": 5,
        "T_ZLEV": 5,
        "L_LADD": 1251,
        "L_HADD": 1299,
        "R_LADD": 1250,
        "R_HADD": 1298,
        "SNOWROUTE": 2,
        "EVAC": " ",
        "LCPWID": 0,
        "OBJECTID": 2372,
        "ER_ROUTES": 4,
        "ACCESS_CNT": "Y",
        "Shape.STLength()": 200.42933253032092,
        "ROW_Width_Max": 66,
        "ROW_Width_Min": 0,
        "created_user": null,
        "created_date": null,
        "last_edited_user": "PWE_GDB_TRANSPORT_ADMIN",
        "last_edited_date": 1772212902000,
        "GlobalID": "{16ED4089-8462-48B5-A3D2-5F20CD8E8514}",
        "layer": "roads",
        "source": "city-of-eugene-gis"
      }
    },
    {
      "type": "Feature",
      "id": "roads_147",
      "geometry": {
        "type": "LineString",
        "coordinates": [
          [
            -123.09044641817712,
            44.046613163012786
          ],
          [
            -123.09044710961354,
            44.0460639213679
          ]
        ]
      },
      "properties": {
        "SEG_ID": 20003889,
        "EUGID": 3889,
        "OWNER": "EUG",
        "MAINT": "EUG",
        "SOURCE": "EUG",
        "METHOD": "DIG",
        "FCLASS": "LOCAL",
        "PAVED": "Y",
        "DIR": " ",
        "NAME": "PEARL",
        "TYPE": "ALY",
        "SPEED": 15,
        "AIRSSPEED": 10,
        "ONEWAY": "BW",
        "TRAFFLOW": "BW",
        "AIRSNAME": "PEARL ALY",
        "F_ZLEV": 5,
        "T_ZLEV": 5,
        "L_LADD": 1201,
        "L_HADD": 1249,
        "R_LADD": 1200,
        "R_HADD": 1248,
        "SNOWROUTE": null,
        "EVAC": " ",
        "LCPWID": 0,
        "OBJECTID": 2373,
        "ER_ROUTES": 5,
        "ACCESS_CNT": " ",
        "Shape.STLength()": 200.22549726714257,
        "ROW_Width_Max": 14,
        "ROW_Width_Min": 0,
        "created_user": null,
        "created_date": null,
        "last_edited_user": "CEWEMVM",
        "last_edited_date": 1518089071000,
        "GlobalID": "{453F5AEB-69B7-4094-8ECA-74D9FEF73958}",
        "layer": "roads",
        "source": "city-of-eugene-gis"
      }
    },
    {
      "type": "Feature",
      "id": "roads_148",
      "geometry": {
        "type": "LineString",
        "coordinates": [
          [
            -123.09044710961354,
            44.0460639213679
          ],
          [
            -123.09044725723732,
            44.04551399211186
          ]
        ]
      },
      "properties": {
        "SEG_ID": 20050539,
        "EUGID": 50539,
        "OWNER": "EUG",
        "MAINT": "EUG",
        "SOURCE": "EUG",
        "METHOD": "DIG",
        "FCLASS": "LOCAL",
        "PAVED": "Y",
        "DIR": " ",
        "NAME": "PEARL",
        "TYPE": "ALY",
        "SPEED": 15,
        "AIRSSPEED": 10,
        "ONEWAY": "BW",
        "TRAFFLOW": "BW",
        "AIRSNAME": "PEARL ALY",
        "F_ZLEV": 5,
        "T_ZLEV": 5,
        "L_LADD": 1251,
        "L_HADD": 1299,
        "R_LADD": 1250,
        "R_HADD": 1298,
        "SNOWROUTE": null,
        "EVAC": " ",
        "LCPWID": 0,
        "OBJECTID": 2374,
        "ER_ROUTES": 5,
        "ACCESS_CNT": " ",
        "Shape.STLength()": 200.47603743375618,
        "ROW_Width_Max": 14,
        "ROW_Width_Min": 0,
        "created_user": null,
        "created_date": null,
        "last_edited_user": "CEWEMVM",
        "last_edited_date": 1518089071000,
        "GlobalID": "{AC36FC99-1D76-4E6E-8A57-52F71CC5C551}",
        "layer": "roads",
        "source": "city-of-eugene-gis"
      }
    },
    {
      "type": "Feature",
      "id": "roads_149",
      "geometry": {
        "type": "LineString",
        "coordinates": [
          [
            -123.09120789958556,
            44.04661349183927
          ],
          [
            -123.0912076446984,
            44.046064438636314
          ]
        ]
      },
      "properties": {
        "SEG_ID": 20003534,
        "EUGID": 3534,
        "OWNER": "EUG",
        "MAINT": "EUG",
        "SOURCE": "EUG",
        "METHOD": "SURV",
        "FCLASS": "MINART",
        "PAVED": "Y",
        "DIR": " ",
        "NAME": "OAK",
        "TYPE": "ST",
        "SPEED": 20,
        "AIRSSPEED": 20,
        "ONEWAY": "TF",
        "TRAFFLOW": "N",
        "AIRSNAME": "OAK ST",
        "F_ZLEV": 5,
        "T_ZLEV": 5,
        "L_LADD": 1201,
        "L_HADD": 1249,
        "R_LADD": 1200,
        "R_HADD": 1248,
        "SNOWROUTE": 2,
        "EVAC": " ",
        "LCPWID": 0,
        "OBJECTID": 2375,
        "ER_ROUTES": 4,
        "ACCESS_CNT": "Y",
        "Shape.STLength()": 200.15672969800852,
        "ROW_Width_Max": 66,
        "ROW_Width_Min": 0,
        "created_user": null,
        "created_date": null,
        "last_edited_user": "PWE_GDB_TRANSPORT_ADMIN",
        "last_edited_date": 1772212902000,
        "GlobalID": "{007E67D8-4C39-427F-906C-0BD56960C6E4}",
        "layer": "roads",
        "source": "city-of-eugene-gis"
      }
    },
    {
      "type": "Feature",
      "id": "roads_150",
      "geometry": {
        "type": "LineString",
        "coordinates": [
          [
            -123.09044641817712,
            44.046613163012786
          ],
          [
            -123.08968541946459,
            44.04661299400177
          ]
        ]
      },
      "properties": {
        "SEG_ID": 20050552,
        "EUGID": 50552,
        "OWNER": "EUG",
        "MAINT": "EUG",
        "SOURCE": "EUG",
        "METHOD": "SURV",
        "FCLASS": "LOCAL",
        "PAVED": "Y",
        "DIR": "E",
        "NAME": "12TH",
        "TYPE": "AVE",
        "SPEED": 20,
        "AIRSSPEED": 20,
        "ONEWAY": "BW",
        "TRAFFLOW": "BW",
        "AIRSNAME": "E 12TH AVE",
        "F_ZLEV": 5,
        "T_ZLEV": 5,
        "L_LADD": 151,
        "L_HADD": 199,
        "R_LADD": 150,
        "R_HADD": 198,
        "SNOWROUTE": null,
        "EVAC": " ",
        "LCPWID": 0,
        "OBJECTID": 2376,
        "ER_ROUTES": 5,
        "ACCESS_CNT": " ",
        "Shape.STLength()": 200.09760167932836,
        "ROW_Width_Max": 66,
        "ROW_Width_Min": 0,
        "created_user": null,
        "created_date": null,
        "last_edited_user": "PWE_GDB_TRANSPORT_ADMIN",
        "last_edited_date": 1716224501000,
        "GlobalID": "{136637C2-1CF7-4CB8-8CC6-9C1F00B6B5FD}",
        "layer": "roads",
        "source": "city-of-eugene-gis"
      }
    },
    {
      "type": "Feature",
      "id": "roads_151",
      "geometry": {
        "type": "LineString",
        "coordinates": [
          [
            -123.0881691310907,
            44.046612678492096
          ],
          [
            -123.08817219328516,
            44.04606269565155
          ]
        ]
      },
      "properties": {
        "SEG_ID": 20002330,
        "EUGID": 2330,
        "OWNER": "EUG",
        "MAINT": "EUG",
        "SOURCE": "EUG",
        "METHOD": "SURV",
        "FCLASS": "MINART",
        "PAVED": "Y",
        "DIR": " ",
        "NAME": "HIGH",
        "TYPE": "ST",
        "SPEED": 20,
        "AIRSSPEED": 20,
        "ONEWAY": "TF",
        "TRAFFLOW": "N",
        "AIRSNAME": "HIGH ST",
        "F_ZLEV": 5,
        "T_ZLEV": 5,
        "L_LADD": 1201,
        "L_HADD": 1249,
        "R_LADD": 1200,
        "R_HADD": 1248,
        "SNOWROUTE": 2,
        "EVAC": " ",
        "LCPWID": 0,
        "OBJECTID": 2377,
        "ER_ROUTES": 4,
        "ACCESS_CNT": "Y",
        "Shape.STLength()": 200.49723345971634,
        "ROW_Width_Max": 66,
        "ROW_Width_Min": 0,
        "created_user": null,
        "created_date": null,
        "last_edited_user": "PWE_GDB_TRANSPORT_ADMIN",
        "last_edited_date": 1772212902000,
        "GlobalID": "{B7543D27-9944-4F43-90C2-9926E19A07CC}",
        "layer": "roads",
        "source": "city-of-eugene-gis"
      }
    },
    {
      "type": "Feature",
      "id": "roads_152",
      "geometry": {
        "type": "LineString",
        "coordinates": [
          [
            -123.08892679635036,
            44.04661276161491
          ],
          [
            -123.08892938389032,
            44.0460629620648
          ]
        ]
      },
      "properties": {
        "SEG_ID": 20002331,
        "EUGID": 2331,
        "OWNER": "EUG",
        "MAINT": "EUG",
        "SOURCE": "EUG",
        "METHOD": "DIG",
        "FCLASS": "LOCAL",
        "PAVED": "Y",
        "DIR": " ",
        "NAME": "HIGH",
        "TYPE": "ALY",
        "SPEED": 15,
        "AIRSSPEED": 10,
        "ONEWAY": "BW",
        "TRAFFLOW": "BW",
        "AIRSNAME": "HIGH ALY",
        "F_ZLEV": 5,
        "T_ZLEV": 5,
        "L_LADD": 1201,
        "L_HADD": 1249,
        "R_LADD": 1200,
        "R_HADD": 1248,
        "SNOWROUTE": null,
        "EVAC": " ",
        "LCPWID": 0,
        "OBJECTID": 2378,
        "ER_ROUTES": 5,
        "ACCESS_CNT": " ",
        "Shape.STLength()": 200.42995315950094,
        "ROW_Width_Max": 14,
        "ROW_Width_Min": 0,
        "created_user": null,
        "created_date": null,
        "last_edited_user": "CEWEMVM",
        "last_edited_date": 1518089071000,
        "GlobalID": "{19AAB110-F221-49CD-8A8E-6F56CB3CBC06}",
        "layer": "roads",
        "source": "city-of-eugene-gis"
      }
    },
    {
      "type": "Feature",
      "id": "roads_153",
      "geometry": {
        "type": "LineString",
        "coordinates": [
          [
            -123.08892679635036,
            44.04661276161491
          ],
          [
            -123.0881691310907,
            44.046612678492096
          ]
        ]
      },
      "properties": {
        "SEG_ID": 20050553,
        "EUGID": 50553,
        "OWNER": "EUG",
        "MAINT": "EUG",
        "SOURCE": "EUG",
        "METHOD": "SURV",
        "FCLASS": "LOCAL",
        "PAVED": "Y",
        "DIR": "E",
        "NAME": "12TH",
        "TYPE": "AVE",
        "SPEED": 20,
        "AIRSSPEED": 20,
        "ONEWAY": "BW",
        "TRAFFLOW": "BW",
        "AIRSNAME": "E 12TH AVE",
        "F_ZLEV": 5,
        "T_ZLEV": 5,
        "L_LADD": 251,
        "L_HADD": 299,
        "R_LADD": 250,
        "R_HADD": 298,
        "SNOWROUTE": null,
        "EVAC": " ",
        "LCPWID": 0,
        "OBJECTID": 2379,
        "ER_ROUTES": 5,
        "ACCESS_CNT": " ",
        "Shape.STLength()": 199.22109499606998,
        "ROW_Width_Max": 66,
        "ROW_Width_Min": 0,
        "created_user": null,
        "created_date": null,
        "last_edited_user": "PWE_GDB_TRANSPORT_ADMIN",
        "last_edited_date": 1716224501000,
        "GlobalID": "{CED08062-8500-4EFD-935E-D728A1235FBB}",
        "layer": "roads",
        "source": "city-of-eugene-gis"
      }
    },
    {
      "type": "Feature",
      "id": "roads_154",
      "geometry": {
        "type": "LineString",
        "coordinates": [
          [
            -123.08817219328516,
            44.04606269565155
          ],
          [
            -123.08817539809762,
            44.04551205130071
          ]
        ]
      },
      "properties": {
        "SEG_ID": 20050546,
        "EUGID": 50546,
        "OWNER": "EUG",
        "MAINT": "EUG",
        "SOURCE": "EUG",
        "METHOD": "SURV",
        "FCLASS": "MINART",
        "PAVED": "Y",
        "DIR": " ",
        "NAME": "HIGH",
        "TYPE": "ST",
        "SPEED": 20,
        "AIRSSPEED": 20,
        "ONEWAY": "TF",
        "TRAFFLOW": "N",
        "AIRSNAME": "HIGH ST",
        "F_ZLEV": 5,
        "T_ZLEV": 5,
        "L_LADD": 1251,
        "L_HADD": 1299,
        "R_LADD": 1250,
        "R_HADD": 1298,
        "SNOWROUTE": 2,
        "EVAC": " ",
        "LCPWID": 0,
        "OBJECTID": 2380,
        "ER_ROUTES": 4,
        "ACCESS_CNT": "Y",
        "Shape.STLength()": 200.73848923185355,
        "ROW_Width_Max": 66,
        "ROW_Width_Min": 0,
        "created_user": null,
        "created_date": null,
        "last_edited_user": "PWE_GDB_TRANSPORT_ADMIN",
        "last_edited_date": 1772212902000,
        "GlobalID": "{CB111A21-247D-47AD-83F0-7D030A5BE379}",
        "layer": "roads",
        "source": "city-of-eugene-gis"
      }
    },
    {
      "type": "Feature",
      "id": "roads_155",
      "geometry": {
        "type": "LineString",
        "coordinates": [
          [
            -123.08740813227536,
            44.04661249185688
          ],
          [
            -123.08741431521648,
            44.04551144370031
          ]
        ]
      },
      "properties": {
        "SEG_ID": 20003259,
        "EUGID": 3259,
        "OWNER": "EUG",
        "MAINT": "EUG",
        "SOURCE": "EUG",
        "METHOD": "DIG",
        "FCLASS": "LOCAL",
        "PAVED": "Y",
        "DIR": " ",
        "NAME": "MILL",
        "TYPE": "ALY",
        "SPEED": 15,
        "AIRSSPEED": 10,
        "ONEWAY": "BW",
        "TRAFFLOW": "BW",
        "AIRSNAME": "MILL ALY",
        "F_ZLEV": 5,
        "T_ZLEV": 5,
        "L_LADD": 1201,
        "L_HADD": 1299,
        "R_LADD": 1200,
        "R_HADD": 1298,
        "SNOWROUTE": null,
        "EVAC": " ",
        "LCPWID": 0,
        "OBJECTID": 2381,
        "ER_ROUTES": 5,
        "ACCESS_CNT": " ",
        "Shape.STLength()": 401.38909187527105,
        "ROW_Width_Max": 14,
        "ROW_Width_Min": 0,
        "created_user": null,
        "created_date": null,
        "last_edited_user": "CEWEMVM",
        "last_edited_date": 1518089071000,
        "GlobalID": "{38F2C0AB-1874-4B79-AE9D-8EEF6EC42434}",
        "layer": "roads",
        "source": "city-of-eugene-gis"
      }
    },
    {
      "type": "Feature",
      "id": "roads_156",
      "geometry": {
        "type": "LineString",
        "coordinates": [
          [
            -123.09120835043053,
            44.0477102242438
          ],
          [
            -123.09044639472532,
            44.04771024875013
          ]
        ]
      },
      "properties": {
        "SEG_ID": 20005585,
        "EUGID": 5585,
        "OWNER": "EUG",
        "MAINT": "EUG",
        "SOURCE": "EUG",
        "METHOD": "SURV",
        "FCLASS": "MINART",
        "PAVED": "Y",
        "DIR": "E",
        "NAME": "11TH",
        "TYPE": "AVE",
        "SPEED": 20,
        "AIRSSPEED": 20,
        "ONEWAY": "TF",
        "TRAFFLOW": "W",
        "AIRSNAME": "E 11TH AVE",
        "F_ZLEV": 5,
        "T_ZLEV": 5,
        "L_LADD": 101,
        "L_HADD": 149,
        "R_LADD": 100,
        "R_HADD": 148,
        "SNOWROUTE": 2,
        "EVAC": " ",
        "LCPWID": 0,
        "OBJECTID": 2382,
        "ER_ROUTES": 4,
        "ACCESS_CNT": "Y",
        "Shape.STLength()": 200.34558579252814,
        "ROW_Width_Max": 66,
        "ROW_Width_Min": 0,
        "created_user": null,
        "created_date": null,
        "last_edited_user": "PWE_GDB_TRANSPORT_ADMIN",
        "last_edited_date": 1772212902000,
        "GlobalID": "{C02415A3-50A0-4EDE-AC19-67C8976351CA}",
        "layer": "roads",
        "source": "city-of-eugene-gis"
      }
    },
    {
      "type": "Feature",
      "id": "roads_157",
      "geometry": {
        "type": "LineString",
        "coordinates": [
          [
            -123.09044639472532,
            44.04771024875013
          ],
          [
            -123.09044654133201,
            44.04703734737787
          ],
          [
            -123.09044641817712,
            44.046613163012786
          ]
        ]
      },
      "properties": {
        "SEG_ID": 20003885,
        "EUGID": 3885,
        "OWNER": "EUG",
        "MAINT": "EUG",
        "SOURCE": "EUG",
        "METHOD": "DIG",
        "FCLASS": "LOCAL",
        "PAVED": "Y",
        "DIR": " ",
        "NAME": "PEARL",
        "TYPE": "ALY",
        "SPEED": 15,
        "AIRSSPEED": 10,
        "ONEWAY": "BW",
        "TRAFFLOW": "BW",
        "AIRSNAME": "PEARL ALY",
        "F_ZLEV": 5,
        "T_ZLEV": 5,
        "L_LADD": 1101,
        "L_HADD": 1199,
        "R_LADD": 1100,
        "R_HADD": 1198,
        "SNOWROUTE": null,
        "EVAC": " ",
        "LCPWID": 0,
        "OBJECTID": 2383,
        "ER_ROUTES": 5,
        "ACCESS_CNT": " ",
        "Shape.STLength()": 399.94150600027143,
        "ROW_Width_Max": 14,
        "ROW_Width_Min": 0,
        "created_user": null,
        "created_date": null,
        "last_edited_user": "CEWEMVM",
        "last_edited_date": 1518089071000,
        "GlobalID": "{955376F3-EEB4-4326-A7D2-942318137F0F}",
        "layer": "roads",
        "source": "city-of-eugene-gis"
      }
    },
    {
      "type": "Feature",
      "id": "roads_158",
      "geometry": {
        "type": "LineString",
        "coordinates": [
          [
            -123.09044639472532,
            44.04771024875013
          ],
          [
            -123.08968443913527,
            44.04771027095501
          ]
        ]
      },
      "properties": {
        "SEG_ID": 20050558,
        "EUGID": 50558,
        "OWNER": "EUG",
        "MAINT": "EUG",
        "SOURCE": "EUG",
        "METHOD": "SURV",
        "FCLASS": "MINART",
        "PAVED": "Y",
        "DIR": "E",
        "NAME": "11TH",
        "TYPE": "AVE",
        "SPEED": 20,
        "AIRSSPEED": 20,
        "ONEWAY": "TF",
        "TRAFFLOW": "W",
        "AIRSNAME": "E 11TH AVE",
        "F_ZLEV": 5,
        "T_ZLEV": 5,
        "L_LADD": 151,
        "L_HADD": 199,
        "R_LADD": 150,
        "R_HADD": 198,
        "SNOWROUTE": 2,
        "EVAC": " ",
        "LCPWID": 0,
        "OBJECTID": 2384,
        "ER_ROUTES": 4,
        "ACCESS_CNT": "Y",
        "Shape.STLength()": 200.34555539475573,
        "ROW_Width_Max": 66,
        "ROW_Width_Min": 0,
        "created_user": null,
        "created_date": null,
        "last_edited_user": "PWE_GDB_TRANSPORT_ADMIN",
        "last_edited_date": 1772212902000,
        "GlobalID": "{6E3C3C89-8917-437E-A7B4-F65269FCEC32}",
        "layer": "roads",
        "source": "city-of-eugene-gis"
      }
    },
    {
      "type": "Feature",
      "id": "roads_159",
      "geometry": {
        "type": "LineString",
        "coordinates": [
          [
            -123.08968443913527,
            44.04771027095501
          ],
          [
            -123.08892343377646,
            44.04771026426474
          ]
        ]
      },
      "properties": {
        "SEG_ID": 20005557,
        "EUGID": 5557,
        "OWNER": "EUG",
        "MAINT": "EUG",
        "SOURCE": "EUG",
        "METHOD": "SURV",
        "FCLASS": "MINART",
        "PAVED": "Y",
        "DIR": "E",
        "NAME": "11TH",
        "TYPE": "AVE",
        "SPEED": 20,
        "AIRSSPEED": 20,
        "ONEWAY": "TF",
        "TRAFFLOW": "W",
        "AIRSNAME": "E 11TH AVE",
        "F_ZLEV": 5,
        "T_ZLEV": 5,
        "L_LADD": 201,
        "L_HADD": 249,
        "R_LADD": 200,
        "R_HADD": 248,
        "SNOWROUTE": 2,
        "EVAC": " ",
        "LCPWID": 0,
        "OBJECTID": 2385,
        "ER_ROUTES": 4,
        "ACCESS_CNT": "Y",
        "Shape.STLength()": 200.0957052176564,
        "ROW_Width_Max": 66,
        "ROW_Width_Min": 0,
        "created_user": null,
        "created_date": null,
        "last_edited_user": "PWE_GDB_TRANSPORT_ADMIN",
        "last_edited_date": 1772212902000,
        "GlobalID": "{008A9224-697B-47DA-860E-84B2B410FE73}",
        "layer": "roads",
        "source": "city-of-eugene-gis"
      }
    },
    {
      "type": "Feature",
      "id": "roads_160",
      "geometry": {
        "type": "LineString",
        "coordinates": [
          [
            -123.08968541946459,
            44.04661299400177
          ],
          [
            -123.08892679635036,
            44.04661276161491
          ]
        ]
      },
      "properties": {
        "SEG_ID": 20005615,
        "EUGID": 5615,
        "OWNER": "EUG",
        "MAINT": "EUG",
        "SOURCE": "EUG",
        "METHOD": "SURV",
        "FCLASS": "LOCAL",
        "PAVED": "Y",
        "DIR": "E",
        "NAME": "12TH",
        "TYPE": "AVE",
        "SPEED": 20,
        "AIRSSPEED": 20,
        "ONEWAY": "BW",
        "TRAFFLOW": "BW",
        "AIRSNAME": "E 12TH AVE",
        "F_ZLEV": 5,
        "T_ZLEV": 5,
        "L_LADD": 201,
        "L_HADD": 249,
        "R_LADD": 200,
        "R_HADD": 248,
        "SNOWROUTE": null,
        "EVAC": " ",
        "LCPWID": 0,
        "OBJECTID": 2386,
        "ER_ROUTES": 5,
        "ACCESS_CNT": " ",
        "Shape.STLength()": 199.47296916905398,
        "ROW_Width_Max": 66,
        "ROW_Width_Min": 0,
        "created_user": null,
        "created_date": null,
        "last_edited_user": "PWE_GDB_TRANSPORT_ADMIN",
        "last_edited_date": 1716224501000,
        "GlobalID": "{9A05A2C8-8848-4380-AF1C-D9D633CB3489}",
        "layer": "roads",
        "source": "city-of-eugene-gis"
      }
    },
    {
      "type": "Feature",
      "id": "roads_161",
      "geometry": {
        "type": "LineString",
        "coordinates": [
          [
            -123.08892343377646,
            44.04771026426474
          ],
          [
            -123.08816338628388,
            44.04771040680746
          ]
        ]
      },
      "properties": {
        "SEG_ID": 20050559,
        "EUGID": 50559,
        "OWNER": "EUG",
        "MAINT": "EUG",
        "SOURCE": "EUG",
        "METHOD": "SURV",
        "FCLASS": "MINART",
        "PAVED": "Y",
        "DIR": "E",
        "NAME": "11TH",
        "TYPE": "AVE",
        "SPEED": 20,
        "AIRSSPEED": 20,
        "ONEWAY": "TF",
        "TRAFFLOW": "W",
        "AIRSNAME": "E 11TH AVE",
        "F_ZLEV": 5,
        "T_ZLEV": 5,
        "L_LADD": 251,
        "L_HADD": 299,
        "R_LADD": 250,
        "R_HADD": 298,
        "SNOWROUTE": 2,
        "EVAC": " ",
        "LCPWID": 0,
        "OBJECTID": 2387,
        "ER_ROUTES": 4,
        "ACCESS_CNT": "Y",
        "Shape.STLength()": 199.8438542184426,
        "ROW_Width_Max": 66,
        "ROW_Width_Min": 0,
        "created_user": null,
        "created_date": null,
        "last_edited_user": "PWE_GDB_TRANSPORT_ADMIN",
        "last_edited_date": 1772212902000,
        "GlobalID": "{F5DE5F29-A542-4D80-9F9E-99043DD3367D}",
        "layer": "roads",
        "source": "city-of-eugene-gis"
      }
    },
    {
      "type": "Feature",
      "id": "roads_162",
      "geometry": {
        "type": "LineString",
        "coordinates": [
          [
            -123.09120719438933,
            44.04825964889427
          ],
          [
            -123.09120835043053,
            44.0477102242438
          ]
        ]
      },
      "properties": {
        "SEG_ID": 20050574,
        "EUGID": 50574,
        "OWNER": "EUG",
        "MAINT": "EUG",
        "SOURCE": "EUG",
        "METHOD": "SURV",
        "FCLASS": "MINART",
        "PAVED": "Y",
        "DIR": " ",
        "NAME": "OAK",
        "TYPE": "ST",
        "SPEED": 20,
        "AIRSSPEED": 20,
        "ONEWAY": "TF",
        "TRAFFLOW": "N",
        "AIRSNAME": "OAK ST",
        "F_ZLEV": 5,
        "T_ZLEV": 5,
        "L_LADD": 1051,
        "L_HADD": 1099,
        "R_LADD": 1050,
        "R_HADD": 1098,
        "SNOWROUTE": 2,
        "EVAC": " ",
        "LCPWID": 0,
        "OBJECTID": 2388,
        "ER_ROUTES": 4,
        "ACCESS_CNT": "Y",
        "Shape.STLength()": 200.29250640388733,
        "ROW_Width_Max": 66,
        "ROW_Width_Min": 0,
        "created_user": null,
        "created_date": null,
        "last_edited_user": "PWE_GDB_TRANSPORT_ADMIN",
        "last_edited_date": 1772212902000,
        "GlobalID": "{28BD7FA0-048E-4133-BC00-DF26A6830C81}",
        "layer": "roads",
        "source": "city-of-eugene-gis"
      }
    },
    {
      "type": "Feature",
      "id": "roads_163",
      "geometry": {
        "type": "LineString",
        "coordinates": [
          [
            -123.08739705308851,
            44.048807076422676
          ],
          [
            -123.08739963256042,
            44.04825676200524
          ]
        ]
      },
      "properties": {
        "SEG_ID": 20003253,
        "EUGID": 3253,
        "OWNER": "EUG",
        "MAINT": "EUG",
        "SOURCE": "EUG",
        "METHOD": "DIG",
        "FCLASS": "LOCAL",
        "PAVED": "Y",
        "DIR": " ",
        "NAME": "MILL",
        "TYPE": "ALY",
        "SPEED": 15,
        "AIRSSPEED": 10,
        "ONEWAY": "BW",
        "TRAFFLOW": "BW",
        "AIRSNAME": "MILL ALY",
        "F_ZLEV": 5,
        "T_ZLEV": 5,
        "L_LADD": 1001,
        "L_HADD": 1049,
        "R_LADD": 1000,
        "R_HADD": 1048,
        "SNOWROUTE": null,
        "EVAC": " ",
        "LCPWID": 0,
        "OBJECTID": 2389,
        "ER_ROUTES": 5,
        "ACCESS_CNT": " ",
        "Shape.STLength()": 200.61783476301403,
        "ROW_Width_Max": 14,
        "ROW_Width_Min": 0,
        "created_user": null,
        "created_date": null,
        "last_edited_user": "CEWEMVM",
        "last_edited_date": 1518089071000,
        "GlobalID": "{054C5233-A726-4D1B-AED6-0B2704187FFB}",
        "layer": "roads",
        "source": "city-of-eugene-gis"
      }
    },
    {
      "type": "Feature",
      "id": "roads_164",
      "geometry": {
        "type": "LineString",
        "coordinates": [
          [
            -123.08739963256042,
            44.04825676200524
          ],
          [
            -123.08740287078295,
            44.04771072228197
          ]
        ]
      },
      "properties": {
        "SEG_ID": 20050547,
        "EUGID": 50547,
        "OWNER": "EUG",
        "MAINT": "EUG",
        "SOURCE": "EUG",
        "METHOD": "DIG",
        "FCLASS": "LOCAL",
        "PAVED": "Y",
        "DIR": " ",
        "NAME": "MILL",
        "TYPE": "ALY",
        "SPEED": 15,
        "AIRSSPEED": 10,
        "ONEWAY": "BW",
        "TRAFFLOW": "BW",
        "AIRSNAME": "MILL ALY",
        "F_ZLEV": 5,
        "T_ZLEV": 5,
        "L_LADD": 1051,
        "L_HADD": 1099,
        "R_LADD": 1050,
        "R_HADD": 1098,
        "SNOWROUTE": null,
        "EVAC": " ",
        "LCPWID": 0,
        "OBJECTID": 2390,
        "ER_ROUTES": 5,
        "ACCESS_CNT": " ",
        "Shape.STLength()": 199.06012433902026,
        "ROW_Width_Max": 14,
        "ROW_Width_Min": 0,
        "created_user": null,
        "created_date": null,
        "last_edited_user": "CEWEMVM",
        "last_edited_date": 1518089071000,
        "GlobalID": "{873E98D0-F312-450B-A953-DB204C515E79}",
        "layer": "roads",
        "source": "city-of-eugene-gis"
      }
    },
    {
      "type": "Feature",
      "id": "roads_165",
      "geometry": {
        "type": "LineString",
        "coordinates": [
          [
            -123.11660529976515,
            44.033075981633615
          ],
          [
            -123.11713021451004,
            44.033079074472695
          ],
          [
            -123.11728788816217,
            44.03308397424273
          ],
          [
            -123.11744471066147,
            44.03309679416168
          ],
          [
            -123.1175999069487,
            44.0331174751815
          ],
          [
            -123.11776939715655,
            44.03315015396949
          ]
        ]
      },
      "properties": {
        "SEG_ID": 20006257,
        "EUGID": 6257,
        "OWNER": "EUG",
        "MAINT": "EUG",
        "SOURCE": "EUG",
        "METHOD": "SURV",
        "FCLASS": "MAJCOLL",
        "PAVED": "Y",
        "DIR": "W",
        "NAME": "24TH",
        "TYPE": "AVE",
        "SPEED": 25,
        "AIRSSPEED": 25,
        "ONEWAY": "BW",
        "TRAFFLOW": "BW",
        "AIRSNAME": "W 24TH AVE",
        "F_ZLEV": 5,
        "T_ZLEV": 5,
        "L_LADD": 1600,
        "L_HADD": 1698,
        "R_LADD": 1601,
        "R_HADD": 1699,
        "SNOWROUTE": 2,
        "EVAC": " ",
        "LCPWID": 0,
        "OBJECTID": 2515,
        "ER_ROUTES": 4,
        "ACCESS_CNT": "Y",
        "Shape.STLength()": 308.71903903859663,
        "ROW_Width_Max": 60,
        "ROW_Width_Min": 0,
        "created_user": null,
        "created_date": null,
        "last_edited_user": "PWE_GDB_TRANSPORT_ADMIN",
        "last_edited_date": 1772212902000,
        "GlobalID": "{2C0BC22E-E98C-492D-BE7B-99DE3EB59923}",
        "layer": "roads",
        "source": "city-of-eugene-gis"
      }
    },
    {
      "type": "Feature",
      "id": "roads_166",
      "geometry": {
        "type": "LineString",
        "coordinates": [
          [
            -123.08813953723589,
            44.05211436194245
          ],
          [
            -123.08814566278149,
            44.05101440151956
          ]
        ]
      },
      "properties": {
        "SEG_ID": 20023879,
        "EUGID": 23879,
        "OWNER": "EUG",
        "MAINT": "EUG",
        "SOURCE": "EUG",
        "METHOD": "SURV",
        "FCLASS": "MINART",
        "PAVED": "Y",
        "DIR": " ",
        "NAME": "HIGH",
        "TYPE": "ST",
        "SPEED": 20,
        "AIRSSPEED": 20,
        "ONEWAY": "TF",
        "TRAFFLOW": "N",
        "AIRSNAME": "HIGH ST",
        "F_ZLEV": 5,
        "T_ZLEV": 5,
        "L_LADD": 701,
        "L_HADD": 799,
        "R_LADD": 700,
        "R_HADD": 798,
        "SNOWROUTE": 2,
        "EVAC": " ",
        "LCPWID": 0,
        "OBJECTID": 2801,
        "ER_ROUTES": 4,
        "ACCESS_CNT": "Y",
        "Shape.STLength()": 400.9934832675164,
        "ROW_Width_Max": 66,
        "ROW_Width_Min": 0,
        "created_user": null,
        "created_date": null,
        "last_edited_user": "PWE_GDB_TRANSPORT_ADMIN",
        "last_edited_date": 1772212902000,
        "GlobalID": "{B02564E9-09EF-46BA-A54A-7EC6ADE80561}",
        "layer": "roads",
        "source": "city-of-eugene-gis"
      }
    },
    {
      "type": "Feature",
      "id": "roads_167",
      "geometry": {
        "type": "LineString",
        "coordinates": [
          [
            -123.09119776733884,
            44.052118864456496
          ],
          [
            -123.09119940847796,
            44.05158466831986
          ]
        ]
      },
      "properties": {
        "SEG_ID": 20003523,
        "EUGID": 3523,
        "OWNER": "EUG",
        "MAINT": "EUG",
        "SOURCE": "EUG",
        "METHOD": "SURV",
        "FCLASS": "MINART",
        "PAVED": "Y",
        "DIR": " ",
        "NAME": "OAK",
        "TYPE": "ST",
        "SPEED": 20,
        "AIRSSPEED": 20,
        "ONEWAY": "TF",
        "TRAFFLOW": "N",
        "AIRSNAME": "OAK ST",
        "F_ZLEV": 5,
        "T_ZLEV": 5,
        "L_LADD": 701,
        "L_HADD": 749,
        "R_LADD": 700,
        "R_HADD": 750,
        "SNOWROUTE": 2,
        "EVAC": " ",
        "LCPWID": 0,
        "OBJECTID": 2802,
        "ER_ROUTES": 4,
        "ACCESS_CNT": "Y",
        "Shape.STLength()": 194.7415476572477,
        "ROW_Width_Max": 66,
        "ROW_Width_Min": 0,
        "created_user": null,
        "created_date": null,
        "last_edited_user": "PWE_GDB_TRANSPORT_ADMIN",
        "last_edited_date": 1772212902000,
        "GlobalID": "{D66B01E0-C88B-4809-8EE7-45181F3DBB16}",
        "layer": "roads",
        "source": "city-of-eugene-gis"
      }
    },
    {
      "type": "Feature",
      "id": "roads_168",
      "geometry": {
        "type": "LineString",
        "coordinates": [
          [
            -123.08966711308395,
            44.053217513391004
          ],
          [
            -123.088133382317,
            44.05321364177317
          ]
        ]
      },
      "properties": {
        "SEG_ID": 20005279,
        "EUGID": 5279,
        "OWNER": "EUG",
        "MAINT": "EUG",
        "SOURCE": "EUG",
        "METHOD": "DIG",
        "FCLASS": "MAJART",
        "PAVED": "Y",
        "DIR": "E",
        "NAME": "6TH",
        "TYPE": "AVE",
        "SPEED": 20,
        "AIRSSPEED": 20,
        "ONEWAY": "TF",
        "TRAFFLOW": "W",
        "AIRSNAME": "E 6TH AVE",
        "F_ZLEV": 5,
        "T_ZLEV": 5,
        "L_LADD": 201,
        "L_HADD": 299,
        "R_LADD": 200,
        "R_HADD": 298,
        "SNOWROUTE": 1,
        "EVAC": " ",
        "LCPWID": 0,
        "OBJECTID": 2803,
        "ER_ROUTES": 4,
        "ACCESS_CNT": "Y",
        "Shape.STLength()": 403.2387485262008,
        "ROW_Width_Max": 66,
        "ROW_Width_Min": 0,
        "created_user": null,
        "created_date": null,
        "last_edited_user": "PWE_GDB_TRANSPORT_ADMIN",
        "last_edited_date": 1772212902000,
        "GlobalID": "{9377050D-615A-4B7D-942E-896C3039DDC9}",
        "layer": "roads",
        "source": "city-of-eugene-gis"
      }
    },
    {
      "type": "Feature",
      "id": "roads_169",
      "geometry": {
        "type": "LineString",
        "coordinates": [
          [
            -123.08211688803335,
            44.046612822086814
          ],
          [
            -123.08211883161633,
            44.04551261169849
          ]
        ]
      },
      "properties": {
        "SEG_ID": 20002401,
        "EUGID": 2401,
        "OWNER": "EUG",
        "MAINT": "EUG",
        "SOURCE": "EUG",
        "METHOD": "SURV",
        "FCLASS": "MINART",
        "PAVED": "Y",
        "DIR": " ",
        "NAME": "HILYARD",
        "TYPE": "ST",
        "SPEED": 25,
        "AIRSSPEED": 25,
        "ONEWAY": "TF",
        "TRAFFLOW": "N",
        "AIRSNAME": "HILYARD ST",
        "F_ZLEV": 5,
        "T_ZLEV": 5,
        "L_LADD": 1201,
        "L_HADD": 1299,
        "R_LADD": 1200,
        "R_HADD": 1298,
        "SNOWROUTE": 2,
        "EVAC": "PRIMARY",
        "LCPWID": 0,
        "OBJECTID": 2804,
        "ER_ROUTES": 4,
        "ACCESS_CNT": "Y",
        "Shape.STLength()": 401.0807177202028,
        "ROW_Width_Max": 66,
        "ROW_Width_Min": 0,
        "created_user": null,
        "created_date": null,
        "last_edited_user": "PWE_GDB_TRANSPORT_ADMIN",
        "last_edited_date": 1772212902000,
        "GlobalID": "{0F5BB6B6-6243-49D9-8E78-020B7E3CA4C6}",
        "layer": "roads",
        "source": "city-of-eugene-gis"
      }
    },
    {
      "type": "Feature",
      "id": "roads_170",
      "geometry": {
        "type": "LineString",
        "coordinates": [
          [
            -123.08016403815148,
            44.04661371202302
          ],
          [
            -123.07864448219368,
            44.04661471697416
          ]
        ]
      },
      "properties": {
        "SEG_ID": 20005621,
        "EUGID": 5621,
        "OWNER": "EUG",
        "MAINT": "EUG",
        "SOURCE": "EUG",
        "METHOD": "SURV",
        "FCLASS": "LOCAL",
        "PAVED": "Y",
        "DIR": "E",
        "NAME": "12TH",
        "TYPE": "AVE",
        "SPEED": 25,
        "AIRSSPEED": 25,
        "ONEWAY": "BW",
        "TRAFFLOW": "BW",
        "AIRSNAME": "E 12TH AVE",
        "F_ZLEV": 5,
        "T_ZLEV": 5,
        "L_LADD": 801,
        "L_HADD": 899,
        "R_LADD": 800,
        "R_HADD": 898,
        "SNOWROUTE": null,
        "EVAC": " ",
        "LCPWID": 0,
        "OBJECTID": 2805,
        "ER_ROUTES": 5,
        "ACCESS_CNT": " ",
        "Shape.STLength()": 399.55338351839805,
        "ROW_Width_Max": 66,
        "ROW_Width_Min": 0,
        "created_user": null,
        "created_date": null,
        "last_edited_user": "CEWEMVM",
        "last_edited_date": 1518089071000,
        "GlobalID": "{F70A148B-8CDE-49FE-9A20-3495F6A5A9D9}",
        "layer": "roads",
        "source": "city-of-eugene-gis"
      }
    },
    {
      "type": "Feature",
      "id": "roads_171",
      "geometry": {
        "type": "LineString",
        "coordinates": [
          [
            -123.08211883161633,
            44.04551261169849
          ],
          [
            -123.08017029349381,
            44.04551340120966
          ]
        ]
      },
      "properties": {
        "SEG_ID": 20005651,
        "EUGID": 5651,
        "OWNER": "EUG",
        "MAINT": "EUG",
        "SOURCE": "EUG",
        "METHOD": "SURV",
        "FCLASS": "MAJCOLL",
        "PAVED": "Y",
        "DIR": "E",
        "NAME": "13TH",
        "TYPE": "AVE",
        "SPEED": 20,
        "AIRSSPEED": 20,
        "ONEWAY": "FT",
        "TRAFFLOW": "E",
        "AIRSNAME": "E 13TH AVE",
        "F_ZLEV": 5,
        "T_ZLEV": 5,
        "L_LADD": 701,
        "L_HADD": 799,
        "R_LADD": 700,
        "R_HADD": 798,
        "SNOWROUTE": 2,
        "EVAC": " ",
        "LCPWID": 0,
        "OBJECTID": 2806,
        "ER_ROUTES": 4,
        "ACCESS_CNT": "Y",
        "Shape.STLength()": 512.3595379592145,
        "ROW_Width_Max": 66,
        "ROW_Width_Min": 0,
        "created_user": null,
        "created_date": null,
        "last_edited_user": "PWE_GDB_TRANSPORT_ADMIN",
        "last_edited_date": 1772212902000,
        "GlobalID": "{564CEA60-511D-4ADB-8B4B-B7804C96FB27}",
        "layer": "roads",
        "source": "city-of-eugene-gis"
      }
    },
    {
      "type": "Feature",
      "id": "roads_172",
      "geometry": {
        "type": "LineString",
        "coordinates": [
          [
            -123.08017029349381,
            44.04551340120966
          ],
          [
            -123.07864218716819,
            44.04550643468987
          ]
        ]
      },
      "properties": {
        "SEG_ID": 20005680,
        "EUGID": 5680,
        "OWNER": "EUG",
        "MAINT": "EUG",
        "SOURCE": "EUG",
        "METHOD": "SURV",
        "FCLASS": "MAJCOLL",
        "PAVED": "Y",
        "DIR": "E",
        "NAME": "13TH",
        "TYPE": "AVE",
        "SPEED": 20,
        "AIRSSPEED": 20,
        "ONEWAY": "FT",
        "TRAFFLOW": "BW",
        "AIRSNAME": "E 13TH AVE",
        "F_ZLEV": 5,
        "T_ZLEV": 5,
        "L_LADD": 801,
        "L_HADD": 899,
        "R_LADD": 800,
        "R_HADD": 898,
        "SNOWROUTE": 2,
        "EVAC": " ",
        "LCPWID": 0,
        "OBJECTID": 2807,
        "ER_ROUTES": 4,
        "ACCESS_CNT": "Y",
        "Shape.STLength()": 401.8168271912108,
        "ROW_Width_Max": 66,
        "ROW_Width_Min": 0,
        "created_user": null,
        "created_date": null,
        "last_edited_user": "PWE_GDB_TRANSPORT_ADMIN",
        "last_edited_date": 1772212902000,
        "GlobalID": "{73FF6474-7A87-4A57-B6CC-D99FDC419713}",
        "layer": "roads",
        "source": "city-of-eugene-gis"
      }
    },
    {
      "type": "Feature",
      "id": "roads_173",
      "geometry": {
        "type": "LineString",
        "coordinates": [
          [
            -123.0836388709789,
            44.04661291700191
          ],
          [
            -123.08211688803335,
            44.046612822086814
          ]
        ]
      },
      "properties": {
        "SEG_ID": 20005617,
        "EUGID": 5617,
        "OWNER": "PVT",
        "MAINT": "PVT",
        "SOURCE": "EUG",
        "METHOD": "DIG",
        "FCLASS": "LOCAL",
        "PAVED": "Y",
        "DIR": "E",
        "NAME": "12TH",
        "TYPE": "AVE",
        "SPEED": 25,
        "AIRSSPEED": 25,
        "ONEWAY": "BW",
        "TRAFFLOW": "BW",
        "AIRSNAME": "E 12TH AVE",
        "F_ZLEV": 5,
        "T_ZLEV": 5,
        "L_LADD": 601,
        "L_HADD": 699,
        "R_LADD": 600,
        "R_HADD": 698,
        "SNOWROUTE": null,
        "EVAC": " ",
        "LCPWID": 0,
        "OBJECTID": 2808,
        "ER_ROUTES": 5,
        "ACCESS_CNT": " ",
        "Shape.STLength()": 400.1913799983703,
        "ROW_Width_Max": 66,
        "ROW_Width_Min": 0,
        "created_user": null,
        "created_date": null,
        "last_edited_user": "CEWEMVM",
        "last_edited_date": 1518089071000,
        "GlobalID": "{8F0A9BCD-2CE3-4503-870F-65AD19F6E410}",
        "layer": "roads",
        "source": "city-of-eugene-gis"
      }
    },
    {
      "type": "Feature",
      "id": "roads_174",
      "geometry": {
        "type": "LineString",
        "coordinates": [
          [
            -123.08015776044206,
            44.04771350416031
          ],
          [
            -123.07864671534165,
            44.04771397629197
          ]
        ]
      },
      "properties": {
        "SEG_ID": 20005564,
        "EUGID": 5564,
        "OWNER": "EUG",
        "MAINT": "EUG",
        "SOURCE": "EUG",
        "METHOD": "SURV",
        "FCLASS": "MINART",
        "PAVED": "Y",
        "DIR": "E",
        "NAME": "11TH",
        "TYPE": "AVE",
        "SPEED": 25,
        "AIRSSPEED": 25,
        "ONEWAY": "BW",
        "TRAFFLOW": "BW",
        "AIRSNAME": "E 11TH AVE",
        "F_ZLEV": 5,
        "T_ZLEV": 5,
        "L_LADD": 801,
        "L_HADD": 899,
        "R_LADD": 800,
        "R_HADD": 898,
        "SNOWROUTE": 2,
        "EVAC": " ",
        "LCPWID": 0,
        "OBJECTID": 2809,
        "ER_ROUTES": 4,
        "ACCESS_CNT": "Y",
        "Shape.STLength()": 397.3081693144901,
        "ROW_Width_Max": 66,
        "ROW_Width_Min": 0,
        "created_user": null,
        "created_date": null,
        "last_edited_user": "PWE_GDB_TRANSPORT_ADMIN",
        "last_edited_date": 1772212902000,
        "GlobalID": "{8DA43852-62DF-47C4-899F-9EDFB878CEF2}",
        "layer": "roads",
        "source": "city-of-eugene-gis"
      }
    },
    {
      "type": "Feature",
      "id": "roads_175",
      "geometry": {
        "type": "LineString",
        "coordinates": [
          [
            -123.0836340528483,
            44.047711994843176
          ],
          [
            -123.08211493722503,
            44.04771286462212
          ]
        ]
      },
      "properties": {
        "SEG_ID": 20005560,
        "EUGID": 5560,
        "OWNER": "EUG",
        "MAINT": "EUG",
        "SOURCE": "EUG",
        "METHOD": "SURV",
        "FCLASS": "MINART",
        "PAVED": "Y",
        "DIR": "E",
        "NAME": "11TH",
        "TYPE": "AVE",
        "SPEED": 25,
        "AIRSSPEED": 25,
        "ONEWAY": "TF",
        "TRAFFLOW": "BW",
        "AIRSNAME": "E 11TH AVE",
        "F_ZLEV": 5,
        "T_ZLEV": 5,
        "L_LADD": 601,
        "L_HADD": 699,
        "R_LADD": 600,
        "R_HADD": 698,
        "SNOWROUTE": 2,
        "EVAC": " ",
        "LCPWID": 0,
        "OBJECTID": 2810,
        "ER_ROUTES": 4,
        "ACCESS_CNT": "Y",
        "Shape.STLength()": 399.43029742371823,
        "ROW_Width_Max": 66,
        "ROW_Width_Min": 0,
        "created_user": null,
        "created_date": null,
        "last_edited_user": "PWE_GDB_TRANSPORT_ADMIN",
        "last_edited_date": 1772212902000,
        "GlobalID": "{2B2A6D1B-1368-410D-8C58-AA10222C74F3}",
        "layer": "roads",
        "source": "city-of-eugene-gis"
      }
    },
    {
      "type": "Feature",
      "id": "roads_176",
      "geometry": {
        "type": "LineString",
        "coordinates": [
          [
            -123.11454489577784,
            44.058205699637845
          ],
          [
            -123.11384695087104,
            44.05748985252229
          ]
        ]
      },
      "properties": {
        "SEG_ID": 20023478,
        "EUGID": 23478,
        "OWNER": "EUG",
        "MAINT": "PVT",
        "SOURCE": "EUG",
        "METHOD": "DIG",
        "FCLASS": "LOCAL",
        "PAVED": "Y",
        "DIR": " ",
        "NAME": "TAYLOR",
        "TYPE": "ST",
        "SPEED": 25,
        "AIRSSPEED": 25,
        "ONEWAY": "BW",
        "TRAFFLOW": "BW",
        "AIRSNAME": "TAYLOR ST",
        "F_ZLEV": 5,
        "T_ZLEV": 5,
        "L_LADD": 101,
        "L_HADD": 199,
        "R_LADD": 100,
        "R_HADD": 198,
        "SNOWROUTE": null,
        "EVAC": " ",
        "LCPWID": 0,
        "OBJECTID": 2811,
        "ER_ROUTES": 5,
        "ACCESS_CNT": " ",
        "Shape.STLength()": 319.0107624231929,
        "ROW_Width_Max": 50,
        "ROW_Width_Min": 0,
        "created_user": null,
        "created_date": null,
        "last_edited_user": "CEWEMVM",
        "last_edited_date": 1518089071000,
        "GlobalID": "{F06A42CB-AC50-4C0D-B78D-4873CE3E627C}",
        "layer": "roads",
        "source": "city-of-eugene-gis"
      }
    },
    {
      "type": "Feature",
      "id": "roads_177",
      "geometry": {
        "type": "LineString",
        "coordinates": [
          [
            -123.112515966095,
            44.05748001751901
          ],
          [
            -123.11384695087104,
            44.05748985252229
          ]
        ]
      },
      "properties": {
        "SEG_ID": 20005150,
        "EUGID": 5150,
        "OWNER": "EUG",
        "MAINT": "EUG",
        "SOURCE": "EUG",
        "METHOD": "SURV",
        "FCLASS": "MAJCOLL",
        "PAVED": "Y",
        "DIR": "W",
        "NAME": "2ND",
        "TYPE": "AVE",
        "SPEED": 30,
        "AIRSSPEED": 30,
        "ONEWAY": "BW",
        "TRAFFLOW": "BW",
        "AIRSNAME": "W 2ND AVE",
        "F_ZLEV": 5,
        "T_ZLEV": 5,
        "L_LADD": 1320,
        "L_HADD": 1380,
        "R_LADD": 1321,
        "R_HADD": 1381,
        "SNOWROUTE": 3,
        "EVAC": " ",
        "LCPWID": 0,
        "OBJECTID": 2812,
        "ER_ROUTES": 4,
        "ACCESS_CNT": "Y",
        "Shape.STLength()": 349.92555011745,
        "ROW_Width_Max": 60,
        "ROW_Width_Min": 0,
        "created_user": null,
        "created_date": null,
        "last_edited_user": "PWE_GDB_TRANSPORT_ADMIN",
        "last_edited_date": 1772212902000,
        "GlobalID": "{1F0E3DBC-1DD2-488C-BCFD-1AD8C4804A23}",
        "layer": "roads",
        "source": "city-of-eugene-gis"
      }
    },
    {
      "type": "Feature",
      "id": "roads_178",
      "geometry": {
        "type": "LineString",
        "coordinates": [
          [
            -123.11403681890108,
            44.057491236562946
          ],
          [
            -123.11517841132631,
            44.057499661565565
          ]
        ]
      },
      "properties": {
        "SEG_ID": 20005151,
        "EUGID": 5151,
        "OWNER": "EUG",
        "MAINT": "EUG",
        "SOURCE": "EUG",
        "METHOD": "SURV",
        "FCLASS": "MAJCOLL",
        "PAVED": "Y",
        "DIR": "W",
        "NAME": "2ND",
        "TYPE": "AVE",
        "SPEED": 30,
        "AIRSSPEED": 30,
        "ONEWAY": "BW",
        "TRAFFLOW": "BW",
        "AIRSNAME": "W 2ND AVE",
        "F_ZLEV": 5,
        "T_ZLEV": 5,
        "L_LADD": 1492,
        "L_HADD": 1492,
        "R_LADD": 1439,
        "R_HADD": 1455,
        "SNOWROUTE": 3,
        "EVAC": " ",
        "LCPWID": 0,
        "OBJECTID": 2813,
        "ER_ROUTES": 4,
        "ACCESS_CNT": "Y",
        "Shape.STLength()": 300.1328360461848,
        "ROW_Width_Max": 60,
        "ROW_Width_Min": 0,
        "created_user": null,
        "created_date": null,
        "last_edited_user": "PWE_GDB_TRANSPORT_ADMIN",
        "last_edited_date": 1772212902000,
        "GlobalID": "{84984A63-A2C1-481E-8369-E05E2BB56CDE}",
        "layer": "roads",
        "source": "city-of-eugene-gis"
      }
    },
    {
      "type": "Feature",
      "id": "roads_179",
      "geometry": {
        "type": "LineString",
        "coordinates": [
          [
            -123.11239373664924,
            44.06353836230519
          ],
          [
            -123.11239094072984,
            44.063825561242446
          ]
        ]
      },
      "properties": {
        "SEG_ID": 20022291,
        "EUGID": 22291,
        "OWNER": "EUG",
        "MAINT": "EUG",
        "SOURCE": "EUG",
        "METHOD": "SURV",
        "FCLASS": "LOCAL",
        "PAVED": "Y",
        "DIR": "N",
        "NAME": "POLK",
        "TYPE": "ST",
        "SPEED": 20,
        "AIRSSPEED": 20,
        "ONEWAY": "BW",
        "TRAFFLOW": "BW",
        "AIRSNAME": "N POLK ST",
        "F_ZLEV": 5,
        "T_ZLEV": 5,
        "L_LADD": 300,
        "L_HADD": 342,
        "R_LADD": 301,
        "R_HADD": 309,
        "SNOWROUTE": null,
        "EVAC": " ",
        "LCPWID": 0,
        "OBJECTID": 2814,
        "ER_ROUTES": 5,
        "ACCESS_CNT": " ",
        "Shape.STLength()": 104.701435639632,
        "ROW_Width_Max": 50,
        "ROW_Width_Min": 0,
        "created_user": null,
        "created_date": null,
        "last_edited_user": "PWE_GDB_TRANSPORT_ADMIN",
        "last_edited_date": 1716997571000,
        "GlobalID": "{9EBD77CB-2A90-4D7F-AA87-7ECA527BE2BB}",
        "layer": "roads",
        "source": "city-of-eugene-gis"
      }
    },
    {
      "type": "Feature",
      "id": "roads_180",
      "geometry": {
        "type": "LineString",
        "coordinates": [
          [
            -123.10185627500125,
            44.05543741478904
          ],
          [
            -123.10337758162777,
            44.05543847315062
          ]
        ]
      },
      "properties": {
        "SEG_ID": 20005185,
        "EUGID": 5185,
        "OWNER": "EUG",
        "MAINT": "EUG",
        "SOURCE": "EUG",
        "METHOD": "SURV",
        "FCLASS": "LOCAL",
        "PAVED": "Y",
        "DIR": "W",
        "NAME": "4TH",
        "TYPE": "AVE",
        "SPEED": 20,
        "AIRSSPEED": 20,
        "ONEWAY": "BW",
        "TRAFFLOW": "BW",
        "AIRSNAME": "W 4TH AVE",
        "F_ZLEV": 5,
        "T_ZLEV": 5,
        "L_LADD": 600,
        "L_HADD": 698,
        "R_LADD": 601,
        "R_HADD": 699,
        "SNOWROUTE": null,
        "EVAC": " ",
        "LCPWID": 0,
        "OBJECTID": 2815,
        "ER_ROUTES": 5,
        "ACCESS_CNT": " ",
        "Shape.STLength()": 399.9552915854727,
        "ROW_Width_Max": 66,
        "ROW_Width_Min": 0,
        "created_user": null,
        "created_date": null,
        "last_edited_user": "PWE_GDB_TRANSPORT_ADMIN",
        "last_edited_date": 1716997571000,
        "GlobalID": "{556456E5-9C37-4263-A348-09D652CC7B86}",
        "layer": "roads",
        "source": "city-of-eugene-gis"
      }
    },
    {
      "type": "Feature",
      "id": "roads_181",
      "geometry": {
        "type": "LineString",
        "coordinates": [
          [
            -123.10338506231791,
            44.05434327432224
          ],
          [
            -123.10490872486156,
            44.05434442935114
          ]
        ]
      },
      "properties": {
        "SEG_ID": 20005215,
        "EUGID": 5215,
        "OWNER": "EUG",
        "MAINT": "EUG",
        "SOURCE": "EUG",
        "METHOD": "SURV",
        "FCLASS": "MAJCOLL",
        "PAVED": "Y",
        "DIR": "W",
        "NAME": "5TH",
        "TYPE": "AVE",
        "SPEED": 25,
        "AIRSSPEED": 25,
        "ONEWAY": "BW",
        "TRAFFLOW": "BW",
        "AIRSNAME": "W 5TH AVE",
        "F_ZLEV": 5,
        "T_ZLEV": 5,
        "L_LADD": 700,
        "L_HADD": 798,
        "R_LADD": 701,
        "R_HADD": 799,
        "SNOWROUTE": 2,
        "EVAC": " ",
        "LCPWID": 0,
        "OBJECTID": 2816,
        "ER_ROUTES": 4,
        "ACCESS_CNT": "Y",
        "Shape.STLength()": 400.5819594664742,
        "ROW_Width_Max": 66,
        "ROW_Width_Min": 0,
        "created_user": null,
        "created_date": null,
        "last_edited_user": "PWE_GDB_TRANSPORT_ADMIN",
        "last_edited_date": 1772212902000,
        "GlobalID": "{56D575E1-BBA4-4E2F-9A9D-258F4D74ED59}",
        "layer": "roads",
        "source": "city-of-eugene-gis"
      }
    },
    {
      "type": "Feature",
      "id": "roads_182",
      "geometry": {
        "type": "LineString",
        "coordinates": [
          [
            -123.09272145654761,
            44.05432652361842
          ],
          [
            -123.09272471374203,
            44.05322816863284
          ]
        ]
      },
      "properties": {
        "SEG_ID": 20004954,
        "EUGID": 4954,
        "OWNER": "EUG",
        "MAINT": "EUG",
        "SOURCE": "EUG",
        "METHOD": "SURV",
        "FCLASS": "LOCAL",
        "PAVED": "Y",
        "DIR": " ",
        "NAME": "WILLAMETTE",
        "TYPE": "ST",
        "SPEED": 25,
        "AIRSSPEED": 25,
        "ONEWAY": "BW",
        "TRAFFLOW": "BW",
        "AIRSNAME": "WILLAMETTE ST",
        "F_ZLEV": 5,
        "T_ZLEV": 5,
        "L_LADD": 501,
        "L_HADD": 649,
        "R_LADD": 500,
        "R_HADD": 648,
        "SNOWROUTE": null,
        "EVAC": " ",
        "LCPWID": 0,
        "OBJECTID": 2817,
        "ER_ROUTES": 5,
        "ACCESS_CNT": "Y",
        "Shape.STLength()": 400.4062983659942,
        "ROW_Width_Max": 66,
        "ROW_Width_Min": 0,
        "created_user": null,
        "created_date": null,
        "last_edited_user": "CEWEMVM",
        "last_edited_date": 1518089071000,
        "GlobalID": "{ECAF4957-1719-4944-BE21-7CA6D62995BC}",
        "layer": "roads",
        "source": "city-of-eugene-gis"
      }
    },
    {
      "type": "Feature",
      "id": "roads_183",
      "geometry": {
        "type": "LineString",
        "coordinates": [
          [
            -123.09272145654761,
            44.05432652361842
          ],
          [
            -123.0942523793586,
            44.05433074377811
          ]
        ]
      },
      "properties": {
        "SEG_ID": 20005242,
        "EUGID": 5242,
        "OWNER": "EUG",
        "MAINT": "EUG",
        "SOURCE": "EUG",
        "METHOD": "SURV",
        "FCLASS": "LOCAL",
        "PAVED": "Y",
        "DIR": "W",
        "NAME": "5TH",
        "TYPE": "AVE",
        "SPEED": 20,
        "AIRSSPEED": 20,
        "ONEWAY": "BW",
        "TRAFFLOW": "BW",
        "AIRSNAME": "W 5TH AVE",
        "F_ZLEV": 5,
        "T_ZLEV": 5,
        "L_LADD": 2,
        "L_HADD": 98,
        "R_LADD": 1,
        "R_HADD": 99,
        "SNOWROUTE": 2,
        "EVAC": " ",
        "LCPWID": 0,
        "OBJECTID": 2818,
        "ER_ROUTES": 5,
        "ACCESS_CNT": "Y",
        "Shape.STLength()": 402.49355584903464,
        "ROW_Width_Max": 66,
        "ROW_Width_Min": 0,
        "created_user": null,
        "created_date": null,
        "last_edited_user": "PWE_GDB_TRANSPORT_ADMIN",
        "last_edited_date": 1772212902000,
        "GlobalID": "{2A24F58D-D5F2-47A5-B803-C3627F8D8F35}",
        "layer": "roads",
        "source": "city-of-eugene-gis"
      }
    },
    {
      "type": "Feature",
      "id": "roads_184",
      "geometry": {
        "type": "LineString",
        "coordinates": [
          [
            -123.0942523793586,
            44.05433074377811
          ],
          [
            -123.09577284744101,
            44.05433517753142
          ]
        ]
      },
      "properties": {
        "SEG_ID": 20005222,
        "EUGID": 5222,
        "OWNER": "EUG",
        "MAINT": "EUG",
        "SOURCE": "EUG",
        "METHOD": "SURV",
        "FCLASS": "LOCAL",
        "PAVED": "Y",
        "DIR": "W",
        "NAME": "5TH",
        "TYPE": "AVE",
        "SPEED": 20,
        "AIRSSPEED": 20,
        "ONEWAY": "BW",
        "TRAFFLOW": "BW",
        "AIRSNAME": "W 5TH AVE",
        "F_ZLEV": 5,
        "T_ZLEV": 5,
        "L_LADD": 100,
        "L_HADD": 198,
        "R_LADD": 101,
        "R_HADD": 199,
        "SNOWROUTE": 2,
        "EVAC": " ",
        "LCPWID": 0,
        "OBJECTID": 2819,
        "ER_ROUTES": 5,
        "ACCESS_CNT": "Y",
        "Shape.STLength()": 399.745231366179,
        "ROW_Width_Max": 66,
        "ROW_Width_Min": 0,
        "created_user": null,
        "created_date": null,
        "last_edited_user": "PWE_GDB_TRANSPORT_ADMIN",
        "last_edited_date": 1772212902000,
        "GlobalID": "{37DEA108-82E6-46BA-82A9-494B22DDBA0C}",
        "layer": "roads",
        "source": "city-of-eugene-gis"
      }
    },
    {
      "type": "Feature",
      "id": "roads_185",
      "geometry": {
        "type": "LineString",
        "coordinates": [
          [
            -123.09728747305309,
            44.05433646444179
          ],
          [
            -123.0988106526473,
            44.05433753740371
          ]
        ]
      },
      "properties": {
        "SEG_ID": 20005213,
        "EUGID": 5213,
        "OWNER": "EUG",
        "MAINT": "EUG",
        "SOURCE": "EUG",
        "METHOD": "SURV",
        "FCLASS": "LOCAL",
        "PAVED": "Y",
        "DIR": "W",
        "NAME": "5TH",
        "TYPE": "AVE",
        "SPEED": 20,
        "AIRSSPEED": 20,
        "ONEWAY": "BW",
        "TRAFFLOW": "BW",
        "AIRSNAME": "W 5TH AVE",
        "F_ZLEV": 5,
        "T_ZLEV": 5,
        "L_LADD": 300,
        "L_HADD": 398,
        "R_LADD": 301,
        "R_HADD": 399,
        "SNOWROUTE": 2,
        "EVAC": " ",
        "LCPWID": 0,
        "OBJECTID": 2820,
        "ER_ROUTES": 5,
        "ACCESS_CNT": "Y",
        "Shape.STLength()": 400.4550037716645,
        "ROW_Width_Max": 66,
        "ROW_Width_Min": 0,
        "created_user": null,
        "created_date": null,
        "last_edited_user": "PWE_GDB_TRANSPORT_ADMIN",
        "last_edited_date": 1772212902000,
        "GlobalID": "{49137A29-4A1F-45CB-A483-0462FA79D84E}",
        "layer": "roads",
        "source": "city-of-eugene-gis"
      }
    },
    {
      "type": "Feature",
      "id": "roads_186",
      "geometry": {
        "type": "LineString",
        "coordinates": [
          [
            -123.0957778507627,
            44.0521280309834
          ],
          [
            -123.09729963758706,
            44.05213121468666
          ]
        ]
      },
      "properties": {
        "SEG_ID": 20005344,
        "EUGID": 5344,
        "OWNER": "EUG",
        "MAINT": "EUG",
        "SOURCE": "EUG",
        "METHOD": "DIG",
        "FCLASS": "MAJART",
        "PAVED": "Y",
        "DIR": "W",
        "NAME": "7TH",
        "TYPE": "AVE",
        "SPEED": 20,
        "AIRSSPEED": 20,
        "ONEWAY": "TF",
        "TRAFFLOW": "E",
        "AIRSNAME": "W 7TH AVE",
        "F_ZLEV": 5,
        "T_ZLEV": 5,
        "L_LADD": 200,
        "L_HADD": 298,
        "R_LADD": 201,
        "R_HADD": 299,
        "SNOWROUTE": 1,
        "EVAC": " ",
        "LCPWID": 0,
        "OBJECTID": 2821,
        "ER_ROUTES": 1,
        "ACCESS_CNT": "Y",
        "Shape.STLength()": 400.1049492075917,
        "ROW_Width_Max": 66,
        "ROW_Width_Min": 0,
        "created_user": null,
        "created_date": null,
        "last_edited_user": "PWE_GDB_TRANSPORT_ADMIN",
        "last_edited_date": 1772212902000,
        "GlobalID": "{2188FE1B-7DD5-448F-A829-8D6F3BDCB5BC}",
        "layer": "roads",
        "source": "city-of-eugene-gis"
      }
    },
    {
      "type": "Feature",
      "id": "roads_187",
      "geometry": {
        "type": "LineString",
        "coordinates": [
          [
            -123.09577284744101,
            44.05433517753142
          ],
          [
            -123.09728747305309,
            44.05433646444179
          ]
        ]
      },
      "properties": {
        "SEG_ID": 20005202,
        "EUGID": 5202,
        "OWNER": "EUG",
        "MAINT": "EUG",
        "SOURCE": "EUG",
        "METHOD": "SURV",
        "FCLASS": "LOCAL",
        "PAVED": "Y",
        "DIR": "W",
        "NAME": "5TH",
        "TYPE": "AVE",
        "SPEED": 20,
        "AIRSSPEED": 20,
        "ONEWAY": "BW",
        "TRAFFLOW": "BW",
        "AIRSNAME": "W 5TH AVE",
        "F_ZLEV": 5,
        "T_ZLEV": 5,
        "L_LADD": 200,
        "L_HADD": 298,
        "R_LADD": 201,
        "R_HADD": 299,
        "SNOWROUTE": 2,
        "EVAC": " ",
        "LCPWID": 0,
        "OBJECTID": 2822,
        "ER_ROUTES": 5,
        "ACCESS_CNT": "Y",
        "Shape.STLength()": 398.2061937830959,
        "ROW_Width_Max": 66,
        "ROW_Width_Min": 0,
        "created_user": null,
        "created_date": null,
        "last_edited_user": "PWE_GDB_TRANSPORT_ADMIN",
        "last_edited_date": 1772212902000,
        "GlobalID": "{65E417D1-8AAB-4478-B7E2-33FF7F0BF1D5}",
        "layer": "roads",
        "source": "city-of-eugene-gis"
      }
    },
    {
      "type": "Feature",
      "id": "roads_188",
      "geometry": {
        "type": "LineString",
        "coordinates": [
          [
            -123.09879916134453,
            44.05653505125147
          ],
          [
            -123.09880269485188,
            44.05543463020491
          ]
        ]
      },
      "properties": {
        "SEG_ID": 20002855,
        "EUGID": 2855,
        "OWNER": "EUG",
        "MAINT": "EUG",
        "SOURCE": "EUG",
        "METHOD": "SURV",
        "FCLASS": "LOCAL",
        "PAVED": "Y",
        "DIR": " ",
        "NAME": "LAWRENCE",
        "TYPE": "ST",
        "SPEED": 25,
        "AIRSSPEED": 25,
        "ONEWAY": "BW",
        "TRAFFLOW": "BW",
        "AIRSNAME": "LAWRENCE ST",
        "F_ZLEV": 5,
        "T_ZLEV": 5,
        "L_LADD": 301,
        "L_HADD": 399,
        "R_LADD": 300,
        "R_HADD": 398,
        "SNOWROUTE": null,
        "EVAC": " ",
        "LCPWID": 0,
        "OBJECTID": 2823,
        "ER_ROUTES": 5,
        "ACCESS_CNT": " ",
        "Shape.STLength()": 401.16003652902486,
        "ROW_Width_Max": 66,
        "ROW_Width_Min": 0,
        "created_user": null,
        "created_date": null,
        "last_edited_user": "CEWEMVM",
        "last_edited_date": 1518089071000,
        "GlobalID": "{81163E62-54F4-4AA9-B858-16E74B138DD9}",
        "layer": "roads",
        "source": "city-of-eugene-gis"
      }
    },
    {
      "type": "Feature",
      "id": "roads_189",
      "geometry": {
        "type": "LineString",
        "coordinates": [
          [
            -123.09729963758706,
            44.05213121468666
          ],
          [
            -123.09882095668203,
            44.05213455909781
          ]
        ]
      },
      "properties": {
        "SEG_ID": 20005369,
        "EUGID": 5369,
        "OWNER": "EUG",
        "MAINT": "EUG",
        "SOURCE": "EUG",
        "METHOD": "DIG",
        "FCLASS": "MAJART",
        "PAVED": "Y",
        "DIR": "W",
        "NAME": "7TH",
        "TYPE": "AVE",
        "SPEED": 20,
        "AIRSSPEED": 20,
        "ONEWAY": "TF",
        "TRAFFLOW": "E",
        "AIRSNAME": "W 7TH AVE",
        "F_ZLEV": 5,
        "T_ZLEV": 5,
        "L_LADD": 300,
        "L_HADD": 398,
        "R_LADD": 301,
        "R_HADD": 399,
        "SNOWROUTE": 1,
        "EVAC": " ",
        "LCPWID": 0,
        "OBJECTID": 2824,
        "ER_ROUTES": 1,
        "ACCESS_CNT": "Y",
        "Shape.STLength()": 399.9821285070122,
        "ROW_Width_Max": 66,
        "ROW_Width_Min": 0,
        "created_user": null,
        "created_date": null,
        "last_edited_user": "PWE_GDB_TRANSPORT_ADMIN",
        "last_edited_date": 1772212902000,
        "GlobalID": "{FD9DAD9D-478A-4761-84B6-6E12C69F7A43}",
        "layer": "roads",
        "source": "city-of-eugene-gis"
      }
    },
    {
      "type": "Feature",
      "id": "roads_190",
      "geometry": {
        "type": "LineString",
        "coordinates": [
          [
            -123.10034322074007,
            44.04770868740295
          ],
          [
            -123.10186526082197,
            44.04770922885356
          ]
        ]
      },
      "properties": {
        "SEG_ID": 20005597,
        "EUGID": 5597,
        "OWNER": "EUG",
        "MAINT": "EUG",
        "SOURCE": "EUG",
        "METHOD": "SURV",
        "FCLASS": "MINART",
        "PAVED": "Y",
        "DIR": "W",
        "NAME": "11TH",
        "TYPE": "AVE",
        "SPEED": 30,
        "AIRSSPEED": 30,
        "ONEWAY": "FT",
        "TRAFFLOW": "W",
        "AIRSNAME": "W 11TH AVE",
        "F_ZLEV": 5,
        "T_ZLEV": 5,
        "L_LADD": 500,
        "L_HADD": 598,
        "R_LADD": 501,
        "R_HADD": 599,
        "SNOWROUTE": 2,
        "EVAC": " ",
        "LCPWID": 0,
        "OBJECTID": 2825,
        "ER_ROUTES": 1,
        "ACCESS_CNT": "Y",
        "Shape.STLength()": 400.19918868608414,
        "ROW_Width_Max": 66,
        "ROW_Width_Min": 0,
        "created_user": null,
        "created_date": null,
        "last_edited_user": "PWE_GDB_TRANSPORT_ADMIN",
        "last_edited_date": 1772212902000,
        "GlobalID": "{70474087-D627-46EC-AE9A-89EDCF385A80}",
        "layer": "roads",
        "source": "city-of-eugene-gis"
      }
    },
    {
      "type": "Feature",
      "id": "roads_191",
      "geometry": {
        "type": "LineString",
        "coordinates": [
          [
            -123.10338688486337,
            44.047711131904926
          ],
          [
            -123.1049113600257,
            44.04771295103424
          ]
        ]
      },
      "properties": {
        "SEG_ID": 20005570,
        "EUGID": 5570,
        "OWNER": "EUG",
        "MAINT": "EUG",
        "SOURCE": "EUG",
        "METHOD": "SURV",
        "FCLASS": "MINART",
        "PAVED": "Y",
        "DIR": "W",
        "NAME": "11TH",
        "TYPE": "AVE",
        "SPEED": 30,
        "AIRSSPEED": 30,
        "ONEWAY": "FT",
        "TRAFFLOW": "W",
        "AIRSNAME": "W 11TH AVE",
        "F_ZLEV": 5,
        "T_ZLEV": 5,
        "L_LADD": 700,
        "L_HADD": 798,
        "R_LADD": 701,
        "R_HADD": 799,
        "SNOWROUTE": 2,
        "EVAC": " ",
        "LCPWID": 0,
        "OBJECTID": 2826,
        "ER_ROUTES": 1,
        "ACCESS_CNT": "Y",
        "Shape.STLength()": 400.8399384417676,
        "ROW_Width_Max": 66,
        "ROW_Width_Min": 0,
        "created_user": null,
        "created_date": null,
        "last_edited_user": "PWE_GDB_TRANSPORT_ADMIN",
        "last_edited_date": 1772212902000,
        "GlobalID": "{02057EFB-3A3A-4AEC-842F-DD387798B1ED}",
        "layer": "roads",
        "source": "city-of-eugene-gis"
      }
    },
    {
      "type": "Feature",
      "id": "roads_192",
      "geometry": {
        "type": "LineString",
        "coordinates": [
          [
            -123.10643206350042,
            44.04771552095353
          ],
          [
            -123.10795367303929,
            44.04771702143503
          ]
        ]
      },
      "properties": {
        "SEG_ID": 20005528,
        "EUGID": 5528,
        "OWNER": "EUG",
        "MAINT": "EUG",
        "SOURCE": "EUG",
        "METHOD": "SURV",
        "FCLASS": "MINART",
        "PAVED": "Y",
        "DIR": "W",
        "NAME": "11TH",
        "TYPE": "AVE",
        "SPEED": 30,
        "AIRSSPEED": 30,
        "ONEWAY": "FT",
        "TRAFFLOW": "W",
        "AIRSNAME": "W 11TH AVE",
        "F_ZLEV": 5,
        "T_ZLEV": 5,
        "L_LADD": 900,
        "L_HADD": 998,
        "R_LADD": 901,
        "R_HADD": 999,
        "SNOWROUTE": 2,
        "EVAC": " ",
        "LCPWID": 0,
        "OBJECTID": 2827,
        "ER_ROUTES": 1,
        "ACCESS_CNT": "Y",
        "Shape.STLength()": 400.0862602302158,
        "ROW_Width_Max": 66,
        "ROW_Width_Min": 0,
        "created_user": null,
        "created_date": null,
        "last_edited_user": "PWE_GDB_TRANSPORT_ADMIN",
        "last_edited_date": 1772212902000,
        "GlobalID": "{F93346E7-AA2D-48F4-AF3A-5E9D25027FCE}",
        "layer": "roads",
        "source": "city-of-eugene-gis"
      }
    },
    {
      "type": "Feature",
      "id": "roads_193",
      "geometry": {
        "type": "LineString",
        "coordinates": [
          [
            -123.09426845950978,
            44.04661219622396
          ],
          [
            -123.09426783178887,
            44.04551397583864
          ]
        ]
      },
      "properties": {
        "SEG_ID": 20003637,
        "EUGID": 3637,
        "OWNER": "EUG",
        "MAINT": "EUG",
        "SOURCE": "EUG",
        "METHOD": "SURV",
        "FCLASS": "LOCAL",
        "PAVED": "Y",
        "DIR": " ",
        "NAME": "OLIVE",
        "TYPE": "ST",
        "SPEED": 20,
        "AIRSSPEED": 20,
        "ONEWAY": "BW",
        "TRAFFLOW": "BW",
        "AIRSNAME": "OLIVE ST",
        "F_ZLEV": 5,
        "T_ZLEV": 5,
        "L_LADD": 1201,
        "L_HADD": 1299,
        "R_LADD": 1200,
        "R_HADD": 1298,
        "SNOWROUTE": 2,
        "EVAC": " ",
        "LCPWID": 0,
        "OBJECTID": 2828,
        "ER_ROUTES": 5,
        "ACCESS_CNT": "Y",
        "Shape.STLength()": 400.35497298791387,
        "ROW_Width_Max": 66,
        "ROW_Width_Min": 0,
        "created_user": null,
        "created_date": null,
        "last_edited_user": "PWE_GDB_TRANSPORT_ADMIN",
        "last_edited_date": 1772212902000,
        "GlobalID": "{BC53C067-8C53-45CA-A7FE-AB8FA45540BC}",
        "layer": "roads",
        "source": "city-of-eugene-gis"
      }
    },
    {
      "type": "Feature",
      "id": "roads_194",
      "geometry": {
        "type": "LineString",
        "coordinates": [
          [
            -123.09273225672854,
            44.049914447044856
          ],
          [
            -123.0927343055409,
            44.04881011209161
          ]
        ]
      },
      "properties": {
        "SEG_ID": 20004936,
        "EUGID": 4936,
        "OWNER": "EUG",
        "MAINT": "EUG",
        "SOURCE": "EUG",
        "METHOD": "SURV",
        "FCLASS": "LOCAL",
        "PAVED": "Y",
        "DIR": " ",
        "NAME": "WILLAMETTE",
        "TYPE": "ST",
        "SPEED": 20,
        "AIRSSPEED": 20,
        "ONEWAY": "BW",
        "TRAFFLOW": "BW",
        "AIRSNAME": "WILLAMETTE ST",
        "F_ZLEV": 5,
        "T_ZLEV": 5,
        "L_LADD": 901,
        "L_HADD": 999,
        "R_LADD": 900,
        "R_HADD": 998,
        "SNOWROUTE": null,
        "EVAC": " ",
        "LCPWID": 0,
        "OBJECTID": 2829,
        "ER_ROUTES": 5,
        "ACCESS_CNT": " ",
        "Shape.STLength()": 402.5849483338889,
        "ROW_Width_Max": 0,
        "ROW_Width_Min": 0,
        "created_user": null,
        "created_date": null,
        "last_edited_user": "PWE_GDB_TRANSPORT_ADMIN",
        "last_edited_date": 1717009740000,
        "GlobalID": "{5618370E-50C5-4384-A5AA-B28A28724464}",
        "layer": "roads",
        "source": "city-of-eugene-gis"
      }
    },
    {
      "type": "Feature",
      "id": "roads_195",
      "geometry": {
        "type": "LineString",
        "coordinates": [
          [
            -123.10795367303929,
            44.04771702143503
          ],
          [
            -123.1094757947914,
            44.04771934675211
          ]
        ]
      },
      "properties": {
        "SEG_ID": 20005562,
        "EUGID": 5562,
        "OWNER": "EUG",
        "MAINT": "EUG",
        "SOURCE": "EUG",
        "METHOD": "SURV",
        "FCLASS": "MINART",
        "PAVED": "Y",
        "DIR": "W",
        "NAME": "11TH",
        "TYPE": "AVE",
        "SPEED": 30,
        "AIRSSPEED": 30,
        "ONEWAY": "FT",
        "TRAFFLOW": "W",
        "AIRSNAME": "W 11TH AVE",
        "F_ZLEV": 5,
        "T_ZLEV": 5,
        "L_LADD": 1000,
        "L_HADD": 1098,
        "R_LADD": 1001,
        "R_HADD": 1099,
        "SNOWROUTE": 2,
        "EVAC": " ",
        "LCPWID": 0,
        "OBJECTID": 2830,
        "ER_ROUTES": 1,
        "ACCESS_CNT": "Y",
        "Shape.STLength()": 400.221450641564,
        "ROW_Width_Max": 66,
        "ROW_Width_Min": 0,
        "created_user": null,
        "created_date": null,
        "last_edited_user": "PWE_GDB_TRANSPORT_ADMIN",
        "last_edited_date": 1772212902000,
        "GlobalID": "{815BDC2A-4659-42E1-9FB4-D8E09EB2D3FF}",
        "layer": "roads",
        "source": "city-of-eugene-gis"
      }
    },
    {
      "type": "Feature",
      "id": "roads_196",
      "geometry": {
        "type": "LineString",
        "coordinates": [
          [
            -123.10808115954812,
            44.05434678605749
          ],
          [
            -123.10947121808175,
            44.05434933765575
          ]
        ]
      },
      "properties": {
        "SEG_ID": 20005200,
        "EUGID": 5200,
        "OWNER": "EUG",
        "MAINT": "EUG",
        "SOURCE": "EUG",
        "METHOD": "SURV",
        "FCLASS": "LOCAL",
        "PAVED": "Y",
        "DIR": "W",
        "NAME": "5TH",
        "TYPE": "AVE",
        "SPEED": 20,
        "AIRSSPEED": 20,
        "ONEWAY": "BW",
        "TRAFFLOW": "BW",
        "AIRSNAME": "W 5TH AVE",
        "F_ZLEV": 5,
        "T_ZLEV": 5,
        "L_LADD": 1000,
        "L_HADD": 1098,
        "R_LADD": 1003,
        "R_HADD": 1099,
        "SNOWROUTE": null,
        "EVAC": " ",
        "LCPWID": 0,
        "OBJECTID": 2831,
        "ER_ROUTES": 5,
        "ACCESS_CNT": " ",
        "Shape.STLength()": 365.45745037950695,
        "ROW_Width_Max": 66,
        "ROW_Width_Min": 0,
        "created_user": null,
        "created_date": null,
        "last_edited_user": "PWE_GDB_TRANSPORT_ADMIN",
        "last_edited_date": 1717002004000,
        "GlobalID": "{77E1F825-EEDB-48C2-8861-DFC003CEA3FA}",
        "layer": "roads",
        "source": "city-of-eugene-gis"
      }
    },
    {
      "type": "Feature",
      "id": "roads_197",
      "geometry": {
        "type": "LineString",
        "coordinates": [
          [
            -123.10795623683579,
            44.046620041677365
          ],
          [
            -123.10947831625211,
            44.046622026937705
          ]
        ]
      },
      "properties": {
        "SEG_ID": 20005619,
        "EUGID": 5619,
        "OWNER": "EUG",
        "MAINT": "EUG",
        "SOURCE": "EUG",
        "METHOD": "SURV",
        "FCLASS": "LOCAL",
        "PAVED": "Y",
        "DIR": "W",
        "NAME": "12TH",
        "TYPE": "AVE",
        "SPEED": 20,
        "AIRSSPEED": 20,
        "ONEWAY": "BW",
        "TRAFFLOW": "BW",
        "AIRSNAME": "W 12TH AVE",
        "F_ZLEV": 5,
        "T_ZLEV": 5,
        "L_LADD": 1000,
        "L_HADD": 1098,
        "R_LADD": 1001,
        "R_HADD": 1099,
        "SNOWROUTE": null,
        "EVAC": " ",
        "LCPWID": 0,
        "OBJECTID": 2832,
        "ER_ROUTES": 5,
        "ACCESS_CNT": " ",
        "Shape.STLength()": 400.2173448719021,
        "ROW_Width_Max": 66,
        "ROW_Width_Min": 0,
        "created_user": null,
        "created_date": null,
        "last_edited_user": "PWE_GDB_TRANSPORT_ADMIN",
        "last_edited_date": 1717001122000,
        "GlobalID": "{D2B5A5B7-770F-449C-BC2E-0860E2B5931B}",
        "layer": "roads",
        "source": "city-of-eugene-gis"
      }
    },
    {
      "type": "Feature",
      "id": "roads_198",
      "geometry": {
        "type": "LineString",
        "coordinates": [
          [
            -123.0851531903783,
            44.04771161792913
          ],
          [
            -123.0851598742527,
            44.04661232767996
          ]
        ]
      },
      "properties": {
        "SEG_ID": 20001743,
        "EUGID": 1743,
        "OWNER": "EUG",
        "MAINT": "EUG",
        "SOURCE": "EUG",
        "METHOD": "SURV",
        "FCLASS": "LOCAL",
        "PAVED": "Y",
        "DIR": " ",
        "NAME": "FERRY",
        "TYPE": "ST",
        "SPEED": 20,
        "AIRSSPEED": 20,
        "ONEWAY": "BW",
        "TRAFFLOW": "BW",
        "AIRSNAME": "FERRY ST",
        "F_ZLEV": 5,
        "T_ZLEV": 5,
        "L_LADD": 1101,
        "L_HADD": 1199,
        "R_LADD": 1100,
        "R_HADD": 1198,
        "SNOWROUTE": null,
        "EVAC": " ",
        "LCPWID": 0,
        "OBJECTID": 2833,
        "ER_ROUTES": 5,
        "ACCESS_CNT": " ",
        "Shape.STLength()": 400.7490057691971,
        "ROW_Width_Max": 66,
        "ROW_Width_Min": 0,
        "created_user": null,
        "created_date": null,
        "last_edited_user": "PWE_GDB_TRANSPORT_ADMIN",
        "last_edited_date": 1718208032000,
        "GlobalID": "{771CA4E4-2CF5-44BE-8790-16DA01AB20DD}",
        "layer": "roads",
        "source": "city-of-eugene-gis"
      }
    },
    {
      "type": "Feature",
      "id": "roads_199",
      "geometry": {
        "type": "LineString",
        "coordinates": [
          [
            -123.07864671534165,
            44.04771397629197
          ],
          [
            -123.07864448219368,
            44.04661471697416
          ]
        ]
      },
      "properties": {
        "SEG_ID": 20002707,
        "EUGID": 2707,
        "OWNER": "EUG",
        "MAINT": "EUG",
        "SOURCE": "EUG",
        "METHOD": "SURV",
        "FCLASS": "MINCOLL",
        "PAVED": "Y",
        "DIR": " ",
        "NAME": "KINCAID",
        "TYPE": "ST",
        "SPEED": 20,
        "AIRSSPEED": 20,
        "ONEWAY": "TF",
        "TRAFFLOW": "N",
        "AIRSNAME": "KINCAID ST",
        "F_ZLEV": 5,
        "T_ZLEV": 5,
        "L_LADD": 1101,
        "L_HADD": 1199,
        "R_LADD": 1100,
        "R_HADD": 1198,
        "SNOWROUTE": 2,
        "EVAC": " ",
        "LCPWID": 0,
        "OBJECTID": 2834,
        "ER_ROUTES": 4,
        "ACCESS_CNT": "Y",
        "Shape.STLength()": 400.7343068069704,
        "ROW_Width_Max": 66,
        "ROW_Width_Min": 0,
        "created_user": null,
        "created_date": null,
        "last_edited_user": "PWE_GDB_TRANSPORT_ADMIN",
        "last_edited_date": 1772212902000,
        "GlobalID": "{431172EB-729C-498B-9237-433D9C996192}",
        "layer": "roads",
        "source": "city-of-eugene-gis"
      }
    },
    {
      "type": "Feature",
      "id": "roads_200",
      "geometry": {
        "type": "LineString",
        "coordinates": [
          [
            -123.10487321286769,
            44.057633914928715
          ],
          [
            -123.10489675851524,
            44.05653681631953
          ]
        ]
      },
      "properties": {
        "SEG_ID": 20003337,
        "EUGID": 3337,
        "OWNER": "EUG",
        "MAINT": "EUG",
        "SOURCE": "EUG",
        "METHOD": "SURV",
        "FCLASS": "LOCAL",
        "PAVED": "Y",
        "DIR": " ",
        "NAME": "MONROE",
        "TYPE": "ST",
        "SPEED": 20,
        "AIRSSPEED": 20,
        "ONEWAY": "BW",
        "TRAFFLOW": "BW",
        "AIRSNAME": "MONROE ST",
        "F_ZLEV": 5,
        "T_ZLEV": 5,
        "L_LADD": 201,
        "L_HADD": 299,
        "R_LADD": 200,
        "R_HADD": 298,
        "SNOWROUTE": null,
        "EVAC": " ",
        "LCPWID": 0,
        "OBJECTID": 2835,
        "ER_ROUTES": 5,
        "ACCESS_CNT": " ",
        "Shape.STLength()": 399.9958609302289,
        "ROW_Width_Max": 66,
        "ROW_Width_Min": 0,
        "created_user": null,
        "created_date": null,
        "last_edited_user": "PWE_GDB_TRANSPORT_ADMIN",
        "last_edited_date": 1716997571000,
        "GlobalID": "{6A1E82B1-8EC0-4BE8-A8F9-E6874A0606A0}",
        "layer": "roads",
        "source": "city-of-eugene-gis"
      }
    },
    {
      "type": "Feature",
      "id": "roads_201",
      "geometry": {
        "type": "LineString",
        "coordinates": [
          [
            -123.11404170401285,
            44.0466279245091
          ],
          [
            -123.11404219005463,
            44.04553034369708
          ]
        ]
      },
      "properties": {
        "SEG_ID": 20004553,
        "EUGID": 4553,
        "OWNER": "EUG",
        "MAINT": "EUG",
        "SOURCE": "EUG",
        "METHOD": "SURV",
        "FCLASS": "LOCAL",
        "PAVED": "Y",
        "DIR": " ",
        "NAME": "TAYLOR",
        "TYPE": "ST",
        "SPEED": 20,
        "AIRSSPEED": 20,
        "ONEWAY": "BW",
        "TRAFFLOW": "BW",
        "AIRSNAME": "TAYLOR ST",
        "F_ZLEV": 5,
        "T_ZLEV": 5,
        "L_LADD": 1205,
        "L_HADD": 1255,
        "R_LADD": 1226,
        "R_HADD": 1230,
        "SNOWROUTE": null,
        "EVAC": " ",
        "LCPWID": 0,
        "OBJECTID": 2836,
        "ER_ROUTES": 5,
        "ACCESS_CNT": " ",
        "Shape.STLength()": 400.12180654775824,
        "ROW_Width_Max": 66,
        "ROW_Width_Min": 0,
        "created_user": null,
        "created_date": null,
        "last_edited_user": "PWE_GDB_TRANSPORT_ADMIN",
        "last_edited_date": 1717001122000,
        "GlobalID": "{A6C3E8D0-B1A0-4AD8-BACC-07422AB7A022}",
        "layer": "roads",
        "source": "city-of-eugene-gis"
      }
    },
    {
      "type": "Feature",
      "id": "roads_202",
      "geometry": {
        "type": "LineString",
        "coordinates": [
          [
            -123.10947408183509,
            44.04882437065872
          ],
          [
            -123.11099525155375,
            44.04882601197529
          ]
        ]
      },
      "properties": {
        "SEG_ID": 20005517,
        "EUGID": 5517,
        "OWNER": "EUG",
        "MAINT": "EUG",
        "SOURCE": "EUG",
        "METHOD": "SURV",
        "FCLASS": "LOCAL",
        "PAVED": "Y",
        "DIR": "W",
        "NAME": "10TH",
        "TYPE": "AVE",
        "SPEED": 20,
        "AIRSSPEED": 20,
        "ONEWAY": "BW",
        "TRAFFLOW": "BW",
        "AIRSNAME": "W 10TH AVE",
        "F_ZLEV": 5,
        "T_ZLEV": 5,
        "L_LADD": 1100,
        "L_HADD": 1198,
        "R_LADD": 1101,
        "R_HADD": 1199,
        "SNOWROUTE": null,
        "EVAC": " ",
        "LCPWID": 0,
        "OBJECTID": 2837,
        "ER_ROUTES": 5,
        "ACCESS_CNT": " ",
        "Shape.STLength()": 399.96334650777794,
        "ROW_Width_Max": 66,
        "ROW_Width_Min": 0,
        "created_user": null,
        "created_date": null,
        "last_edited_user": "PWE_GDB_TRANSPORT_ADMIN",
        "last_edited_date": 1717002004000,
        "GlobalID": "{28216B89-EDAB-4336-B5C9-BC3FA1A10896}",
        "layer": "roads",
        "source": "city-of-eugene-gis"
      }
    },
    {
      "type": "Feature",
      "id": "roads_203",
      "geometry": {
        "type": "LineString",
        "coordinates": [
          [
            -123.10947128729056,
            44.05214966726106
          ],
          [
            -123.11099392202732,
            44.05215025107832
          ]
        ]
      },
      "properties": {
        "SEG_ID": 20005409,
        "EUGID": 5409,
        "OWNER": "EUG",
        "MAINT": "EUG",
        "SOURCE": "EUG",
        "METHOD": "DIG",
        "FCLASS": "MAJART",
        "PAVED": "Y",
        "DIR": "W",
        "NAME": "7TH",
        "TYPE": "AVE",
        "SPEED": 30,
        "AIRSSPEED": 30,
        "ONEWAY": "TF",
        "TRAFFLOW": "E",
        "AIRSNAME": "W 7TH AVE",
        "F_ZLEV": 5,
        "T_ZLEV": 5,
        "L_LADD": 1100,
        "L_HADD": 1198,
        "R_LADD": 1101,
        "R_HADD": 1199,
        "SNOWROUTE": 1,
        "EVAC": " ",
        "LCPWID": 0,
        "OBJECTID": 2838,
        "ER_ROUTES": 1,
        "ACCESS_CNT": "Y",
        "Shape.STLength()": 400.32611802028237,
        "ROW_Width_Max": 66,
        "ROW_Width_Min": 0,
        "created_user": null,
        "created_date": null,
        "last_edited_user": "PWE_GDB_TRANSPORT_ADMIN",
        "last_edited_date": 1772212902000,
        "GlobalID": "{E6A20A8A-218F-4E10-94A1-511322AE9E81}",
        "layer": "roads",
        "source": "city-of-eugene-gis"
      }
    },
    {
      "type": "Feature",
      "id": "roads_204",
      "geometry": {
        "type": "LineString",
        "coordinates": [
          [
            -123.11103753326603,
            44.05090380583792
          ],
          [
            -123.11251591384745,
            44.05090467829049
          ]
        ]
      },
      "properties": {
        "SEG_ID": 20005469,
        "EUGID": 5469,
        "OWNER": "EUG",
        "MAINT": "EUG",
        "SOURCE": "EUG",
        "METHOD": "SURV",
        "FCLASS": "LOCAL",
        "PAVED": "Y",
        "DIR": "W",
        "NAME": "8TH",
        "TYPE": "AVE",
        "SPEED": 20,
        "AIRSSPEED": 20,
        "ONEWAY": "BW",
        "TRAFFLOW": "BW",
        "AIRSNAME": "W 8TH AVE",
        "F_ZLEV": 5,
        "T_ZLEV": 5,
        "L_LADD": 1200,
        "L_HADD": 1298,
        "R_LADD": 1201,
        "R_HADD": 1299,
        "SNOWROUTE": 3,
        "EVAC": " ",
        "LCPWID": 0,
        "OBJECTID": 2839,
        "ER_ROUTES": 5,
        "ACCESS_CNT": " ",
        "Shape.STLength()": 388.69905280065456,
        "ROW_Width_Max": 60,
        "ROW_Width_Min": 0,
        "created_user": null,
        "created_date": null,
        "last_edited_user": "PWE_GDB_TRANSPORT_ADMIN",
        "last_edited_date": 1772212902000,
        "GlobalID": "{58CF924A-8B58-4F32-BB60-621DE183E080}",
        "layer": "roads",
        "source": "city-of-eugene-gis"
      }
    },
    {
      "type": "Feature",
      "id": "roads_205",
      "geometry": {
        "type": "LineString",
        "coordinates": [
          [
            -123.11099494028946,
            44.05435178641475
          ],
          [
            -123.11249730717937,
            44.054355379184585
          ],
          [
            -123.11251578886997,
            44.0543537612185
          ]
        ]
      },
      "properties": {
        "SEG_ID": 20005236,
        "EUGID": 5236,
        "OWNER": "EUG",
        "MAINT": "EUG",
        "SOURCE": "EUG",
        "METHOD": "SURV",
        "FCLASS": "LOCAL",
        "PAVED": "Y",
        "DIR": "W",
        "NAME": "5TH",
        "TYPE": "AVE",
        "SPEED": 20,
        "AIRSSPEED": 20,
        "ONEWAY": "BW",
        "TRAFFLOW": "BW",
        "AIRSNAME": "W 5TH AVE",
        "F_ZLEV": 5,
        "T_ZLEV": 5,
        "L_LADD": 1200,
        "L_HADD": 1298,
        "R_LADD": 1201,
        "R_HADD": 1299,
        "SNOWROUTE": null,
        "EVAC": " ",
        "LCPWID": 0,
        "OBJECTID": 2840,
        "ER_ROUTES": 5,
        "ACCESS_CNT": " ",
        "Shape.STLength()": 399.87970301869615,
        "ROW_Width_Max": 66,
        "ROW_Width_Min": 0,
        "created_user": null,
        "created_date": null,
        "last_edited_user": "PWE_GDB_TRANSPORT_ADMIN",
        "last_edited_date": 1717002004000,
        "GlobalID": "{E42B53F4-7C8E-4330-AA10-6831240237C4}",
        "layer": "roads",
        "source": "city-of-eugene-gis"
      }
    },
    {
      "type": "Feature",
      "id": "roads_206",
      "geometry": {
        "type": "LineString",
        "coordinates": [
          [
            -123.11704383117358,
            44.052158786180684
          ],
          [
            -123.11836962042241,
            44.052161136636464
          ]
        ]
      },
      "properties": {
        "SEG_ID": 20005350,
        "EUGID": 5350,
        "OWNER": "EUG",
        "MAINT": "EUG",
        "SOURCE": "EUG",
        "METHOD": "SURV",
        "FCLASS": "MAJART",
        "PAVED": "Y",
        "DIR": "W",
        "NAME": "7TH",
        "TYPE": "AVE",
        "SPEED": 30,
        "AIRSSPEED": 30,
        "ONEWAY": "TF",
        "TRAFFLOW": "E",
        "AIRSNAME": "W 7TH AVE",
        "F_ZLEV": 5,
        "T_ZLEV": 5,
        "L_LADD": 1620,
        "L_HADD": 1678,
        "R_LADD": 1601,
        "R_HADD": 1681,
        "SNOWROUTE": 1,
        "EVAC": " ",
        "LCPWID": 0,
        "OBJECTID": 2841,
        "ER_ROUTES": 1,
        "ACCESS_CNT": "Y",
        "Shape.STLength()": 348.5730958134893,
        "ROW_Width_Max": 66,
        "ROW_Width_Min": 0,
        "created_user": null,
        "created_date": null,
        "last_edited_user": "PWE_GDB_TRANSPORT_ADMIN",
        "last_edited_date": 1772212902000,
        "GlobalID": "{ACCA8AA9-3217-4183-AD42-3973935ABB8A}",
        "layer": "roads",
        "source": "city-of-eugene-gis"
      }
    },
    {
      "type": "Feature",
      "id": "roads_207",
      "geometry": {
        "type": "LineString",
        "coordinates": [
          [
            -123.09882095668203,
            44.05213455909781
          ],
          [
            -123.10034321159831,
            44.05213751956479
          ]
        ]
      },
      "properties": {
        "SEG_ID": 20005366,
        "EUGID": 5366,
        "OWNER": "EUG",
        "MAINT": "EUG",
        "SOURCE": "EUG",
        "METHOD": "DIG",
        "FCLASS": "MAJART",
        "PAVED": "Y",
        "DIR": "W",
        "NAME": "7TH",
        "TYPE": "AVE",
        "SPEED": 25,
        "AIRSSPEED": 25,
        "ONEWAY": "TF",
        "TRAFFLOW": "E",
        "AIRSNAME": "W 7TH AVE",
        "F_ZLEV": 5,
        "T_ZLEV": 5,
        "L_LADD": 400,
        "L_HADD": 498,
        "R_LADD": 401,
        "R_HADD": 499,
        "SNOWROUTE": 1,
        "EVAC": " ",
        "LCPWID": 0,
        "OBJECTID": 2842,
        "ER_ROUTES": 1,
        "ACCESS_CNT": "Y",
        "Shape.STLength()": 400.22774766375204,
        "ROW_Width_Max": 66,
        "ROW_Width_Min": 0,
        "created_user": null,
        "created_date": null,
        "last_edited_user": "PWE_GDB_TRANSPORT_ADMIN",
        "last_edited_date": 1772212902000,
        "GlobalID": "{E8EBAC11-0F26-4BB4-BF38-2925C5E8C0AD}",
        "layer": "roads",
        "source": "city-of-eugene-gis"
      }
    },
    {
      "type": "Feature",
      "id": "roads_208",
      "geometry": {
        "type": "LineString",
        "coordinates": [
          [
            -123.09880269485188,
            44.05543463020491
          ],
          [
            -123.10033495366805,
            44.05543599377498
          ]
        ]
      },
      "properties": {
        "SEG_ID": 20005186,
        "EUGID": 5186,
        "OWNER": "EUG",
        "MAINT": "EUG",
        "SOURCE": "EUG",
        "METHOD": "SURV",
        "FCLASS": "LOCAL",
        "PAVED": "Y",
        "DIR": "W",
        "NAME": "4TH",
        "TYPE": "AVE",
        "SPEED": 25,
        "AIRSSPEED": 25,
        "ONEWAY": "BW",
        "TRAFFLOW": "BW",
        "AIRSNAME": "W 4TH AVE",
        "F_ZLEV": 5,
        "T_ZLEV": 5,
        "L_LADD": 400,
        "L_HADD": 498,
        "R_LADD": 401,
        "R_HADD": 499,
        "SNOWROUTE": null,
        "EVAC": " ",
        "LCPWID": 0,
        "OBJECTID": 2843,
        "ER_ROUTES": 5,
        "ACCESS_CNT": " ",
        "Shape.STLength()": 402.83478627772155,
        "ROW_Width_Max": 66,
        "ROW_Width_Min": 0,
        "created_user": null,
        "created_date": null,
        "last_edited_user": "CEWEMVM",
        "last_edited_date": 1518089071000,
        "GlobalID": "{5D55DDB7-32F7-466B-ADE7-F733B33E55B6}",
        "layer": "roads",
        "source": "city-of-eugene-gis"
      }
    },
    {
      "type": "Feature",
      "id": "roads_209",
      "geometry": {
        "type": "LineString",
        "coordinates": [
          [
            -123.09882628614773,
            44.04661109325361
          ],
          [
            -123.10034306444494,
            44.0466116016705
          ]
        ]
      },
      "properties": {
        "SEG_ID": 20005623,
        "EUGID": 5623,
        "OWNER": "EUG",
        "MAINT": "EUG",
        "SOURCE": "EUG",
        "METHOD": "SURV",
        "FCLASS": "LOCAL",
        "PAVED": "Y",
        "DIR": "W",
        "NAME": "12TH",
        "TYPE": "AVE",
        "SPEED": 20,
        "AIRSSPEED": 20,
        "ONEWAY": "BW",
        "TRAFFLOW": "BW",
        "AIRSNAME": "W 12TH AVE",
        "F_ZLEV": 5,
        "T_ZLEV": 5,
        "L_LADD": 400,
        "L_HADD": 498,
        "R_LADD": 401,
        "R_HADD": 499,
        "SNOWROUTE": null,
        "EVAC": " ",
        "LCPWID": 0,
        "OBJECTID": 2844,
        "ER_ROUTES": 5,
        "ACCESS_CNT": " ",
        "Shape.STLength()": 398.82291734071345,
        "ROW_Width_Max": 66,
        "ROW_Width_Min": 0,
        "created_user": null,
        "created_date": null,
        "last_edited_user": "PWE_GDB_TRANSPORT_ADMIN",
        "last_edited_date": 1717009740000,
        "GlobalID": "{4F7C10BE-4715-4E4B-87F8-5901682DC45B}",
        "layer": "roads",
        "source": "city-of-eugene-gis"
      }
    },
    {
      "type": "Feature",
      "id": "roads_210",
      "geometry": {
        "type": "LineString",
        "coordinates": [
          [
            -123.09882359357346,
            44.04881407947254
          ],
          [
            -123.10034324131661,
            44.04881366589527
          ]
        ]
      },
      "properties": {
        "SEG_ID": 20005498,
        "EUGID": 5498,
        "OWNER": "EUG",
        "MAINT": "EUG",
        "SOURCE": "EUG",
        "METHOD": "SURV",
        "FCLASS": "LOCAL",
        "PAVED": "Y",
        "DIR": "W",
        "NAME": "10TH",
        "TYPE": "AVE",
        "SPEED": 20,
        "AIRSSPEED": 20,
        "ONEWAY": "BW",
        "TRAFFLOW": "BW",
        "AIRSNAME": "W 10TH AVE",
        "F_ZLEV": 5,
        "T_ZLEV": 5,
        "L_LADD": 400,
        "L_HADD": 498,
        "R_LADD": 401,
        "R_HADD": 499,
        "SNOWROUTE": 2,
        "EVAC": " ",
        "LCPWID": 0,
        "OBJECTID": 2845,
        "ER_ROUTES": 5,
        "ACCESS_CNT": " ",
        "Shape.STLength()": 399.56282750651366,
        "ROW_Width_Max": 66,
        "ROW_Width_Min": 0,
        "created_user": null,
        "created_date": null,
        "last_edited_user": "PWE_GDB_TRANSPORT_ADMIN",
        "last_edited_date": 1772212902000,
        "GlobalID": "{F0CC29BF-9FE0-4812-A5FB-4A7F5D5FD4DC}",
        "layer": "roads",
        "source": "city-of-eugene-gis"
      }
    },
    {
      "type": "Feature",
      "id": "roads_211",
      "geometry": {
        "type": "LineString",
        "coordinates": [
          [
            -123.09579180888586,
            44.04661072637854
          ],
          [
            -123.09579371959218,
            44.045512437807716
          ]
        ]
      },
      "properties": {
        "SEG_ID": 20000961,
        "EUGID": 961,
        "OWNER": "EUG",
        "MAINT": "EUG",
        "SOURCE": "EUG",
        "METHOD": "SURV",
        "FCLASS": "LOCAL",
        "PAVED": "Y",
        "DIR": " ",
        "NAME": "CHARNELTON",
        "TYPE": "ST",
        "SPEED": 25,
        "AIRSSPEED": 25,
        "ONEWAY": "FT",
        "TRAFFLOW": "S",
        "AIRSNAME": "CHARNELTON ST",
        "F_ZLEV": 5,
        "T_ZLEV": 5,
        "L_LADD": 1201,
        "L_HADD": 1299,
        "R_LADD": 1200,
        "R_HADD": 1298,
        "SNOWROUTE": null,
        "EVAC": " ",
        "LCPWID": 0,
        "OBJECTID": 2846,
        "ER_ROUTES": 5,
        "ACCESS_CNT": "Y",
        "Shape.STLength()": 400.3801108625225,
        "ROW_Width_Max": 60,
        "ROW_Width_Min": 0,
        "created_user": null,
        "created_date": null,
        "last_edited_user": "CEWEMVM",
        "last_edited_date": 1518089071000,
        "GlobalID": "{6AF27B21-2146-4AEC-A8A0-48C7CFF8CF21}",
        "layer": "roads",
        "source": "city-of-eugene-gis"
      }
    },
    {
      "type": "Feature",
      "id": "roads_212",
      "geometry": {
        "type": "LineString",
        "coordinates": [
          [
            -123.11332311307498,
            44.06156529688609
          ],
          [
            -123.11331957058323,
            44.06263742357548
          ],
          [
            -123.11329664378974,
            44.06282215964881
          ]
        ]
      },
      "properties": {
        "SEG_ID": 20001369,
        "EUGID": 1369,
        "OWNER": "EUG",
        "MAINT": "EUG",
        "SOURCE": "EUG",
        "METHOD": "SURV",
        "FCLASS": "LOCAL",
        "PAVED": "Y",
        "DIR": " ",
        "NAME": "CROSS",
        "TYPE": "PL",
        "SPEED": 20,
        "AIRSSPEED": 20,
        "ONEWAY": "BW",
        "TRAFFLOW": "BW",
        "AIRSNAME": "CROSS PL",
        "F_ZLEV": 5,
        "T_ZLEV": 5,
        "L_LADD": 100,
        "L_HADD": 248,
        "R_LADD": 101,
        "R_HADD": 249,
        "SNOWROUTE": null,
        "EVAC": " ",
        "LCPWID": 0,
        "OBJECTID": 2847,
        "ER_ROUTES": 5,
        "ACCESS_CNT": " ",
        "Shape.STLength()": 458.461369919223,
        "ROW_Width_Max": 40,
        "ROW_Width_Min": 0,
        "created_user": null,
        "created_date": null,
        "last_edited_user": "PWE_GDB_TRANSPORT_ADMIN",
        "last_edited_date": 1716224501000,
        "GlobalID": "{2730E1EF-37F1-4EEF-A78F-3932292EAECD}",
        "layer": "roads",
        "source": "city-of-eugene-gis"
      }
    },
    {
      "type": "Feature",
      "id": "roads_213",
      "geometry": {
        "type": "LineString",
        "coordinates": [
          [
            -123.11251612181046,
            44.05544981497416
          ],
          [
            -123.11251620036653,
            44.0549019541768
          ]
        ]
      },
      "properties": {
        "SEG_ID": 20003966,
        "EUGID": 3966,
        "OWNER": "EUG",
        "MAINT": "EUG",
        "SOURCE": "EUG",
        "METHOD": "SURV",
        "FCLASS": "MAJCOLL",
        "PAVED": "Y",
        "DIR": " ",
        "NAME": "POLK",
        "TYPE": "ST",
        "SPEED": 25,
        "AIRSSPEED": 25,
        "ONEWAY": "BW",
        "TRAFFLOW": "BW",
        "AIRSNAME": "POLK ST",
        "F_ZLEV": 5,
        "T_ZLEV": 5,
        "L_LADD": 401,
        "L_HADD": 449,
        "R_LADD": 400,
        "R_HADD": 448,
        "SNOWROUTE": 2,
        "EVAC": " ",
        "LCPWID": 0,
        "OBJECTID": 2848,
        "ER_ROUTES": 4,
        "ACCESS_CNT": "Y",
        "Shape.STLength()": 199.72281573470767,
        "ROW_Width_Max": 66,
        "ROW_Width_Min": 0,
        "created_user": null,
        "created_date": null,
        "last_edited_user": "PWE_GDB_TRANSPORT_ADMIN",
        "last_edited_date": 1774886291000,
        "GlobalID": "{5DA5275A-05F1-4799-B426-607A6B2D203D}",
        "layer": "roads",
        "source": "city-of-eugene-gis"
      }
    },
    {
      "type": "Feature",
      "id": "roads_214",
      "geometry": {
        "type": "LineString",
        "coordinates": [
          [
            -123.11403750299664,
            44.0554524445959
          ],
          [
            -123.11403753807592,
            44.05490389835576
          ]
        ]
      },
      "properties": {
        "SEG_ID": 20004542,
        "EUGID": 4542,
        "OWNER": "EUG",
        "MAINT": "EUG",
        "SOURCE": "EUG",
        "METHOD": "SURV",
        "FCLASS": "LOCAL",
        "PAVED": "Y",
        "DIR": " ",
        "NAME": "TAYLOR",
        "TYPE": "ST",
        "SPEED": 20,
        "AIRSSPEED": 20,
        "ONEWAY": "BW",
        "TRAFFLOW": "BW",
        "AIRSNAME": "TAYLOR ST",
        "F_ZLEV": 5,
        "T_ZLEV": 5,
        "L_LADD": 401,
        "L_HADD": 449,
        "R_LADD": 400,
        "R_HADD": 448,
        "SNOWROUTE": null,
        "EVAC": " ",
        "LCPWID": 0,
        "OBJECTID": 2849,
        "ER_ROUTES": 5,
        "ACCESS_CNT": " ",
        "Shape.STLength()": 199.9726934483806,
        "ROW_Width_Max": 66,
        "ROW_Width_Min": 0,
        "created_user": null,
        "created_date": null,
        "last_edited_user": "PWE_GDB_TRANSPORT_ADMIN",
        "last_edited_date": 1717002004000,
        "GlobalID": "{370118DC-2320-4628-A3CB-F8C7C4DD20E6}",
        "layer": "roads",
        "source": "city-of-eugene-gis"
      }
    },
    {
      "type": "Feature",
      "id": "roads_215",
      "geometry": {
        "type": "LineString",
        "coordinates": [
          [
            -123.11403753807592,
            44.05490389835576
          ],
          [
            -123.11403805585356,
            44.054355513990224
          ]
        ]
      },
      "properties": {
        "SEG_ID": 20050340,
        "EUGID": 50340,
        "OWNER": "EUG",
        "MAINT": "EUG",
        "SOURCE": "EUG",
        "METHOD": "SURV",
        "FCLASS": "LOCAL",
        "PAVED": "Y",
        "DIR": " ",
        "NAME": "TAYLOR",
        "TYPE": "ST",
        "SPEED": 20,
        "AIRSSPEED": 20,
        "ONEWAY": "BW",
        "TRAFFLOW": "BW",
        "AIRSNAME": "TAYLOR ST",
        "F_ZLEV": 5,
        "T_ZLEV": 5,
        "L_LADD": 451,
        "L_HADD": 499,
        "R_LADD": 450,
        "R_HADD": 498,
        "SNOWROUTE": null,
        "EVAC": " ",
        "LCPWID": 0,
        "OBJECTID": 2850,
        "ER_ROUTES": 5,
        "ACCESS_CNT": " ",
        "Shape.STLength()": 199.91367916089618,
        "ROW_Width_Max": 66,
        "ROW_Width_Min": 0,
        "created_user": null,
        "created_date": null,
        "last_edited_user": "PWE_GDB_TRANSPORT_ADMIN",
        "last_edited_date": 1717002004000,
        "GlobalID": "{236B1E05-A9C6-478B-B8C3-2FCA592E9702}",
        "layer": "roads",
        "source": "city-of-eugene-gis"
      }
    },
    {
      "type": "Feature",
      "id": "roads_216",
      "geometry": {
        "type": "LineString",
        "coordinates": [
          [
            -123.11555650091694,
            44.05545494050919
          ],
          [
            -123.11555554942022,
            44.054905900252706
          ]
        ]
      },
      "properties": {
        "SEG_ID": 20000162,
        "EUGID": 162,
        "OWNER": "EUG",
        "MAINT": "EUG",
        "SOURCE": "EUG",
        "METHOD": "SURV",
        "FCLASS": "LOCAL",
        "PAVED": "Y",
        "DIR": " ",
        "NAME": "ALMADEN",
        "TYPE": "ST",
        "SPEED": 20,
        "AIRSSPEED": 20,
        "ONEWAY": "BW",
        "TRAFFLOW": "BW",
        "AIRSNAME": "ALMADEN ST",
        "F_ZLEV": 5,
        "T_ZLEV": 5,
        "L_LADD": 401,
        "L_HADD": 449,
        "R_LADD": 400,
        "R_HADD": 448,
        "SNOWROUTE": null,
        "EVAC": " ",
        "LCPWID": 0,
        "OBJECTID": 2851,
        "ER_ROUTES": 5,
        "ACCESS_CNT": " ",
        "Shape.STLength()": 200.15294356666763,
        "ROW_Width_Max": 66,
        "ROW_Width_Min": 0,
        "created_user": null,
        "created_date": null,
        "last_edited_user": "PWE_GDB_TRANSPORT_ADMIN",
        "last_edited_date": 1717002004000,
        "GlobalID": "{095C8D37-192A-408D-9976-00A1A3781BE7}",
        "layer": "roads",
        "source": "city-of-eugene-gis"
      }
    },
    {
      "type": "Feature",
      "id": "roads_217",
      "geometry": {
        "type": "LineString",
        "coordinates": [
          [
            -123.11251627597187,
            44.053804348560284
          ],
          [
            -123.11251627290586,
            44.05325460104175
          ]
        ]
      },
      "properties": {
        "SEG_ID": 20050374,
        "EUGID": 50374,
        "OWNER": "EUG",
        "MAINT": "EUG",
        "SOURCE": "EUG",
        "METHOD": "SURV",
        "FCLASS": "MAJCOLL",
        "PAVED": "Y",
        "DIR": " ",
        "NAME": "POLK",
        "TYPE": "ST",
        "SPEED": 25,
        "AIRSSPEED": 25,
        "ONEWAY": "BW",
        "TRAFFLOW": "BW",
        "AIRSNAME": "POLK ST",
        "F_ZLEV": 5,
        "T_ZLEV": 5,
        "L_LADD": 551,
        "L_HADD": 599,
        "R_LADD": 550,
        "R_HADD": 598,
        "SNOWROUTE": 2,
        "EVAC": " ",
        "LCPWID": 0,
        "OBJECTID": 2852,
        "ER_ROUTES": 4,
        "ACCESS_CNT": "Y",
        "Shape.STLength()": 200.41047206786533,
        "ROW_Width_Max": 66,
        "ROW_Width_Min": 0,
        "created_user": null,
        "created_date": null,
        "last_edited_user": "PWE_GDB_TRANSPORT_ADMIN",
        "last_edited_date": 1774886295000,
        "GlobalID": "{DA01CDDA-130F-446C-8E6A-219ADF8BD2F9}",
        "layer": "roads",
        "source": "city-of-eugene-gis"
      }
    },
    {
      "type": "Feature",
      "id": "roads_218",
      "geometry": {
        "type": "LineString",
        "coordinates": [
          [
            -123.1140189004896,
            44.05270447582923
          ],
          [
            -123.11403737967775,
            44.05215345525144
          ]
        ]
      },
      "properties": {
        "SEG_ID": 20050364,
        "EUGID": 50364,
        "OWNER": "EUG",
        "MAINT": "EUG",
        "SOURCE": "EUG",
        "METHOD": "SURV",
        "FCLASS": "LOCAL",
        "PAVED": "Y",
        "DIR": " ",
        "NAME": "TAYLOR",
        "TYPE": "ST",
        "SPEED": 25,
        "AIRSSPEED": 25,
        "ONEWAY": "BW",
        "TRAFFLOW": "BW",
        "AIRSNAME": "TAYLOR ST",
        "F_ZLEV": 5,
        "T_ZLEV": 5,
        "L_LADD": 651,
        "L_HADD": 699,
        "R_LADD": 650,
        "R_HADD": 698,
        "SNOWROUTE": null,
        "EVAC": " ",
        "LCPWID": 0,
        "OBJECTID": 2853,
        "ER_ROUTES": 5,
        "ACCESS_CNT": " ",
        "Shape.STLength()": 200.9332134068432,
        "ROW_Width_Max": 66,
        "ROW_Width_Min": 0,
        "created_user": null,
        "created_date": null,
        "last_edited_user": "CEWEMVM",
        "last_edited_date": 1518089072000,
        "GlobalID": "{B3A54A56-A57B-417D-B911-F2BE0A2C47E7}",
        "layer": "roads",
        "source": "city-of-eugene-gis"
      }
    },
    {
      "type": "Feature",
      "id": "roads_219",
      "geometry": {
        "type": "LineString",
        "coordinates": [
          [
            -123.11099385930738,
            44.052698797991525
          ],
          [
            -123.11099392202732,
            44.05215025107832
          ]
        ]
      },
      "properties": {
        "SEG_ID": 20050861,
        "EUGID": 50861,
        "OWNER": "EUG",
        "MAINT": "EUG",
        "SOURCE": "EUG",
        "METHOD": "SURV",
        "FCLASS": "LOCAL",
        "PAVED": "Y",
        "DIR": " ",
        "NAME": "TYLER",
        "TYPE": "ST",
        "SPEED": 25,
        "AIRSSPEED": 25,
        "ONEWAY": "BW",
        "TRAFFLOW": "BW",
        "AIRSNAME": "TYLER ST",
        "F_ZLEV": 5,
        "T_ZLEV": 5,
        "L_LADD": 651,
        "L_HADD": 699,
        "R_LADD": 650,
        "R_HADD": 698,
        "SNOWROUTE": null,
        "EVAC": " ",
        "LCPWID": 0,
        "OBJECTID": 2854,
        "ER_ROUTES": 5,
        "ACCESS_CNT": " ",
        "Shape.STLength()": 199.9726934483806,
        "ROW_Width_Max": 66,
        "ROW_Width_Min": 0,
        "created_user": null,
        "created_date": null,
        "last_edited_user": "CEWEMVM",
        "last_edited_date": 1518089072000,
        "GlobalID": "{A88979E2-5ADA-43B2-B014-C28EDFD717C2}",
        "layer": "roads",
        "source": "city-of-eugene-gis"
      }
    },
    {
      "type": "Feature",
      "id": "roads_220",
      "geometry": {
        "type": "LineString",
        "coordinates": [
          [
            -123.11251609988697,
            44.05699939472619
          ],
          [
            -123.11251569108023,
            44.05652821940123
          ]
        ]
      },
      "properties": {
        "SEG_ID": 20050341,
        "EUGID": 50341,
        "OWNER": "EUG",
        "MAINT": "EUG",
        "SOURCE": "EUG",
        "METHOD": "SURV",
        "FCLASS": "MAJCOLL",
        "PAVED": "Y",
        "DIR": " ",
        "NAME": "POLK",
        "TYPE": "ST",
        "SPEED": 25,
        "AIRSSPEED": 25,
        "ONEWAY": "BW",
        "TRAFFLOW": "BW",
        "AIRSNAME": "POLK ST",
        "F_ZLEV": 5,
        "T_ZLEV": 5,
        "L_LADD": 251,
        "L_HADD": 299,
        "R_LADD": 250,
        "R_HADD": 298,
        "SNOWROUTE": 2,
        "EVAC": " ",
        "LCPWID": 0,
        "OBJECTID": 2855,
        "ER_ROUTES": 4,
        "ACCESS_CNT": "Y",
        "Shape.STLength()": 171.76725873324156,
        "ROW_Width_Max": 66,
        "ROW_Width_Min": 0,
        "created_user": null,
        "created_date": null,
        "last_edited_user": "PWE_GDB_TRANSPORT_ADMIN",
        "last_edited_date": 1774886322000,
        "GlobalID": "{8FA44ED0-2725-4F88-B275-FBD36401F78B}",
        "layer": "roads",
        "source": "city-of-eugene-gis"
      }
    },
    {
      "type": "Feature",
      "id": "roads_221",
      "geometry": {
        "type": "LineString",
        "coordinates": [
          [
            -123.112515966095,
            44.05748001751901
          ],
          [
            -123.11251609988697,
            44.05699939472619
          ]
        ]
      },
      "properties": {
        "SEG_ID": 20003964,
        "EUGID": 3964,
        "OWNER": "EUG",
        "MAINT": "EUG",
        "SOURCE": "EUG",
        "METHOD": "SURV",
        "FCLASS": "MAJCOLL",
        "PAVED": "Y",
        "DIR": " ",
        "NAME": "POLK",
        "TYPE": "ST",
        "SPEED": 25,
        "AIRSSPEED": 25,
        "ONEWAY": "BW",
        "TRAFFLOW": "BW",
        "AIRSNAME": "POLK ST",
        "F_ZLEV": 5,
        "T_ZLEV": 5,
        "L_LADD": 201,
        "L_HADD": 249,
        "R_LADD": 204,
        "R_HADD": 248,
        "SNOWROUTE": 2,
        "EVAC": " ",
        "LCPWID": 0,
        "OBJECTID": 2856,
        "ER_ROUTES": 4,
        "ACCESS_CNT": "Y",
        "Shape.STLength()": 175.21134559439923,
        "ROW_Width_Max": 66,
        "ROW_Width_Min": 0,
        "created_user": null,
        "created_date": null,
        "last_edited_user": "PWE_GDB_TRANSPORT_ADMIN",
        "last_edited_date": 1774886323000,
        "GlobalID": "{8D570DA6-CAB1-4296-B8B3-C3E29019A842}",
        "layer": "roads",
        "source": "city-of-eugene-gis"
      }
    },
    {
      "type": "Feature",
      "id": "roads_222",
      "geometry": {
        "type": "LineString",
        "coordinates": [
          [
            -123.11251620036653,
            44.0549019541768
          ],
          [
            -123.11251578886997,
            44.0543537612185
          ]
        ]
      },
      "properties": {
        "SEG_ID": 20050342,
        "EUGID": 50342,
        "OWNER": "EUG",
        "MAINT": "EUG",
        "SOURCE": "EUG",
        "METHOD": "SURV",
        "FCLASS": "MAJCOLL",
        "PAVED": "Y",
        "DIR": " ",
        "NAME": "POLK",
        "TYPE": "ST",
        "SPEED": 25,
        "AIRSSPEED": 25,
        "ONEWAY": "BW",
        "TRAFFLOW": "BW",
        "AIRSNAME": "POLK ST",
        "F_ZLEV": 5,
        "T_ZLEV": 5,
        "L_LADD": 451,
        "L_HADD": 499,
        "R_LADD": 450,
        "R_HADD": 498,
        "SNOWROUTE": 2,
        "EVAC": " ",
        "LCPWID": 0,
        "OBJECTID": 2857,
        "ER_ROUTES": 4,
        "ACCESS_CNT": "Y",
        "Shape.STLength()": 199.84388438228476,
        "ROW_Width_Max": 66,
        "ROW_Width_Min": 0,
        "created_user": null,
        "created_date": null,
        "last_edited_user": "PWE_GDB_TRANSPORT_ADMIN",
        "last_edited_date": 1774886323000,
        "GlobalID": "{CAE6D2DE-03C3-49F8-A1BB-2C229796B203}",
        "layer": "roads",
        "source": "city-of-eugene-gis"
      }
    },
    {
      "type": "Feature",
      "id": "roads_223",
      "geometry": {
        "type": "LineString",
        "coordinates": [
          [
            -123.11251578886997,
            44.0543537612185
          ],
          [
            -123.11251627597187,
            44.053804348560284
          ]
        ]
      },
      "properties": {
        "SEG_ID": 20003967,
        "EUGID": 3967,
        "OWNER": "EUG",
        "MAINT": "EUG",
        "SOURCE": "EUG",
        "METHOD": "SURV",
        "FCLASS": "MAJCOLL",
        "PAVED": "Y",
        "DIR": " ",
        "NAME": "POLK",
        "TYPE": "ST",
        "SPEED": 25,
        "AIRSSPEED": 25,
        "ONEWAY": "BW",
        "TRAFFLOW": "BW",
        "AIRSNAME": "POLK ST",
        "F_ZLEV": 5,
        "T_ZLEV": 5,
        "L_LADD": 501,
        "L_HADD": 549,
        "R_LADD": 500,
        "R_HADD": 548,
        "SNOWROUTE": 2,
        "EVAC": " ",
        "LCPWID": 0,
        "OBJECTID": 2858,
        "ER_ROUTES": 4,
        "ACCESS_CNT": "Y",
        "Shape.STLength()": 200.28848880190603,
        "ROW_Width_Max": 66,
        "ROW_Width_Min": 0,
        "created_user": null,
        "created_date": null,
        "last_edited_user": "PWE_GDB_TRANSPORT_ADMIN",
        "last_edited_date": 1774886324000,
        "GlobalID": "{9C0B45FD-2AB7-4F01-9241-BE447BCC12DD}",
        "layer": "roads",
        "source": "city-of-eugene-gis"
      }
    },
    {
      "type": "Feature",
      "id": "roads_224",
      "geometry": {
        "type": "LineString",
        "coordinates": [
          [
            -123.10947121808175,
            44.05434933765575
          ],
          [
            -123.10945986724032,
            44.05380053478689
          ]
        ]
      },
      "properties": {
        "SEG_ID": 20004740,
        "EUGID": 4740,
        "OWNER": "EUG",
        "MAINT": "EUG",
        "SOURCE": "EUG",
        "METHOD": "SURV",
        "FCLASS": "LOCAL",
        "PAVED": "Y",
        "DIR": " ",
        "NAME": "VAN BUREN",
        "TYPE": "ST",
        "SPEED": 20,
        "AIRSSPEED": 20,
        "ONEWAY": "BW",
        "TRAFFLOW": "BW",
        "AIRSNAME": "VAN BUREN ST",
        "F_ZLEV": 5,
        "T_ZLEV": 5,
        "L_LADD": 501,
        "L_HADD": 549,
        "R_LADD": 500,
        "R_HADD": 548,
        "SNOWROUTE": null,
        "EVAC": " ",
        "LCPWID": 0,
        "OBJECTID": 2859,
        "ER_ROUTES": 5,
        "ACCESS_CNT": " ",
        "Shape.STLength()": 200.08840419820118,
        "ROW_Width_Max": 66,
        "ROW_Width_Min": 0,
        "created_user": null,
        "created_date": null,
        "last_edited_user": "PWE_GDB_TRANSPORT_ADMIN",
        "last_edited_date": 1717002004000,
        "GlobalID": "{68EC47C0-8A67-4FDC-BD20-B590F020023F}",
        "layer": "roads",
        "source": "city-of-eugene-gis"
      }
    },
    {
      "type": "Feature",
      "id": "roads_225",
      "geometry": {
        "type": "LineString",
        "coordinates": [
          [
            -123.10808115954812,
            44.05434678605749
          ],
          [
            -123.10754324022905,
            44.05379780268408
          ]
        ]
      },
      "properties": {
        "SEG_ID": 20000564,
        "EUGID": 564,
        "OWNER": "EUG",
        "MAINT": "EUG",
        "SOURCE": "EUG",
        "METHOD": "SURV",
        "FCLASS": "MAJCOLL",
        "PAVED": "Y",
        "DIR": " ",
        "NAME": "BLAIR",
        "TYPE": "BLVD",
        "SPEED": 20,
        "AIRSSPEED": 20,
        "ONEWAY": "BW",
        "TRAFFLOW": "BW",
        "AIRSNAME": "BLAIR BLVD",
        "F_ZLEV": 5,
        "T_ZLEV": 5,
        "L_LADD": 501,
        "L_HADD": 549,
        "R_LADD": 500,
        "R_HADD": 548,
        "SNOWROUTE": 3,
        "EVAC": " ",
        "LCPWID": 0,
        "OBJECTID": 2860,
        "ER_ROUTES": 4,
        "ACCESS_CNT": "Y",
        "Shape.STLength()": 245.057936530075,
        "ROW_Width_Max": 54,
        "ROW_Width_Min": 0,
        "created_user": null,
        "created_date": null,
        "last_edited_user": "PWE_GDB_TRANSPORT_ADMIN",
        "last_edited_date": 1772212902000,
        "GlobalID": "{C31E4A5A-57B2-4236-8983-81B2EECABAAB}",
        "layer": "roads",
        "source": "city-of-eugene-gis"
      }
    },
    {
      "type": "Feature",
      "id": "roads_226",
      "geometry": {
        "type": "LineString",
        "coordinates": [
          [
            -123.11400008676641,
            44.0532587641729
          ],
          [
            -123.1140189004896,
            44.05270447582923
          ]
        ]
      },
      "properties": {
        "SEG_ID": 20004543,
        "EUGID": 4543,
        "OWNER": "EUG",
        "MAINT": "EUG",
        "SOURCE": "EUG",
        "METHOD": "SURV",
        "FCLASS": "LOCAL",
        "PAVED": "Y",
        "DIR": " ",
        "NAME": "TAYLOR",
        "TYPE": "ST",
        "SPEED": 25,
        "AIRSSPEED": 25,
        "ONEWAY": "BW",
        "TRAFFLOW": "BW",
        "AIRSNAME": "TAYLOR ST",
        "F_ZLEV": 5,
        "T_ZLEV": 5,
        "L_LADD": 601,
        "L_HADD": 649,
        "R_LADD": 600,
        "R_HADD": 648,
        "SNOWROUTE": null,
        "EVAC": " ",
        "LCPWID": 0,
        "OBJECTID": 2861,
        "ER_ROUTES": 5,
        "ACCESS_CNT": " ",
        "Shape.STLength()": 202.12631271272568,
        "ROW_Width_Max": 66,
        "ROW_Width_Min": 0,
        "created_user": null,
        "created_date": null,
        "last_edited_user": "CEWEMVM",
        "last_edited_date": 1518089072000,
        "GlobalID": "{3A142904-8478-41A8-887C-D9A13B56B4B5}",
        "layer": "roads",
        "source": "city-of-eugene-gis"
      }
    },
    {
      "type": "Feature",
      "id": "roads_227",
      "geometry": {
        "type": "LineString",
        "coordinates": [
          [
            -123.10700435063832,
            44.05324832546244
          ],
          [
            -123.10654332835733,
            44.05278337705193
          ]
        ]
      },
      "properties": {
        "SEG_ID": 20000567,
        "EUGID": 567,
        "OWNER": "EUG",
        "MAINT": "EUG",
        "SOURCE": "EUG",
        "METHOD": "SURV",
        "FCLASS": "MAJCOLL",
        "PAVED": "Y",
        "DIR": " ",
        "NAME": "BLAIR",
        "TYPE": "BLVD",
        "SPEED": 20,
        "AIRSSPEED": 20,
        "ONEWAY": "BW",
        "TRAFFLOW": "BW",
        "AIRSNAME": "BLAIR BLVD",
        "F_ZLEV": 5,
        "T_ZLEV": 5,
        "L_LADD": 601,
        "L_HADD": 639,
        "R_LADD": 600,
        "R_HADD": 638,
        "SNOWROUTE": 3,
        "EVAC": " ",
        "LCPWID": 0,
        "OBJECTID": 2862,
        "ER_ROUTES": 4,
        "ACCESS_CNT": "Y",
        "Shape.STLength()": 208.37647497103507,
        "ROW_Width_Max": 54,
        "ROW_Width_Min": 0,
        "created_user": null,
        "created_date": null,
        "last_edited_user": "PWE_GDB_TRANSPORT_ADMIN",
        "last_edited_date": 1772212902000,
        "GlobalID": "{DA921D37-061F-43C8-8436-8DC76CF98031}",
        "layer": "roads",
        "source": "city-of-eugene-gis"
      }
    },
    {
      "type": "Feature",
      "id": "roads_228",
      "geometry": {
        "type": "LineString",
        "coordinates": [
          [
            -123.10645972035299,
            44.0526977753808
          ],
          [
            -123.1059236610353,
            44.05214720060292
          ]
        ]
      },
      "properties": {
        "SEG_ID": 20050421,
        "EUGID": 50421,
        "OWNER": "EUG",
        "MAINT": "EUG",
        "SOURCE": "EUG",
        "METHOD": "SURV",
        "FCLASS": "MAJCOLL",
        "PAVED": "Y",
        "DIR": " ",
        "NAME": "BLAIR",
        "TYPE": "BLVD",
        "SPEED": 25,
        "AIRSSPEED": 25,
        "ONEWAY": "BW",
        "TRAFFLOW": "BW",
        "AIRSNAME": "BLAIR BLVD",
        "F_ZLEV": 5,
        "T_ZLEV": 5,
        "L_LADD": 651,
        "L_HADD": 699,
        "R_LADD": 650,
        "R_HADD": 698,
        "SNOWROUTE": 3,
        "EVAC": " ",
        "LCPWID": 0,
        "OBJECTID": 2863,
        "ER_ROUTES": 4,
        "ACCESS_CNT": "Y",
        "Shape.STLength()": 245.25270768128127,
        "ROW_Width_Max": 54,
        "ROW_Width_Min": 0,
        "created_user": null,
        "created_date": null,
        "last_edited_user": "PWE_GDB_TRANSPORT_ADMIN",
        "last_edited_date": 1772212902000,
        "GlobalID": "{4ABDCC6C-B3BB-49A5-9203-7E76B68821A8}",
        "layer": "roads",
        "source": "city-of-eugene-gis"
      }
    },
    {
      "type": "Feature",
      "id": "roads_229",
      "geometry": {
        "type": "LineString",
        "coordinates": [
          [
            -123.10947129961224,
            44.05270027050646
          ],
          [
            -123.10947128729056,
            44.05214966726106
          ]
        ]
      },
      "properties": {
        "SEG_ID": 20050381,
        "EUGID": 50381,
        "OWNER": "EUG",
        "MAINT": "EUG",
        "SOURCE": "EUG",
        "METHOD": "SURV",
        "FCLASS": "LOCAL",
        "PAVED": "Y",
        "DIR": " ",
        "NAME": "VAN BUREN",
        "TYPE": "ST",
        "SPEED": 25,
        "AIRSSPEED": 25,
        "ONEWAY": "BW",
        "TRAFFLOW": "BW",
        "AIRSNAME": "VAN BUREN ST",
        "F_ZLEV": 5,
        "T_ZLEV": 5,
        "L_LADD": 651,
        "L_HADD": 699,
        "R_LADD": 650,
        "R_HADD": 698,
        "SNOWROUTE": null,
        "EVAC": " ",
        "LCPWID": 0,
        "OBJECTID": 2864,
        "ER_ROUTES": 5,
        "ACCESS_CNT": " ",
        "Shape.STLength()": 200.72232841664626,
        "ROW_Width_Max": 66,
        "ROW_Width_Min": 0,
        "created_user": null,
        "created_date": null,
        "last_edited_user": "CEWEMVM",
        "last_edited_date": 1518089072000,
        "GlobalID": "{8BB956BE-112B-4E74-8DA9-F7F4C168709F}",
        "layer": "roads",
        "source": "city-of-eugene-gis"
      }
    },
    {
      "type": "Feature",
      "id": "roads_230",
      "geometry": {
        "type": "LineString",
        "coordinates": [
          [
            -123.10947082190863,
            44.05325054157678
          ],
          [
            -123.10947129961224,
            44.05270027050646
          ]
        ]
      },
      "properties": {
        "SEG_ID": 20004741,
        "EUGID": 4741,
        "OWNER": "EUG",
        "MAINT": "EUG",
        "SOURCE": "EUG",
        "METHOD": "SURV",
        "FCLASS": "LOCAL",
        "PAVED": "Y",
        "DIR": " ",
        "NAME": "VAN BUREN",
        "TYPE": "ST",
        "SPEED": 25,
        "AIRSSPEED": 25,
        "ONEWAY": "BW",
        "TRAFFLOW": "BW",
        "AIRSNAME": "VAN BUREN ST",
        "F_ZLEV": 5,
        "T_ZLEV": 5,
        "L_LADD": 601,
        "L_HADD": 649,
        "R_LADD": 600,
        "R_HADD": 648,
        "SNOWROUTE": null,
        "EVAC": " ",
        "LCPWID": 0,
        "OBJECTID": 2865,
        "ER_ROUTES": 5,
        "ACCESS_CNT": " ",
        "Shape.STLength()": 200.6013225903558,
        "ROW_Width_Max": 66,
        "ROW_Width_Min": 0,
        "created_user": null,
        "created_date": null,
        "last_edited_user": "CEWEMVM",
        "last_edited_date": 1518089072000,
        "GlobalID": "{0B3ADCA1-E6F8-4A79-A3CE-EC4DB1E96861}",
        "layer": "roads",
        "source": "city-of-eugene-gis"
      }
    },
    {
      "type": "Feature",
      "id": "roads_231",
      "geometry": {
        "type": "LineString",
        "coordinates": [
          [
            -123.11704427706971,
            44.051609372966205
          ],
          [
            -123.11704495478227,
            44.050911751349474
          ]
        ]
      },
      "properties": {
        "SEG_ID": 20050348,
        "EUGID": 50348,
        "OWNER": "EUG",
        "MAINT": "EUG",
        "SOURCE": "EUG",
        "METHOD": "SURV",
        "FCLASS": "LOCAL",
        "PAVED": "Y",
        "DIR": " ",
        "NAME": "FILLMORE",
        "TYPE": "ST",
        "SPEED": 25,
        "AIRSSPEED": 25,
        "ONEWAY": "BW",
        "TRAFFLOW": "BW",
        "AIRSNAME": "FILLMORE ST",
        "F_ZLEV": 5,
        "T_ZLEV": 5,
        "L_LADD": 751,
        "L_HADD": 799,
        "R_LADD": 750,
        "R_HADD": 798,
        "SNOWROUTE": null,
        "EVAC": " ",
        "LCPWID": 0,
        "OBJECTID": 2866,
        "ER_ROUTES": 5,
        "ACCESS_CNT": " ",
        "Shape.STLength()": 254.31778343818917,
        "ROW_Width_Max": 66,
        "ROW_Width_Min": 0,
        "created_user": null,
        "created_date": null,
        "last_edited_user": "CEWEMVM",
        "last_edited_date": 1518089072000,
        "GlobalID": "{49487EFF-3100-408F-ACE1-E767DA5F11BF}",
        "layer": "roads",
        "source": "city-of-eugene-gis"
      }
    },
    {
      "type": "Feature",
      "id": "roads_232",
      "geometry": {
        "type": "LineString",
        "coordinates": [
          [
            -123.11704383117358,
            44.052158786180684
          ],
          [
            -123.11704427706971,
            44.051609372966205
          ]
        ]
      },
      "properties": {
        "SEG_ID": 20001815,
        "EUGID": 1815,
        "OWNER": "EUG",
        "MAINT": "EUG",
        "SOURCE": "EUG",
        "METHOD": "SURV",
        "FCLASS": "LOCAL",
        "PAVED": "Y",
        "DIR": " ",
        "NAME": "FILLMORE",
        "TYPE": "ST",
        "SPEED": 25,
        "AIRSSPEED": 25,
        "ONEWAY": "BW",
        "TRAFFLOW": "BW",
        "AIRSNAME": "FILLMORE ST",
        "F_ZLEV": 5,
        "T_ZLEV": 5,
        "L_LADD": 701,
        "L_HADD": 749,
        "R_LADD": 700,
        "R_HADD": 748,
        "SNOWROUTE": null,
        "EVAC": " ",
        "LCPWID": 0,
        "OBJECTID": 2867,
        "ER_ROUTES": 5,
        "ACCESS_CNT": " ",
        "Shape.STLength()": 200.28848880190603,
        "ROW_Width_Max": 66,
        "ROW_Width_Min": 0,
        "created_user": null,
        "created_date": null,
        "last_edited_user": "CEWEMVM",
        "last_edited_date": 1518089072000,
        "GlobalID": "{2469A8FB-37F7-481F-815D-771CABE9DD88}",
        "layer": "roads",
        "source": "city-of-eugene-gis"
      }
    },
    {
      "type": "Feature",
      "id": "roads_233",
      "geometry": {
        "type": "LineString",
        "coordinates": [
          [
            -123.11251610818178,
            44.051601763144554
          ],
          [
            -123.11251591384745,
            44.05090467829049
          ]
        ]
      },
      "properties": {
        "SEG_ID": 20050372,
        "EUGID": 50372,
        "OWNER": "EUG",
        "MAINT": "EUG",
        "SOURCE": "EUG",
        "METHOD": "SURV",
        "FCLASS": "MAJCOLL",
        "PAVED": "Y",
        "DIR": " ",
        "NAME": "POLK",
        "TYPE": "ST",
        "SPEED": 25,
        "AIRSSPEED": 25,
        "ONEWAY": "BW",
        "TRAFFLOW": "BW",
        "AIRSNAME": "POLK ST",
        "F_ZLEV": 5,
        "T_ZLEV": 5,
        "L_LADD": 751,
        "L_HADD": 799,
        "R_LADD": 750,
        "R_HADD": 798,
        "SNOWROUTE": 2,
        "EVAC": " ",
        "LCPWID": 0,
        "OBJECTID": 2868,
        "ER_ROUTES": 4,
        "ACCESS_CNT": "Y",
        "Shape.STLength()": 254.1220486793698,
        "ROW_Width_Max": 66,
        "ROW_Width_Min": 0,
        "created_user": null,
        "created_date": null,
        "last_edited_user": "PWE_GDB_TRANSPORT_ADMIN",
        "last_edited_date": 1774886324000,
        "GlobalID": "{73C6102E-C54D-4AD9-9232-6F7460841A28}",
        "layer": "roads",
        "source": "city-of-eugene-gis"
      }
    },
    {
      "type": "Feature",
      "id": "roads_234",
      "geometry": {
        "type": "LineString",
        "coordinates": [
          [
            -123.11403691735869,
            44.05160440617116
          ],
          [
            -123.11403669799576,
            44.05090714861033
          ]
        ]
      },
      "properties": {
        "SEG_ID": 20050365,
        "EUGID": 50365,
        "OWNER": "EUG",
        "MAINT": "EUG",
        "SOURCE": "EUG",
        "METHOD": "SURV",
        "FCLASS": "LOCAL",
        "PAVED": "Y",
        "DIR": " ",
        "NAME": "TAYLOR",
        "TYPE": "ST",
        "SPEED": 20,
        "AIRSSPEED": 20,
        "ONEWAY": "BW",
        "TRAFFLOW": "BW",
        "AIRSNAME": "TAYLOR ST",
        "F_ZLEV": 5,
        "T_ZLEV": 5,
        "L_LADD": 751,
        "L_HADD": 799,
        "R_LADD": 750,
        "R_HADD": 798,
        "SNOWROUTE": null,
        "EVAC": " ",
        "LCPWID": 0,
        "OBJECTID": 2869,
        "ER_ROUTES": 5,
        "ACCESS_CNT": " ",
        "Shape.STLength()": 254.18501055925373,
        "ROW_Width_Max": 66,
        "ROW_Width_Min": 0,
        "created_user": null,
        "created_date": null,
        "last_edited_user": "PWE_GDB_TRANSPORT_ADMIN",
        "last_edited_date": 1717005524000,
        "GlobalID": "{32DA8987-E500-4C2B-A3ED-484F32E46A12}",
        "layer": "roads",
        "source": "city-of-eugene-gis"
      }
    },
    {
      "type": "Feature",
      "id": "roads_235",
      "geometry": {
        "type": "LineString",
        "coordinates": [
          [
            -123.11103724280629,
            44.051601074093654
          ],
          [
            -123.11103753326603,
            44.05090380583792
          ]
        ]
      },
      "properties": {
        "SEG_ID": 20050376,
        "EUGID": 50376,
        "OWNER": "EUG",
        "MAINT": "EUG",
        "SOURCE": "EUG",
        "METHOD": "SURV",
        "FCLASS": "LOCAL",
        "PAVED": "Y",
        "DIR": " ",
        "NAME": "TYLER",
        "TYPE": "ST",
        "SPEED": 25,
        "AIRSSPEED": 25,
        "ONEWAY": "BW",
        "TRAFFLOW": "BW",
        "AIRSNAME": "TYLER ST",
        "F_ZLEV": 5,
        "T_ZLEV": 5,
        "L_LADD": 751,
        "L_HADD": 799,
        "R_LADD": 750,
        "R_HADD": 798,
        "SNOWROUTE": null,
        "EVAC": " ",
        "LCPWID": 0,
        "OBJECTID": 2870,
        "ER_ROUTES": 5,
        "ACCESS_CNT": " ",
        "Shape.STLength()": 254.18891393608794,
        "ROW_Width_Max": 60,
        "ROW_Width_Min": 0,
        "created_user": null,
        "created_date": null,
        "last_edited_user": "CEWEMVM",
        "last_edited_date": 1518089072000,
        "GlobalID": "{4625AEF0-3F03-4DFD-B555-6293301952B7}",
        "layer": "roads",
        "source": "city-of-eugene-gis"
      }
    },
    {
      "type": "Feature",
      "id": "roads_236",
      "geometry": {
        "type": "LineString",
        "coordinates": [
          [
            -123.11403737967775,
            44.05215345525144
          ],
          [
            -123.11403691735869,
            44.05160440617116
          ]
        ]
      },
      "properties": {
        "SEG_ID": 20004545,
        "EUGID": 4545,
        "OWNER": "EUG",
        "MAINT": "EUG",
        "SOURCE": "EUG",
        "METHOD": "SURV",
        "FCLASS": "LOCAL",
        "PAVED": "Y",
        "DIR": " ",
        "NAME": "TAYLOR",
        "TYPE": "ST",
        "SPEED": 20,
        "AIRSSPEED": 20,
        "ONEWAY": "BW",
        "TRAFFLOW": "BW",
        "AIRSNAME": "TAYLOR ST",
        "F_ZLEV": 5,
        "T_ZLEV": 5,
        "L_LADD": 701,
        "L_HADD": 749,
        "R_LADD": 700,
        "R_HADD": 748,
        "SNOWROUTE": null,
        "EVAC": " ",
        "LCPWID": 0,
        "OBJECTID": 2871,
        "ER_ROUTES": 5,
        "ACCESS_CNT": " ",
        "Shape.STLength()": 200.15574590698802,
        "ROW_Width_Max": 66,
        "ROW_Width_Min": 0,
        "created_user": null,
        "created_date": null,
        "last_edited_user": "PWE_GDB_TRANSPORT_ADMIN",
        "last_edited_date": 1717005524000,
        "GlobalID": "{E90C0CCE-089B-43D1-8320-E2C68CCF98C1}",
        "layer": "roads",
        "source": "city-of-eugene-gis"
      }
    },
    {
      "type": "Feature",
      "id": "roads_237",
      "geometry": {
        "type": "LineString",
        "coordinates": [
          [
            -123.11251608158851,
            44.05215082562477
          ],
          [
            -123.11251610818178,
            44.051601763144554
          ]
        ]
      },
      "properties": {
        "SEG_ID": 20003969,
        "EUGID": 3969,
        "OWNER": "EUG",
        "MAINT": "EUG",
        "SOURCE": "EUG",
        "METHOD": "SURV",
        "FCLASS": "MAJCOLL",
        "PAVED": "Y",
        "DIR": " ",
        "NAME": "POLK",
        "TYPE": "ST",
        "SPEED": 25,
        "AIRSSPEED": 25,
        "ONEWAY": "BW",
        "TRAFFLOW": "BW",
        "AIRSNAME": "POLK ST",
        "F_ZLEV": 5,
        "T_ZLEV": 5,
        "L_LADD": 701,
        "L_HADD": 749,
        "R_LADD": 700,
        "R_HADD": 748,
        "SNOWROUTE": 2,
        "EVAC": " ",
        "LCPWID": 0,
        "OBJECTID": 2872,
        "ER_ROUTES": 4,
        "ACCESS_CNT": "Y",
        "Shape.STLength()": 200.1605938200665,
        "ROW_Width_Max": 66,
        "ROW_Width_Min": 0,
        "created_user": null,
        "created_date": null,
        "last_edited_user": "PWE_GDB_TRANSPORT_ADMIN",
        "last_edited_date": 1774886325000,
        "GlobalID": "{B1A3CDB5-BAA1-4E89-B1AD-BEE27298D8C1}",
        "layer": "roads",
        "source": "city-of-eugene-gis"
      }
    },
    {
      "type": "Feature",
      "id": "roads_238",
      "geometry": {
        "type": "LineString",
        "coordinates": [
          [
            -123.11251591384745,
            44.05090467829049
          ],
          [
            -123.11251605509784,
            44.05042422679698
          ]
        ]
      },
      "properties": {
        "SEG_ID": 20003970,
        "EUGID": 3970,
        "OWNER": "EUG",
        "MAINT": "EUG",
        "SOURCE": "EUG",
        "METHOD": "SURV",
        "FCLASS": "MAJCOLL",
        "PAVED": "Y",
        "DIR": " ",
        "NAME": "POLK",
        "TYPE": "ST",
        "SPEED": 25,
        "AIRSSPEED": 25,
        "ONEWAY": "BW",
        "TRAFFLOW": "BW",
        "AIRSNAME": "POLK ST",
        "F_ZLEV": 5,
        "T_ZLEV": 5,
        "L_LADD": 801,
        "L_HADD": 849,
        "R_LADD": 800,
        "R_HADD": 848,
        "SNOWROUTE": 2,
        "EVAC": " ",
        "LCPWID": 0,
        "OBJECTID": 2873,
        "ER_ROUTES": 4,
        "ACCESS_CNT": "Y",
        "Shape.STLength()": 175.14838452261543,
        "ROW_Width_Max": 66,
        "ROW_Width_Min": 0,
        "created_user": null,
        "created_date": null,
        "last_edited_user": "PWE_GDB_TRANSPORT_ADMIN",
        "last_edited_date": 1774886325000,
        "GlobalID": "{0622848D-5A36-497F-9278-F8DD63ADC046}",
        "layer": "roads",
        "source": "city-of-eugene-gis"
      }
    },
    {
      "type": "Feature",
      "id": "roads_239",
      "geometry": {
        "type": "LineString",
        "coordinates": [
          [
            -123.11251605509784,
            44.05042422679698
          ],
          [
            -123.11251619691053,
            44.04993279469716
          ]
        ]
      },
      "properties": {
        "SEG_ID": 20050371,
        "EUGID": 50371,
        "OWNER": "EUG",
        "MAINT": "EUG",
        "SOURCE": "EUG",
        "METHOD": "SURV",
        "FCLASS": "MAJCOLL",
        "PAVED": "Y",
        "DIR": " ",
        "NAME": "POLK",
        "TYPE": "ST",
        "SPEED": 25,
        "AIRSSPEED": 25,
        "ONEWAY": "BW",
        "TRAFFLOW": "BW",
        "AIRSNAME": "POLK ST",
        "F_ZLEV": 5,
        "T_ZLEV": 5,
        "L_LADD": 865,
        "L_HADD": 865,
        "R_LADD": 860,
        "R_HADD": 886,
        "SNOWROUTE": 2,
        "EVAC": " ",
        "LCPWID": 0,
        "OBJECTID": 2874,
        "ER_ROUTES": 4,
        "ACCESS_CNT": "Y",
        "Shape.STLength()": 179.1513208829628,
        "ROW_Width_Max": 66,
        "ROW_Width_Min": 0,
        "created_user": null,
        "created_date": null,
        "last_edited_user": "PWE_GDB_TRANSPORT_ADMIN",
        "last_edited_date": 1774886326000,
        "GlobalID": "{AC4DD7DA-3B7C-4B67-8AFD-AC56334907A7}",
        "layer": "roads",
        "source": "city-of-eugene-gis"
      }
    },
    {
      "type": "Feature",
      "id": "roads_240",
      "geometry": {
        "type": "LineString",
        "coordinates": [
          [
            -123.10947193293546,
            44.05043660732112
          ],
          [
            -123.10947236123569,
            44.04992921861282
          ]
        ]
      },
      "properties": {
        "SEG_ID": 20050383,
        "EUGID": 50383,
        "OWNER": "EUG",
        "MAINT": "EUG",
        "SOURCE": "EUG",
        "METHOD": "SURV",
        "FCLASS": "LOCAL",
        "PAVED": "Y",
        "DIR": " ",
        "NAME": "VAN BUREN",
        "TYPE": "ST",
        "SPEED": 20,
        "AIRSSPEED": 20,
        "ONEWAY": "BW",
        "TRAFFLOW": "BW",
        "AIRSNAME": "VAN BUREN ST",
        "F_ZLEV": 5,
        "T_ZLEV": 5,
        "L_LADD": 865,
        "L_HADD": 885,
        "R_LADD": 864,
        "R_HADD": 884,
        "SNOWROUTE": null,
        "EVAC": " ",
        "LCPWID": 0,
        "OBJECTID": 2875,
        "ER_ROUTES": 5,
        "ACCESS_CNT": " ",
        "Shape.STLength()": 184.96832499106435,
        "ROW_Width_Max": 66,
        "ROW_Width_Min": 0,
        "created_user": null,
        "created_date": null,
        "last_edited_user": "PWE_GDB_TRANSPORT_ADMIN",
        "last_edited_date": 1717002004000,
        "GlobalID": "{76FBD74B-FBCF-41DA-B3DB-323F1D9FCC5F}",
        "layer": "roads",
        "source": "city-of-eugene-gis"
      }
    },
    {
      "type": "Feature",
      "id": "roads_241",
      "geometry": {
        "type": "LineString",
        "coordinates": [
          [
            -123.10794805970433,
            44.050901904043656
          ],
          [
            -123.10794882181314,
            44.050434986054604
          ]
        ]
      },
      "properties": {
        "SEG_ID": 20002545,
        "EUGID": 2545,
        "OWNER": "EUG",
        "MAINT": "EUG",
        "SOURCE": "EUG",
        "METHOD": "SURV",
        "FCLASS": "LOCAL",
        "PAVED": "Y",
        "DIR": " ",
        "NAME": "JACKSON",
        "TYPE": "ST",
        "SPEED": 20,
        "AIRSSPEED": 20,
        "ONEWAY": "BW",
        "TRAFFLOW": "BW",
        "AIRSNAME": "JACKSON ST",
        "F_ZLEV": 5,
        "T_ZLEV": 5,
        "L_LADD": 801,
        "L_HADD": 849,
        "R_LADD": 800,
        "R_HADD": 848,
        "SNOWROUTE": null,
        "EVAC": " ",
        "LCPWID": 0,
        "OBJECTID": 2876,
        "ER_ROUTES": 5,
        "ACCESS_CNT": " ",
        "Shape.STLength()": 170.21486573651856,
        "ROW_Width_Max": 66,
        "ROW_Width_Min": 0,
        "created_user": null,
        "created_date": null,
        "last_edited_user": "PWE_GDB_TRANSPORT_ADMIN",
        "last_edited_date": 1717002004000,
        "GlobalID": "{25056160-FA8C-44BD-A521-F4F5E45203A2}",
        "layer": "roads",
        "source": "city-of-eugene-gis"
      }
    },
    {
      "type": "Feature",
      "id": "roads_242",
      "geometry": {
        "type": "LineString",
        "coordinates": [
          [
            -123.10794882181314,
            44.050434986054604
          ],
          [
            -123.1079497086074,
            44.049926903928665
          ]
        ]
      },
      "properties": {
        "SEG_ID": 20050410,
        "EUGID": 50410,
        "OWNER": "EUG",
        "MAINT": "EUG",
        "SOURCE": "EUG",
        "METHOD": "SURV",
        "FCLASS": "LOCAL",
        "PAVED": "Y",
        "DIR": " ",
        "NAME": "JACKSON",
        "TYPE": "ST",
        "SPEED": 20,
        "AIRSSPEED": 20,
        "ONEWAY": "BW",
        "TRAFFLOW": "BW",
        "AIRSNAME": "JACKSON ST",
        "F_ZLEV": 5,
        "T_ZLEV": 5,
        "L_LADD": 853,
        "L_HADD": 853,
        "R_LADD": 858,
        "R_HADD": 858,
        "SNOWROUTE": null,
        "EVAC": " ",
        "LCPWID": 0,
        "OBJECTID": 2877,
        "ER_ROUTES": 5,
        "ACCESS_CNT": " ",
        "Shape.STLength()": 185.22122234419416,
        "ROW_Width_Max": 66,
        "ROW_Width_Min": 0,
        "created_user": null,
        "created_date": null,
        "last_edited_user": "PWE_GDB_TRANSPORT_ADMIN",
        "last_edited_date": 1717002004000,
        "GlobalID": "{08DE3608-CE25-4390-983E-635BEBBA074A}",
        "layer": "roads",
        "source": "city-of-eugene-gis"
      }
    },
    {
      "type": "Feature",
      "id": "roads_243",
      "geometry": {
        "type": "LineString",
        "coordinates": [
          [
            -123.1064280868499,
            44.05043329415918
          ],
          [
            -123.10642848888267,
            44.04992470458199
          ]
        ]
      },
      "properties": {
        "SEG_ID": 20050405,
        "EUGID": 50405,
        "OWNER": "EUG",
        "MAINT": "EUG",
        "SOURCE": "EUG",
        "METHOD": "SURV",
        "FCLASS": "LOCAL",
        "PAVED": "Y",
        "DIR": " ",
        "NAME": "ADAMS",
        "TYPE": "ST",
        "SPEED": 20,
        "AIRSSPEED": 20,
        "ONEWAY": "BW",
        "TRAFFLOW": "BW",
        "AIRSNAME": "ADAMS ST",
        "F_ZLEV": 5,
        "T_ZLEV": 5,
        "L_LADD": 861,
        "L_HADD": 861,
        "R_LADD": 860,
        "R_HADD": 860,
        "SNOWROUTE": null,
        "EVAC": " ",
        "LCPWID": 0,
        "OBJECTID": 2878,
        "ER_ROUTES": 5,
        "ACCESS_CNT": " ",
        "Shape.STLength()": 185.40609665187685,
        "ROW_Width_Max": 66,
        "ROW_Width_Min": 0,
        "created_user": null,
        "created_date": null,
        "last_edited_user": "PWE_GDB_TRANSPORT_ADMIN",
        "last_edited_date": 1717002004000,
        "GlobalID": "{F5DDEE1F-F852-4C0B-88DB-9EA3FB99EEE1}",
        "layer": "roads",
        "source": "city-of-eugene-gis"
      }
    },
    {
      "type": "Feature",
      "id": "roads_244",
      "geometry": {
        "type": "LineString",
        "coordinates": [
          [
            -123.10490927486131,
            44.050432052428484
          ],
          [
            -123.10490966011231,
            44.04992277741005
          ]
        ]
      },
      "properties": {
        "SEG_ID": 20050400,
        "EUGID": 50400,
        "OWNER": "EUG",
        "MAINT": "EUG",
        "SOURCE": "EUG",
        "METHOD": "SURV",
        "FCLASS": "MINCOLL",
        "PAVED": "Y",
        "DIR": " ",
        "NAME": "MONROE",
        "TYPE": "ST",
        "SPEED": 25,
        "AIRSSPEED": 25,
        "ONEWAY": "BW",
        "TRAFFLOW": "BW",
        "AIRSNAME": "MONROE ST",
        "F_ZLEV": 5,
        "T_ZLEV": 5,
        "L_LADD": 855,
        "L_HADD": 855,
        "R_LADD": 0,
        "R_HADD": 0,
        "SNOWROUTE": null,
        "EVAC": " ",
        "LCPWID": 0,
        "OBJECTID": 2879,
        "ER_ROUTES": 4,
        "ACCESS_CNT": "Y",
        "Shape.STLength()": 185.65597127953654,
        "ROW_Width_Max": 66,
        "ROW_Width_Min": 0,
        "created_user": null,
        "created_date": null,
        "last_edited_user": "CEWEMVM",
        "last_edited_date": 1518089072000,
        "GlobalID": "{ED03D840-2A0A-435B-B4BE-B3E3AFC6B3B9}",
        "layer": "roads",
        "source": "city-of-eugene-gis"
      }
    },
    {
      "type": "Feature",
      "id": "roads_245",
      "geometry": {
        "type": "LineString",
        "coordinates": [
          [
            -123.10947211071597,
            44.05090298852233
          ],
          [
            -123.10947193293546,
            44.05043660732112
          ]
        ]
      },
      "properties": {
        "SEG_ID": 20004743,
        "EUGID": 4743,
        "OWNER": "EUG",
        "MAINT": "EUG",
        "SOURCE": "EUG",
        "METHOD": "SURV",
        "FCLASS": "LOCAL",
        "PAVED": "Y",
        "DIR": " ",
        "NAME": "VAN BUREN",
        "TYPE": "ST",
        "SPEED": 20,
        "AIRSSPEED": 20,
        "ONEWAY": "BW",
        "TRAFFLOW": "BW",
        "AIRSNAME": "VAN BUREN ST",
        "F_ZLEV": 5,
        "T_ZLEV": 5,
        "L_LADD": 801,
        "L_HADD": 849,
        "R_LADD": 800,
        "R_HADD": 848,
        "SNOWROUTE": null,
        "EVAC": " ",
        "LCPWID": 0,
        "OBJECTID": 2880,
        "ER_ROUTES": 5,
        "ACCESS_CNT": " ",
        "Shape.STLength()": 170.01906854177,
        "ROW_Width_Max": 66,
        "ROW_Width_Min": 0,
        "created_user": null,
        "created_date": null,
        "last_edited_user": "PWE_GDB_TRANSPORT_ADMIN",
        "last_edited_date": 1717002004000,
        "GlobalID": "{57D9C771-3EDF-434C-AF97-8BDE0E131E46}",
        "layer": "roads",
        "source": "city-of-eugene-gis"
      }
    },
    {
      "type": "Feature",
      "id": "roads_246",
      "geometry": {
        "type": "LineString",
        "coordinates": [
          [
            -123.10642732020763,
            44.05090037945203
          ],
          [
            -123.1064280868499,
            44.05043329415918
          ]
        ]
      },
      "properties": {
        "SEG_ID": 20000022,
        "EUGID": 22,
        "OWNER": "EUG",
        "MAINT": "EUG",
        "SOURCE": "EUG",
        "METHOD": "SURV",
        "FCLASS": "LOCAL",
        "PAVED": "Y",
        "DIR": " ",
        "NAME": "ADAMS",
        "TYPE": "ST",
        "SPEED": 20,
        "AIRSSPEED": 20,
        "ONEWAY": "BW",
        "TRAFFLOW": "BW",
        "AIRSNAME": "ADAMS ST",
        "F_ZLEV": 5,
        "T_ZLEV": 5,
        "L_LADD": 801,
        "L_HADD": 849,
        "R_LADD": 800,
        "R_HADD": 848,
        "SNOWROUTE": null,
        "EVAC": " ",
        "LCPWID": 0,
        "OBJECTID": 2881,
        "ER_ROUTES": 5,
        "ACCESS_CNT": " ",
        "Shape.STLength()": 170.2758575051387,
        "ROW_Width_Max": 66,
        "ROW_Width_Min": 0,
        "created_user": null,
        "created_date": null,
        "last_edited_user": "PWE_GDB_TRANSPORT_ADMIN",
        "last_edited_date": 1717002004000,
        "GlobalID": "{B63AC1C1-B429-4DD5-8B7B-FBBCFB49239D}",
        "layer": "roads",
        "source": "city-of-eugene-gis"
      }
    },
    {
      "type": "Feature",
      "id": "roads_247",
      "geometry": {
        "type": "LineString",
        "coordinates": [
          [
            -123.10490848168855,
            44.05089879498849
          ],
          [
            -123.10490927486131,
            44.050432052428484
          ]
        ]
      },
      "properties": {
        "SEG_ID": 20003345,
        "EUGID": 3345,
        "OWNER": "EUG",
        "MAINT": "EUG",
        "SOURCE": "EUG",
        "METHOD": "SURV",
        "FCLASS": "MINCOLL",
        "PAVED": "Y",
        "DIR": " ",
        "NAME": "MONROE",
        "TYPE": "ST",
        "SPEED": 25,
        "AIRSSPEED": 25,
        "ONEWAY": "BW",
        "TRAFFLOW": "BW",
        "AIRSNAME": "MONROE ST",
        "F_ZLEV": 5,
        "T_ZLEV": 5,
        "L_LADD": 801,
        "L_HADD": 849,
        "R_LADD": 800,
        "R_HADD": 848,
        "SNOWROUTE": null,
        "EVAC": " ",
        "LCPWID": 0,
        "OBJECTID": 2882,
        "ER_ROUTES": 4,
        "ACCESS_CNT": "Y",
        "Shape.STLength()": 170.15092277781451,
        "ROW_Width_Max": 66,
        "ROW_Width_Min": 0,
        "created_user": null,
        "created_date": null,
        "last_edited_user": "CEWEMVM",
        "last_edited_date": 1518089072000,
        "GlobalID": "{CECC75F5-DFDB-41F0-B65D-99D4BB0B941D}",
        "layer": "roads",
        "source": "city-of-eugene-gis"
      }
    },
    {
      "type": "Feature",
      "id": "roads_248",
      "geometry": {
        "type": "LineString",
        "coordinates": [
          [
            -123.11099488414943,
            44.0493785130471
          ],
          [
            -123.11099525155375,
            44.04882601197529
          ]
        ]
      },
      "properties": {
        "SEG_ID": 20050377,
        "EUGID": 50377,
        "OWNER": "EUG",
        "MAINT": "EUG",
        "SOURCE": "EUG",
        "METHOD": "SURV",
        "FCLASS": "LOCAL",
        "PAVED": "Y",
        "DIR": " ",
        "NAME": "TYLER",
        "TYPE": "ST",
        "SPEED": 20,
        "AIRSSPEED": 20,
        "ONEWAY": "BW",
        "TRAFFLOW": "BW",
        "AIRSNAME": "TYLER ST",
        "F_ZLEV": 5,
        "T_ZLEV": 5,
        "L_LADD": 951,
        "L_HADD": 999,
        "R_LADD": 950,
        "R_HADD": 998,
        "SNOWROUTE": null,
        "EVAC": " ",
        "LCPWID": 0,
        "OBJECTID": 2883,
        "ER_ROUTES": 5,
        "ACCESS_CNT": " ",
        "Shape.STLength()": 201.41390573571778,
        "ROW_Width_Max": 66,
        "ROW_Width_Min": 0,
        "created_user": null,
        "created_date": null,
        "last_edited_user": "PWE_GDB_TRANSPORT_ADMIN",
        "last_edited_date": 1717002004000,
        "GlobalID": "{4A28F012-8C05-4B60-9638-CDDDB518614A}",
        "layer": "roads",
        "source": "city-of-eugene-gis"
      }
    },
    {
      "type": "Feature",
      "id": "roads_249",
      "geometry": {
        "type": "LineString",
        "coordinates": [
          [
            -123.11251606786436,
            44.049380134439794
          ],
          [
            -123.11251640664328,
            44.048827293339905
          ]
        ]
      },
      "properties": {
        "SEG_ID": 20050370,
        "EUGID": 50370,
        "OWNER": "EUG",
        "MAINT": "EUG",
        "SOURCE": "EUG",
        "METHOD": "SURV",
        "FCLASS": "MAJCOLL",
        "PAVED": "Y",
        "DIR": " ",
        "NAME": "POLK",
        "TYPE": "ST",
        "SPEED": 25,
        "AIRSSPEED": 25,
        "ONEWAY": "BW",
        "TRAFFLOW": "BW",
        "AIRSNAME": "POLK ST",
        "F_ZLEV": 5,
        "T_ZLEV": 5,
        "L_LADD": 951,
        "L_HADD": 999,
        "R_LADD": 950,
        "R_HADD": 998,
        "SNOWROUTE": 2,
        "EVAC": " ",
        "LCPWID": 0,
        "OBJECTID": 2884,
        "ER_ROUTES": 4,
        "ACCESS_CNT": "Y",
        "Shape.STLength()": 201.53785938685635,
        "ROW_Width_Max": 66,
        "ROW_Width_Min": 0,
        "created_user": null,
        "created_date": null,
        "last_edited_user": "PWE_GDB_TRANSPORT_ADMIN",
        "last_edited_date": 1774886327000,
        "GlobalID": "{10702410-B2CA-4535-92B3-289F48E24450}",
        "layer": "roads",
        "source": "city-of-eugene-gis"
      }
    },
    {
      "type": "Feature",
      "id": "roads_250",
      "geometry": {
        "type": "LineString",
        "coordinates": [
          [
            -123.10795057905274,
            44.049374392325646
          ],
          [
            -123.10795146428423,
            44.048822223309735
          ]
        ]
      },
      "properties": {
        "SEG_ID": 20050411,
        "EUGID": 50411,
        "OWNER": "EUG",
        "MAINT": "EUG",
        "SOURCE": "EUG",
        "METHOD": "SURV",
        "FCLASS": "LOCAL",
        "PAVED": "Y",
        "DIR": " ",
        "NAME": "JACKSON",
        "TYPE": "ST",
        "SPEED": 20,
        "AIRSSPEED": 20,
        "ONEWAY": "BW",
        "TRAFFLOW": "BW",
        "AIRSNAME": "JACKSON ST",
        "F_ZLEV": 5,
        "T_ZLEV": 5,
        "L_LADD": 951,
        "L_HADD": 999,
        "R_LADD": 950,
        "R_HADD": 998,
        "SNOWROUTE": null,
        "EVAC": " ",
        "LCPWID": 0,
        "OBJECTID": 2885,
        "ER_ROUTES": 5,
        "ACCESS_CNT": " ",
        "Shape.STLength()": 201.2929660362853,
        "ROW_Width_Max": 66,
        "ROW_Width_Min": 0,
        "created_user": null,
        "created_date": null,
        "last_edited_user": "PWE_GDB_TRANSPORT_ADMIN",
        "last_edited_date": 1717002004000,
        "GlobalID": "{FF57B902-51B3-4324-A092-BBCCD9337B39}",
        "layer": "roads",
        "source": "city-of-eugene-gis"
      }
    },
    {
      "type": "Feature",
      "id": "roads_251",
      "geometry": {
        "type": "LineString",
        "coordinates": [
          [
            -123.10947321775306,
            44.04937670699906
          ],
          [
            -123.10947408183509,
            44.04882437065872
          ]
        ]
      },
      "properties": {
        "SEG_ID": 20050384,
        "EUGID": 50384,
        "OWNER": "EUG",
        "MAINT": "EUG",
        "SOURCE": "EUG",
        "METHOD": "SURV",
        "FCLASS": "LOCAL",
        "PAVED": "Y",
        "DIR": " ",
        "NAME": "VAN BUREN",
        "TYPE": "ST",
        "SPEED": 20,
        "AIRSSPEED": 20,
        "ONEWAY": "BW",
        "TRAFFLOW": "BW",
        "AIRSNAME": "VAN BUREN ST",
        "F_ZLEV": 5,
        "T_ZLEV": 5,
        "L_LADD": 951,
        "L_HADD": 999,
        "R_LADD": 950,
        "R_HADD": 998,
        "SNOWROUTE": null,
        "EVAC": " ",
        "LCPWID": 0,
        "OBJECTID": 2886,
        "ER_ROUTES": 5,
        "ACCESS_CNT": " ",
        "Shape.STLength()": 201.35395784426845,
        "ROW_Width_Max": 66,
        "ROW_Width_Min": 0,
        "created_user": null,
        "created_date": null,
        "last_edited_user": "PWE_GDB_TRANSPORT_ADMIN",
        "last_edited_date": 1717002004000,
        "GlobalID": "{05A0E9AF-6966-4CEA-9BE3-68D92B9F5E64}",
        "layer": "roads",
        "source": "city-of-eugene-gis"
      }
    },
    {
      "type": "Feature",
      "id": "roads_252",
      "geometry": {
        "type": "LineString",
        "coordinates": [
          [
            -123.11251619691053,
            44.04993279469716
          ],
          [
            -123.11251606786436,
            44.049380134439794
          ]
        ]
      },
      "properties": {
        "SEG_ID": 20003961,
        "EUGID": 3961,
        "OWNER": "EUG",
        "MAINT": "EUG",
        "SOURCE": "EUG",
        "METHOD": "SURV",
        "FCLASS": "MAJCOLL",
        "PAVED": "Y",
        "DIR": " ",
        "NAME": "POLK",
        "TYPE": "ST",
        "SPEED": 25,
        "AIRSSPEED": 25,
        "ONEWAY": "BW",
        "TRAFFLOW": "BW",
        "AIRSNAME": "POLK ST",
        "F_ZLEV": 5,
        "T_ZLEV": 5,
        "L_LADD": 901,
        "L_HADD": 949,
        "R_LADD": 900,
        "R_HADD": 948,
        "SNOWROUTE": 2,
        "EVAC": " ",
        "LCPWID": 0,
        "OBJECTID": 2887,
        "ER_ROUTES": 4,
        "ACCESS_CNT": "Y",
        "Shape.STLength()": 201.4719661019865,
        "ROW_Width_Max": 66,
        "ROW_Width_Min": 0,
        "created_user": null,
        "created_date": null,
        "last_edited_user": "PWE_GDB_TRANSPORT_ADMIN",
        "last_edited_date": 1774886328000,
        "GlobalID": "{C8391706-E3D6-4BB8-B1BE-E4FFC9C92593}",
        "layer": "roads",
        "source": "city-of-eugene-gis"
      }
    },
    {
      "type": "Feature",
      "id": "roads_253",
      "geometry": {
        "type": "LineString",
        "coordinates": [
          [
            -123.10947236123569,
            44.04992921861282
          ],
          [
            -123.10947321775306,
            44.04937670699906
          ]
        ]
      },
      "properties": {
        "SEG_ID": 20004730,
        "EUGID": 4730,
        "OWNER": "EUG",
        "MAINT": "EUG",
        "SOURCE": "EUG",
        "METHOD": "SURV",
        "FCLASS": "LOCAL",
        "PAVED": "Y",
        "DIR": " ",
        "NAME": "VAN BUREN",
        "TYPE": "ST",
        "SPEED": 20,
        "AIRSSPEED": 20,
        "ONEWAY": "BW",
        "TRAFFLOW": "BW",
        "AIRSNAME": "VAN BUREN ST",
        "F_ZLEV": 5,
        "T_ZLEV": 5,
        "L_LADD": 901,
        "L_HADD": 949,
        "R_LADD": 900,
        "R_HADD": 948,
        "SNOWROUTE": null,
        "EVAC": " ",
        "LCPWID": 0,
        "OBJECTID": 2888,
        "ER_ROUTES": 5,
        "ACCESS_CNT": " ",
        "Shape.STLength()": 201.41790088946067,
        "ROW_Width_Max": 66,
        "ROW_Width_Min": 0,
        "created_user": null,
        "created_date": null,
        "last_edited_user": "PWE_GDB_TRANSPORT_ADMIN",
        "last_edited_date": 1717002004000,
        "GlobalID": "{89817A22-EFC5-42F3-B905-2FF4148F99E9}",
        "layer": "roads",
        "source": "city-of-eugene-gis"
      }
    },
    {
      "type": "Feature",
      "id": "roads_254",
      "geometry": {
        "type": "LineString",
        "coordinates": [
          [
            -123.1079497086074,
            44.049926903928665
          ],
          [
            -123.10795057905274,
            44.049374392325646
          ]
        ]
      },
      "properties": {
        "SEG_ID": 20002538,
        "EUGID": 2538,
        "OWNER": "EUG",
        "MAINT": "EUG",
        "SOURCE": "EUG",
        "METHOD": "SURV",
        "FCLASS": "LOCAL",
        "PAVED": "Y",
        "DIR": " ",
        "NAME": "JACKSON",
        "TYPE": "ST",
        "SPEED": 20,
        "AIRSSPEED": 20,
        "ONEWAY": "BW",
        "TRAFFLOW": "BW",
        "AIRSNAME": "JACKSON ST",
        "F_ZLEV": 5,
        "T_ZLEV": 5,
        "L_LADD": 901,
        "L_HADD": 949,
        "R_LADD": 900,
        "R_HADD": 948,
        "SNOWROUTE": null,
        "EVAC": " ",
        "LCPWID": 0,
        "OBJECTID": 2889,
        "ER_ROUTES": 5,
        "ACCESS_CNT": " ",
        "Shape.STLength()": 201.41790088946067,
        "ROW_Width_Max": 66,
        "ROW_Width_Min": 0,
        "created_user": null,
        "created_date": null,
        "last_edited_user": "PWE_GDB_TRANSPORT_ADMIN",
        "last_edited_date": 1717002004000,
        "GlobalID": "{B18690F1-5BB5-475E-804B-BE8E4DF5DCA4}",
        "layer": "roads",
        "source": "city-of-eugene-gis"
      }
    },
    {
      "type": "Feature",
      "id": "roads_255",
      "geometry": {
        "type": "LineString",
        "coordinates": [
          [
            -123.10642848888267,
            44.04992470458199
          ],
          [
            -123.1064293881529,
            44.049372538411596
          ]
        ]
      },
      "properties": {
        "SEG_ID": 20000006,
        "EUGID": 6,
        "OWNER": "EUG",
        "MAINT": "EUG",
        "SOURCE": "EUG",
        "METHOD": "SURV",
        "FCLASS": "LOCAL",
        "PAVED": "Y",
        "DIR": " ",
        "NAME": "ADAMS",
        "TYPE": "ST",
        "SPEED": 20,
        "AIRSSPEED": 20,
        "ONEWAY": "BW",
        "TRAFFLOW": "BW",
        "AIRSNAME": "ADAMS ST",
        "F_ZLEV": 5,
        "T_ZLEV": 5,
        "L_LADD": 901,
        "L_HADD": 949,
        "R_LADD": 900,
        "R_HADD": 948,
        "SNOWROUTE": null,
        "EVAC": " ",
        "LCPWID": 0,
        "OBJECTID": 2890,
        "ER_ROUTES": 5,
        "ACCESS_CNT": " ",
        "Shape.STLength()": 201.29198229760487,
        "ROW_Width_Max": 66,
        "ROW_Width_Min": 0,
        "created_user": null,
        "created_date": null,
        "last_edited_user": "PWE_GDB_TRANSPORT_ADMIN",
        "last_edited_date": 1717002004000,
        "GlobalID": "{2BD6E6A3-5E0E-4070-8172-D20641AE6752}",
        "layer": "roads",
        "source": "city-of-eugene-gis"
      }
    },
    {
      "type": "Feature",
      "id": "roads_256",
      "geometry": {
        "type": "LineString",
        "coordinates": [
          [
            -123.1064293881529,
            44.049372538411596
          ],
          [
            -123.1064156361704,
            44.04915311896209
          ],
          [
            -123.10642239536729,
            44.04904524783482
          ],
          [
            -123.10641358638972,
            44.04892932276759
          ],
          [
            -123.10643489712618,
            44.048872069949816
          ],
          [
            -123.10646906179399,
            44.04884814521645
          ]
        ]
      },
      "properties": {
        "SEG_ID": 20050406,
        "EUGID": 50406,
        "OWNER": "EUG",
        "MAINT": "EUG",
        "SOURCE": "EUG",
        "METHOD": "SURV",
        "FCLASS": "LOCAL",
        "PAVED": "Y",
        "DIR": " ",
        "NAME": "ADAMS",
        "TYPE": "ST",
        "SPEED": 20,
        "AIRSSPEED": 20,
        "ONEWAY": "BW",
        "TRAFFLOW": "BW",
        "AIRSNAME": "ADAMS ST",
        "F_ZLEV": 5,
        "T_ZLEV": 5,
        "L_LADD": 951,
        "L_HADD": 999,
        "R_LADD": 950,
        "R_HADD": 998,
        "SNOWROUTE": null,
        "EVAC": " ",
        "LCPWID": 0,
        "OBJECTID": 2891,
        "ER_ROUTES": 5,
        "ACCESS_CNT": " ",
        "Shape.STLength()": 195.8901983654886,
        "ROW_Width_Max": 66,
        "ROW_Width_Min": 0,
        "created_user": null,
        "created_date": null,
        "last_edited_user": "PWE_GDB_TRANSPORT_ADMIN",
        "last_edited_date": 1717002004000,
        "GlobalID": "{1158DCC7-27B1-4FA5-8E3C-F0BD48FD6B69}",
        "layer": "roads",
        "source": "city-of-eugene-gis"
      }
    },
    {
      "type": "Feature",
      "id": "roads_257",
      "geometry": {
        "type": "LineString",
        "coordinates": [
          [
            -123.11102830502432,
            44.049909324870136
          ],
          [
            -123.11100543397745,
            44.049897489311434
          ],
          [
            -123.11099784676176,
            44.049887025245
          ],
          [
            -123.11099485586936,
            44.04987285705733
          ],
          [
            -123.11099488414943,
            44.0493785130471
          ]
        ]
      },
      "properties": {
        "SEG_ID": 20004648,
        "EUGID": 4648,
        "OWNER": "EUG",
        "MAINT": "EUG",
        "SOURCE": "EUG",
        "METHOD": "SURV",
        "FCLASS": "LOCAL",
        "PAVED": "Y",
        "DIR": " ",
        "NAME": "TYLER",
        "TYPE": "ST",
        "SPEED": 20,
        "AIRSSPEED": 20,
        "ONEWAY": "BW",
        "TRAFFLOW": "BW",
        "AIRSNAME": "TYLER ST",
        "F_ZLEV": 5,
        "T_ZLEV": 5,
        "L_LADD": 901,
        "L_HADD": 949,
        "R_LADD": 900,
        "R_HADD": 948,
        "SNOWROUTE": null,
        "EVAC": " ",
        "LCPWID": 0,
        "OBJECTID": 2892,
        "ER_ROUTES": 5,
        "ACCESS_CNT": " ",
        "Shape.STLength()": 197.14328988705142,
        "ROW_Width_Max": 66,
        "ROW_Width_Min": 0,
        "created_user": null,
        "created_date": null,
        "last_edited_user": "PWE_GDB_TRANSPORT_ADMIN",
        "last_edited_date": 1717002004000,
        "GlobalID": "{DC68ED35-DD05-431E-A6B8-72A2C0B356FC}",
        "layer": "roads",
        "source": "city-of-eugene-gis"
      }
    },
    {
      "type": "Feature",
      "id": "roads_258",
      "geometry": {
        "type": "LineString",
        "coordinates": [
          [
            -123.11403805585356,
            44.054355513990224
          ],
          [
            -123.11519322954389,
            44.054349393546076
          ],
          [
            -123.11539115912989,
            44.05435042336681
          ],
          [
            -123.11545345750861,
            44.054361026750875
          ],
          [
            -123.11550393475859,
            44.05437326865959
          ],
          [
            -123.11552521552969,
            44.054392343364626
          ]
        ]
      },
      "properties": {
        "SEG_ID": 20005234,
        "EUGID": 5234,
        "OWNER": "EUG",
        "MAINT": "EUG",
        "SOURCE": "EUG",
        "METHOD": "SURV",
        "FCLASS": "LOCAL",
        "PAVED": "Y",
        "DIR": "W",
        "NAME": "5TH",
        "TYPE": "AVE",
        "SPEED": 20,
        "AIRSSPEED": 20,
        "ONEWAY": "BW",
        "TRAFFLOW": "BW",
        "AIRSNAME": "W 5TH AVE",
        "F_ZLEV": 5,
        "T_ZLEV": 5,
        "L_LADD": 1400,
        "L_HADD": 1498,
        "R_LADD": 1401,
        "R_HADD": 1499,
        "SNOWROUTE": null,
        "EVAC": " ",
        "LCPWID": 0,
        "OBJECTID": 2893,
        "ER_ROUTES": 5,
        "ACCESS_CNT": " ",
        "Shape.STLength()": 395.5047843080174,
        "ROW_Width_Max": 66,
        "ROW_Width_Min": 0,
        "created_user": null,
        "created_date": null,
        "last_edited_user": "PWE_GDB_TRANSPORT_ADMIN",
        "last_edited_date": 1717002004000,
        "GlobalID": "{7B67BD4E-EC24-4F8D-AC0F-316E4D1A2F78}",
        "layer": "roads",
        "source": "city-of-eugene-gis"
      }
    },
    {
      "type": "Feature",
      "id": "roads_259",
      "geometry": {
        "type": "LineString",
        "coordinates": [
          [
            -123.11555554942022,
            44.054905900252706
          ],
          [
            -123.11555897046811,
            44.05444681479816
          ],
          [
            -123.11554689730299,
            44.05440969375289
          ],
          [
            -123.11552521552969,
            44.054392343364626
          ]
        ]
      },
      "properties": {
        "SEG_ID": 20050349,
        "EUGID": 50349,
        "OWNER": "EUG",
        "MAINT": "EUG",
        "SOURCE": "EUG",
        "METHOD": "SURV",
        "FCLASS": "LOCAL",
        "PAVED": "Y",
        "DIR": " ",
        "NAME": "ALMADEN",
        "TYPE": "ST",
        "SPEED": 20,
        "AIRSSPEED": 20,
        "ONEWAY": "BW",
        "TRAFFLOW": "BW",
        "AIRSNAME": "ALMADEN ST",
        "F_ZLEV": 5,
        "T_ZLEV": 5,
        "L_LADD": 451,
        "L_HADD": 499,
        "R_LADD": 450,
        "R_HADD": 498,
        "SNOWROUTE": null,
        "EVAC": " ",
        "LCPWID": 0,
        "OBJECTID": 2894,
        "ER_ROUTES": 5,
        "ACCESS_CNT": " ",
        "Shape.STLength()": 189.7765626344586,
        "ROW_Width_Max": 66,
        "ROW_Width_Min": 0,
        "created_user": null,
        "created_date": null,
        "last_edited_user": "PWE_GDB_TRANSPORT_ADMIN",
        "last_edited_date": 1717002004000,
        "GlobalID": "{B8A1B308-6E50-4C73-9160-191DFD46D55D}",
        "layer": "roads",
        "source": "city-of-eugene-gis"
      }
    },
    {
      "type": "Feature",
      "id": "roads_260",
      "geometry": {
        "type": "LineString",
        "coordinates": [
          [
            -123.11403937875767,
            44.048277219636134
          ],
          [
            -123.1140397332613,
            44.0477250637053
          ]
        ]
      },
      "properties": {
        "SEG_ID": 20050366,
        "EUGID": 50366,
        "OWNER": "EUG",
        "MAINT": "EUG",
        "SOURCE": "EUG",
        "METHOD": "SURV",
        "FCLASS": "LOCAL",
        "PAVED": "Y",
        "DIR": " ",
        "NAME": "TAYLOR",
        "TYPE": "ST",
        "SPEED": 20,
        "AIRSSPEED": 20,
        "ONEWAY": "BW",
        "TRAFFLOW": "BW",
        "AIRSNAME": "TAYLOR ST",
        "F_ZLEV": 5,
        "T_ZLEV": 5,
        "L_LADD": 1051,
        "L_HADD": 1099,
        "R_LADD": 1050,
        "R_HADD": 1098,
        "SNOWROUTE": null,
        "EVAC": " ",
        "LCPWID": 0,
        "OBJECTID": 2895,
        "ER_ROUTES": 5,
        "ACCESS_CNT": " ",
        "Shape.STLength()": 201.28798464463614,
        "ROW_Width_Max": 66,
        "ROW_Width_Min": 0,
        "created_user": null,
        "created_date": null,
        "last_edited_user": "PWE_GDB_TRANSPORT_ADMIN",
        "last_edited_date": 1717005524000,
        "GlobalID": "{BBD47E96-4A64-4FF9-BCB7-10E633B59007}",
        "layer": "roads",
        "source": "city-of-eugene-gis"
      }
    },
    {
      "type": "Feature",
      "id": "roads_261",
      "geometry": {
        "type": "LineString",
        "coordinates": [
          [
            -123.11403855654622,
            44.04882955884269
          ],
          [
            -123.11403937875767,
            44.048277219636134
          ]
        ]
      },
      "properties": {
        "SEG_ID": 20004550,
        "EUGID": 4550,
        "OWNER": "EUG",
        "MAINT": "EUG",
        "SOURCE": "EUG",
        "METHOD": "SURV",
        "FCLASS": "LOCAL",
        "PAVED": "Y",
        "DIR": " ",
        "NAME": "TAYLOR",
        "TYPE": "ST",
        "SPEED": 20,
        "AIRSSPEED": 20,
        "ONEWAY": "BW",
        "TRAFFLOW": "BW",
        "AIRSNAME": "TAYLOR ST",
        "F_ZLEV": 5,
        "T_ZLEV": 5,
        "L_LADD": 1001,
        "L_HADD": 1049,
        "R_LADD": 1000,
        "R_HADD": 1048,
        "SNOWROUTE": null,
        "EVAC": " ",
        "LCPWID": 0,
        "OBJECTID": 2896,
        "ER_ROUTES": 5,
        "ACCESS_CNT": " ",
        "Shape.STLength()": 201.35494158326486,
        "ROW_Width_Max": 66,
        "ROW_Width_Min": 0,
        "created_user": null,
        "created_date": null,
        "last_edited_user": "PWE_GDB_TRANSPORT_ADMIN",
        "last_edited_date": 1717005524000,
        "GlobalID": "{82A42AD3-80CE-4640-BF27-6CAFD12D082C}",
        "layer": "roads",
        "source": "city-of-eugene-gis"
      }
    },
    {
      "type": "Feature",
      "id": "roads_262",
      "geometry": {
        "type": "LineString",
        "coordinates": [
          [
            -123.11251727978485,
            44.048275809600455
          ],
          [
            -123.11251808624388,
            44.04772278482368
          ]
        ]
      },
      "properties": {
        "SEG_ID": 20050369,
        "EUGID": 50369,
        "OWNER": "EUG",
        "MAINT": "EUG",
        "SOURCE": "EUG",
        "METHOD": "SURV",
        "FCLASS": "MAJCOLL",
        "PAVED": "Y",
        "DIR": " ",
        "NAME": "POLK",
        "TYPE": "ST",
        "SPEED": 25,
        "AIRSSPEED": 25,
        "ONEWAY": "BW",
        "TRAFFLOW": "BW",
        "AIRSNAME": "POLK ST",
        "F_ZLEV": 5,
        "T_ZLEV": 5,
        "L_LADD": 1051,
        "L_HADD": 1099,
        "R_LADD": 1050,
        "R_HADD": 1098,
        "SNOWROUTE": 2,
        "EVAC": " ",
        "LCPWID": 0,
        "OBJECTID": 2897,
        "ER_ROUTES": 4,
        "ACCESS_CNT": "Y",
        "Shape.STLength()": 201.6048114505207,
        "ROW_Width_Max": 66,
        "ROW_Width_Min": 0,
        "created_user": null,
        "created_date": null,
        "last_edited_user": "PWE_GDB_TRANSPORT_ADMIN",
        "last_edited_date": 1774886328000,
        "GlobalID": "{92928D67-7E61-4ED3-8199-F2C722FD9B36}",
        "layer": "roads",
        "source": "city-of-eugene-gis"
      }
    },
    {
      "type": "Feature",
      "id": "roads_263",
      "geometry": {
        "type": "LineString",
        "coordinates": [
          [
            -123.11099605713575,
            44.048272644621846
          ],
          [
            -123.11099694426663,
            44.0477211634565
          ]
        ]
      },
      "properties": {
        "SEG_ID": 20050378,
        "EUGID": 50378,
        "OWNER": "EUG",
        "MAINT": "EUG",
        "SOURCE": "EUG",
        "METHOD": "SURV",
        "FCLASS": "LOCAL",
        "PAVED": "Y",
        "DIR": " ",
        "NAME": "TYLER",
        "TYPE": "ST",
        "SPEED": 20,
        "AIRSSPEED": 20,
        "ONEWAY": "BW",
        "TRAFFLOW": "BW",
        "AIRSNAME": "TYLER ST",
        "F_ZLEV": 5,
        "T_ZLEV": 5,
        "L_LADD": 1051,
        "L_HADD": 1099,
        "R_LADD": 1050,
        "R_HADD": 1098,
        "SNOWROUTE": null,
        "EVAC": " ",
        "LCPWID": 0,
        "OBJECTID": 2898,
        "ER_ROUTES": 5,
        "ACCESS_CNT": " ",
        "Shape.STLength()": 201.0421128355009,
        "ROW_Width_Max": 66,
        "ROW_Width_Min": 0,
        "created_user": null,
        "created_date": null,
        "last_edited_user": "PWE_GDB_TRANSPORT_ADMIN",
        "last_edited_date": 1717002004000,
        "GlobalID": "{E03D73FE-AEF0-48EC-8A14-D29400F6CCED}",
        "layer": "roads",
        "source": "city-of-eugene-gis"
      }
    },
    {
      "type": "Feature",
      "id": "roads_264",
      "geometry": {
        "type": "LineString",
        "coordinates": [
          [
            -123.11251640664328,
            44.048827293339905
          ],
          [
            -123.11251727978485,
            44.048275809600455
          ]
        ]
      },
      "properties": {
        "SEG_ID": 20003971,
        "EUGID": 3971,
        "OWNER": "EUG",
        "MAINT": "EUG",
        "SOURCE": "EUG",
        "METHOD": "SURV",
        "FCLASS": "MAJCOLL",
        "PAVED": "Y",
        "DIR": " ",
        "NAME": "POLK",
        "TYPE": "ST",
        "SPEED": 25,
        "AIRSSPEED": 25,
        "ONEWAY": "BW",
        "TRAFFLOW": "BW",
        "AIRSNAME": "POLK ST",
        "F_ZLEV": 5,
        "T_ZLEV": 5,
        "L_LADD": 1001,
        "L_HADD": 1049,
        "R_LADD": 1000,
        "R_HADD": 1048,
        "SNOWROUTE": 2,
        "EVAC": " ",
        "LCPWID": 0,
        "OBJECTID": 2899,
        "ER_ROUTES": 4,
        "ACCESS_CNT": "Y",
        "Shape.STLength()": 201.04309657290423,
        "ROW_Width_Max": 66,
        "ROW_Width_Min": 0,
        "created_user": null,
        "created_date": null,
        "last_edited_user": "PWE_GDB_TRANSPORT_ADMIN",
        "last_edited_date": 1774886329000,
        "GlobalID": "{76D45AE0-1A25-4A7C-926F-EBD25F337DD6}",
        "layer": "roads",
        "source": "city-of-eugene-gis"
      }
    },
    {
      "type": "Feature",
      "id": "roads_265",
      "geometry": {
        "type": "LineString",
        "coordinates": [
          [
            -123.10947493832107,
            44.048271858773305
          ],
          [
            -123.1094757947914,
            44.04771934675211
          ]
        ]
      },
      "properties": {
        "SEG_ID": 20050385,
        "EUGID": 50385,
        "OWNER": "EUG",
        "MAINT": "EUG",
        "SOURCE": "EUG",
        "METHOD": "SURV",
        "FCLASS": "LOCAL",
        "PAVED": "Y",
        "DIR": " ",
        "NAME": "VAN BUREN",
        "TYPE": "ST",
        "SPEED": 20,
        "AIRSSPEED": 20,
        "ONEWAY": "BW",
        "TRAFFLOW": "BW",
        "AIRSNAME": "VAN BUREN ST",
        "F_ZLEV": 5,
        "T_ZLEV": 5,
        "L_LADD": 1051,
        "L_HADD": 1099,
        "R_LADD": 1050,
        "R_HADD": 1098,
        "SNOWROUTE": null,
        "EVAC": " ",
        "LCPWID": 0,
        "OBJECTID": 2900,
        "ER_ROUTES": 5,
        "ACCESS_CNT": " ",
        "Shape.STLength()": 201.41790088946067,
        "ROW_Width_Max": 66,
        "ROW_Width_Min": 0,
        "created_user": null,
        "created_date": null,
        "last_edited_user": "PWE_GDB_TRANSPORT_ADMIN",
        "last_edited_date": 1717002004000,
        "GlobalID": "{5D6E4E09-96EE-49FD-84B2-0E350709E2D2}",
        "layer": "roads",
        "source": "city-of-eugene-gis"
      }
    },
    {
      "type": "Feature",
      "id": "roads_266",
      "geometry": {
        "type": "LineString",
        "coordinates": [
          [
            -123.11099525155375,
            44.04882601197529
          ],
          [
            -123.11099605713575,
            44.048272644621846
          ]
        ]
      },
      "properties": {
        "SEG_ID": 20004649,
        "EUGID": 4649,
        "OWNER": "EUG",
        "MAINT": "EUG",
        "SOURCE": "EUG",
        "METHOD": "SURV",
        "FCLASS": "LOCAL",
        "PAVED": "Y",
        "DIR": " ",
        "NAME": "TYLER",
        "TYPE": "ST",
        "SPEED": 20,
        "AIRSSPEED": 20,
        "ONEWAY": "BW",
        "TRAFFLOW": "BW",
        "AIRSNAME": "TYLER ST",
        "F_ZLEV": 5,
        "T_ZLEV": 5,
        "L_LADD": 1001,
        "L_HADD": 1049,
        "R_LADD": 1000,
        "R_HADD": 1048,
        "SNOWROUTE": null,
        "EVAC": " ",
        "LCPWID": 0,
        "OBJECTID": 2901,
        "ER_ROUTES": 5,
        "ACCESS_CNT": " ",
        "Shape.STLength()": 201.7297465050705,
        "ROW_Width_Max": 66,
        "ROW_Width_Min": 0,
        "created_user": null,
        "created_date": null,
        "last_edited_user": "PWE_GDB_TRANSPORT_ADMIN",
        "last_edited_date": 1717002004000,
        "GlobalID": "{4A017752-C7AC-4C21-ABAD-FF3DB15908E8}",
        "layer": "roads",
        "source": "city-of-eugene-gis"
      }
    },
    {
      "type": "Feature",
      "id": "roads_267",
      "geometry": {
        "type": "LineString",
        "coordinates": [
          [
            -123.10795279518688,
            44.04826936073464
          ],
          [
            -123.10795367303929,
            44.04771702143503
          ]
        ]
      },
      "properties": {
        "SEG_ID": 20050412,
        "EUGID": 50412,
        "OWNER": "EUG",
        "MAINT": "EUG",
        "SOURCE": "EUG",
        "METHOD": "SURV",
        "FCLASS": "LOCAL",
        "PAVED": "Y",
        "DIR": " ",
        "NAME": "JACKSON",
        "TYPE": "ST",
        "SPEED": 20,
        "AIRSSPEED": 20,
        "ONEWAY": "BW",
        "TRAFFLOW": "BW",
        "AIRSNAME": "JACKSON ST",
        "F_ZLEV": 5,
        "T_ZLEV": 5,
        "L_LADD": 1051,
        "L_HADD": 1099,
        "R_LADD": 1050,
        "R_HADD": 1098,
        "SNOWROUTE": null,
        "EVAC": " ",
        "LCPWID": 0,
        "OBJECTID": 2902,
        "ER_ROUTES": 5,
        "ACCESS_CNT": " ",
        "Shape.STLength()": 201.35494158326486,
        "ROW_Width_Max": 66,
        "ROW_Width_Min": 0,
        "created_user": null,
        "created_date": null,
        "last_edited_user": "PWE_GDB_TRANSPORT_ADMIN",
        "last_edited_date": 1717002004000,
        "GlobalID": "{93B8ED8E-921A-435F-8B11-08630D468870}",
        "layer": "roads",
        "source": "city-of-eugene-gis"
      }
    },
    {
      "type": "Feature",
      "id": "roads_268",
      "geometry": {
        "type": "LineString",
        "coordinates": [
          [
            -123.10947408183509,
            44.04882437065872
          ],
          [
            -123.10947493832107,
            44.048271858773305
          ]
        ]
      },
      "properties": {
        "SEG_ID": 20004744,
        "EUGID": 4744,
        "OWNER": "EUG",
        "MAINT": "EUG",
        "SOURCE": "EUG",
        "METHOD": "SURV",
        "FCLASS": "LOCAL",
        "PAVED": "Y",
        "DIR": " ",
        "NAME": "VAN BUREN",
        "TYPE": "ST",
        "SPEED": 20,
        "AIRSSPEED": 20,
        "ONEWAY": "BW",
        "TRAFFLOW": "BW",
        "AIRSNAME": "VAN BUREN ST",
        "F_ZLEV": 5,
        "T_ZLEV": 5,
        "L_LADD": 1001,
        "L_HADD": 1049,
        "R_LADD": 1000,
        "R_HADD": 1048,
        "SNOWROUTE": null,
        "EVAC": " ",
        "LCPWID": 0,
        "OBJECTID": 2903,
        "ER_ROUTES": 5,
        "ACCESS_CNT": " ",
        "Shape.STLength()": 201.41790088946067,
        "ROW_Width_Max": 66,
        "ROW_Width_Min": 0,
        "created_user": null,
        "created_date": null,
        "last_edited_user": "PWE_GDB_TRANSPORT_ADMIN",
        "last_edited_date": 1717002004000,
        "GlobalID": "{6853A6F3-F11F-4A91-94B8-0060AC6CE993}",
        "layer": "roads",
        "source": "city-of-eugene-gis"
      }
    },
    {
      "type": "Feature",
      "id": "roads_269",
      "geometry": {
        "type": "LineString",
        "coordinates": [
          [
            -123.10795146428423,
            44.048822223309735
          ],
          [
            -123.10795279518688,
            44.04826936073464
          ]
        ]
      },
      "properties": {
        "SEG_ID": 20002546,
        "EUGID": 2546,
        "OWNER": "EUG",
        "MAINT": "EUG",
        "SOURCE": "EUG",
        "METHOD": "SURV",
        "FCLASS": "LOCAL",
        "PAVED": "Y",
        "DIR": " ",
        "NAME": "JACKSON",
        "TYPE": "ST",
        "SPEED": 20,
        "AIRSSPEED": 20,
        "ONEWAY": "BW",
        "TRAFFLOW": "BW",
        "AIRSNAME": "JACKSON ST",
        "F_ZLEV": 5,
        "T_ZLEV": 5,
        "L_LADD": 1001,
        "L_HADD": 1049,
        "R_LADD": 1000,
        "R_HADD": 1048,
        "SNOWROUTE": null,
        "EVAC": " ",
        "LCPWID": 0,
        "OBJECTID": 2904,
        "ER_ROUTES": 5,
        "ACCESS_CNT": " ",
        "Shape.STLength()": 201.5459222267627,
        "ROW_Width_Max": 66,
        "ROW_Width_Min": 0,
        "created_user": null,
        "created_date": null,
        "last_edited_user": "PWE_GDB_TRANSPORT_ADMIN",
        "last_edited_date": 1717002004000,
        "GlobalID": "{A2AD0D36-AF76-49A5-879A-2609A0C57A44}",
        "layer": "roads",
        "source": "city-of-eugene-gis"
      }
    },
    {
      "type": "Feature",
      "id": "roads_270",
      "geometry": {
        "type": "LineString",
        "coordinates": [
          [
            -123.10491092952927,
            44.04826527964789
          ],
          [
            -123.1049113600257,
            44.04771295103424
          ]
        ]
      },
      "properties": {
        "SEG_ID": 20050402,
        "EUGID": 50402,
        "OWNER": "EUG",
        "MAINT": "EUG",
        "SOURCE": "EUG",
        "METHOD": "SURV",
        "FCLASS": "MINCOLL",
        "PAVED": "Y",
        "DIR": " ",
        "NAME": "MONROE",
        "TYPE": "ST",
        "SPEED": 25,
        "AIRSSPEED": 25,
        "ONEWAY": "BW",
        "TRAFFLOW": "BW",
        "AIRSNAME": "MONROE ST",
        "F_ZLEV": 5,
        "T_ZLEV": 5,
        "L_LADD": 1051,
        "L_HADD": 1099,
        "R_LADD": 1050,
        "R_HADD": 1098,
        "SNOWROUTE": null,
        "EVAC": " ",
        "LCPWID": 0,
        "OBJECTID": 2905,
        "ER_ROUTES": 4,
        "ACCESS_CNT": "Y",
        "Shape.STLength()": 201.35094518029956,
        "ROW_Width_Max": 66,
        "ROW_Width_Min": 0,
        "created_user": null,
        "created_date": null,
        "last_edited_user": "CEWEMVM",
        "last_edited_date": 1518089072000,
        "GlobalID": "{1E5814CA-56EF-4B6A-B413-EAE29280A4EB}",
        "layer": "roads",
        "source": "city-of-eugene-gis"
      }
    },
    {
      "type": "Feature",
      "id": "roads_271",
      "geometry": {
        "type": "LineString",
        "coordinates": [
          [
            -123.10491051380986,
            44.04881795084922
          ],
          [
            -123.10491092952927,
            44.04826527964789
          ]
        ]
      },
      "properties": {
        "SEG_ID": 20003346,
        "EUGID": 3346,
        "OWNER": "EUG",
        "MAINT": "EUG",
        "SOURCE": "EUG",
        "METHOD": "SURV",
        "FCLASS": "MINCOLL",
        "PAVED": "Y",
        "DIR": " ",
        "NAME": "MONROE",
        "TYPE": "ST",
        "SPEED": 25,
        "AIRSSPEED": 25,
        "ONEWAY": "BW",
        "TRAFFLOW": "BW",
        "AIRSNAME": "MONROE ST",
        "F_ZLEV": 5,
        "T_ZLEV": 5,
        "L_LADD": 1001,
        "L_HADD": 1049,
        "R_LADD": 1000,
        "R_HADD": 1048,
        "SNOWROUTE": null,
        "EVAC": " ",
        "LCPWID": 0,
        "OBJECTID": 2906,
        "ER_ROUTES": 4,
        "ACCESS_CNT": "Y",
        "Shape.STLength()": 201.47588255173372,
        "ROW_Width_Max": 66,
        "ROW_Width_Min": 0,
        "created_user": null,
        "created_date": null,
        "last_edited_user": "CEWEMVM",
        "last_edited_date": 1518089072000,
        "GlobalID": "{4B219384-C144-4073-9D04-2310D053CC51}",
        "layer": "roads",
        "source": "city-of-eugene-gis"
      }
    },
    {
      "type": "Feature",
      "id": "roads_272",
      "geometry": {
        "type": "LineString",
        "coordinates": [
          [
            -123.11581681739611,
            44.0471788480548
          ],
          [
            -123.11580829826985,
            44.04663083526216
          ]
        ]
      },
      "properties": {
        "SEG_ID": 20050353,
        "EUGID": 50353,
        "OWNER": "EUG",
        "MAINT": "EUG",
        "SOURCE": "EUG",
        "METHOD": "SURV",
        "FCLASS": "LOCAL",
        "PAVED": "Y",
        "DIR": " ",
        "NAME": "ALMADEN",
        "TYPE": "ST",
        "SPEED": 20,
        "AIRSSPEED": 20,
        "ONEWAY": "BW",
        "TRAFFLOW": "BW",
        "AIRSNAME": "ALMADEN ST",
        "F_ZLEV": 5,
        "T_ZLEV": 5,
        "L_LADD": 1151,
        "L_HADD": 1199,
        "R_LADD": 1150,
        "R_HADD": 1198,
        "SNOWROUTE": null,
        "EVAC": " ",
        "LCPWID": 0,
        "OBJECTID": 2907,
        "ER_ROUTES": 5,
        "ACCESS_CNT": " ",
        "Shape.STLength()": 199.7900460483455,
        "ROW_Width_Max": 66,
        "ROW_Width_Min": 0,
        "created_user": null,
        "created_date": null,
        "last_edited_user": "PWE_GDB_TRANSPORT_ADMIN",
        "last_edited_date": 1715210265000,
        "GlobalID": "{5A60EDA7-0174-4B1A-9E82-C2B4C5CC82A1}",
        "layer": "roads",
        "source": "city-of-eugene-gis"
      }
    },
    {
      "type": "Feature",
      "id": "roads_273",
      "geometry": {
        "type": "LineString",
        "coordinates": [
          [
            -123.11582486887265,
            44.04772704143339
          ],
          [
            -123.11581681739611,
            44.0471788480548
          ]
        ]
      },
      "properties": {
        "SEG_ID": 20000158,
        "EUGID": 158,
        "OWNER": "EUG",
        "MAINT": "EUG",
        "SOURCE": "EUG",
        "METHOD": "SURV",
        "FCLASS": "LOCAL",
        "PAVED": "Y",
        "DIR": " ",
        "NAME": "ALMADEN",
        "TYPE": "ST",
        "SPEED": 20,
        "AIRSSPEED": 20,
        "ONEWAY": "BW",
        "TRAFFLOW": "BW",
        "AIRSNAME": "ALMADEN ST",
        "F_ZLEV": 5,
        "T_ZLEV": 5,
        "L_LADD": 1101,
        "L_HADD": 1149,
        "R_LADD": 1100,
        "R_HADD": 1148,
        "SNOWROUTE": null,
        "EVAC": " ",
        "LCPWID": 0,
        "OBJECTID": 2908,
        "ER_ROUTES": 5,
        "ACCESS_CNT": " ",
        "Shape.STLength()": 199.85458242343537,
        "ROW_Width_Max": 66,
        "ROW_Width_Min": 0,
        "created_user": null,
        "created_date": null,
        "last_edited_user": "PWE_GDB_TRANSPORT_ADMIN",
        "last_edited_date": 1715210265000,
        "GlobalID": "{6A31C2DB-CD30-414F-A208-ADBAB39A8032}",
        "layer": "roads",
        "source": "city-of-eugene-gis"
      }
    },
    {
      "type": "Feature",
      "id": "roads_274",
      "geometry": {
        "type": "LineString",
        "coordinates": [
          [
            -123.11099795716791,
            44.04717259125189
          ],
          [
            -123.11099944544542,
            44.046624013622264
          ]
        ]
      },
      "properties": {
        "SEG_ID": 20050379,
        "EUGID": 50379,
        "OWNER": "EUG",
        "MAINT": "EUG",
        "SOURCE": "EUG",
        "METHOD": "SURV",
        "FCLASS": "LOCAL",
        "PAVED": "Y",
        "DIR": " ",
        "NAME": "TYLER",
        "TYPE": "ST",
        "SPEED": 20,
        "AIRSSPEED": 20,
        "ONEWAY": "BW",
        "TRAFFLOW": "BW",
        "AIRSNAME": "TYLER ST",
        "F_ZLEV": 5,
        "T_ZLEV": 5,
        "L_LADD": 1151,
        "L_HADD": 1199,
        "R_LADD": 1150,
        "R_HADD": 1198,
        "SNOWROUTE": null,
        "EVAC": " ",
        "LCPWID": 0,
        "OBJECTID": 2909,
        "ER_ROUTES": 5,
        "ACCESS_CNT": " ",
        "Shape.STLength()": 199.98378133299798,
        "ROW_Width_Max": 66,
        "ROW_Width_Min": 0,
        "created_user": null,
        "created_date": null,
        "last_edited_user": "PWE_GDB_TRANSPORT_ADMIN",
        "last_edited_date": 1717001122000,
        "GlobalID": "{66A91BAD-1A0B-45AC-B2B1-F66A13AED3DD}",
        "layer": "roads",
        "source": "city-of-eugene-gis"
      }
    },
    {
      "type": "Feature",
      "id": "roads_275",
      "geometry": {
        "type": "LineString",
        "coordinates": [
          [
            -123.11251861028214,
            44.047174225999655
          ],
          [
            -123.11251865914986,
            44.046625677736614
          ]
        ]
      },
      "properties": {
        "SEG_ID": 20050368,
        "EUGID": 50368,
        "OWNER": "EUG",
        "MAINT": "EUG",
        "SOURCE": "EUG",
        "METHOD": "SURV",
        "FCLASS": "MAJCOLL",
        "PAVED": "Y",
        "DIR": " ",
        "NAME": "POLK",
        "TYPE": "ST",
        "SPEED": 25,
        "AIRSSPEED": 25,
        "ONEWAY": "BW",
        "TRAFFLOW": "BW",
        "AIRSNAME": "POLK ST",
        "F_ZLEV": 5,
        "T_ZLEV": 5,
        "L_LADD": 1151,
        "L_HADD": 1199,
        "R_LADD": 1150,
        "R_HADD": 1198,
        "SNOWROUTE": 2,
        "EVAC": " ",
        "LCPWID": 0,
        "OBJECTID": 2910,
        "ER_ROUTES": 4,
        "ACCESS_CNT": "Y",
        "Shape.STLength()": 199.9726934483806,
        "ROW_Width_Max": 66,
        "ROW_Width_Min": 0,
        "created_user": null,
        "created_date": null,
        "last_edited_user": "PWE_GDB_TRANSPORT_ADMIN",
        "last_edited_date": 1774886330000,
        "GlobalID": "{BCA92117-BA8D-4D17-9CE9-299909668E41}",
        "layer": "roads",
        "source": "city-of-eugene-gis"
      }
    },
    {
      "type": "Feature",
      "id": "roads_276",
      "geometry": {
        "type": "LineString",
        "coordinates": [
          [
            -123.10947728944268,
            44.04717059656454
          ],
          [
            -123.10947831625211,
            44.046622026937705
          ]
        ]
      },
      "properties": {
        "SEG_ID": 20050386,
        "EUGID": 50386,
        "OWNER": "EUG",
        "MAINT": "EUG",
        "SOURCE": "EUG",
        "METHOD": "SURV",
        "FCLASS": "LOCAL",
        "PAVED": "Y",
        "DIR": " ",
        "NAME": "VAN BUREN",
        "TYPE": "ST",
        "SPEED": 20,
        "AIRSSPEED": 20,
        "ONEWAY": "BW",
        "TRAFFLOW": "BW",
        "AIRSNAME": "VAN BUREN ST",
        "F_ZLEV": 5,
        "T_ZLEV": 5,
        "L_LADD": 1151,
        "L_HADD": 1199,
        "R_LADD": 1150,
        "R_HADD": 1198,
        "SNOWROUTE": null,
        "EVAC": " ",
        "LCPWID": 0,
        "OBJECTID": 2911,
        "ER_ROUTES": 5,
        "ACCESS_CNT": " ",
        "Shape.STLength()": 199.98066312771343,
        "ROW_Width_Max": 66,
        "ROW_Width_Min": 0,
        "created_user": null,
        "created_date": null,
        "last_edited_user": "PWE_GDB_TRANSPORT_ADMIN",
        "last_edited_date": 1717001122000,
        "GlobalID": "{C21D06EC-498A-41DB-8AB8-4AD099FB2C6D}",
        "layer": "roads",
        "source": "city-of-eugene-gis"
      }
    },
    {
      "type": "Feature",
      "id": "roads_277",
      "geometry": {
        "type": "LineString",
        "coordinates": [
          [
            -123.10643264280816,
            44.047166962156645
          ],
          [
            -123.1064336751362,
            44.04661787982028
          ]
        ]
      },
      "properties": {
        "SEG_ID": 20050408,
        "EUGID": 50408,
        "OWNER": "EUG",
        "MAINT": "EUG",
        "SOURCE": "EUG",
        "METHOD": "SURV",
        "FCLASS": "LOCAL",
        "PAVED": "Y",
        "DIR": " ",
        "NAME": "ADAMS",
        "TYPE": "ST",
        "SPEED": 20,
        "AIRSSPEED": 20,
        "ONEWAY": "BW",
        "TRAFFLOW": "BW",
        "AIRSNAME": "ADAMS ST",
        "F_ZLEV": 5,
        "T_ZLEV": 5,
        "L_LADD": 1151,
        "L_HADD": 1199,
        "R_LADD": 1150,
        "R_HADD": 1198,
        "SNOWROUTE": null,
        "EVAC": " ",
        "LCPWID": 0,
        "OBJECTID": 2912,
        "ER_ROUTES": 5,
        "ACCESS_CNT": " ",
        "Shape.STLength()": 200.16757228527985,
        "ROW_Width_Max": 66,
        "ROW_Width_Min": 0,
        "created_user": null,
        "created_date": null,
        "last_edited_user": "PWE_GDB_TRANSPORT_ADMIN",
        "last_edited_date": 1715210265000,
        "GlobalID": "{68F773B7-8D17-4D81-A385-2E069488B423}",
        "layer": "roads",
        "source": "city-of-eugene-gis"
      }
    },
    {
      "type": "Feature",
      "id": "roads_278",
      "geometry": {
        "type": "LineString",
        "coordinates": [
          [
            -123.10795519632008,
            44.04716861398978
          ],
          [
            -123.10795623683579,
            44.046620041677365
          ]
        ]
      },
      "properties": {
        "SEG_ID": 20050413,
        "EUGID": 50413,
        "OWNER": "EUG",
        "MAINT": "EUG",
        "SOURCE": "EUG",
        "METHOD": "SURV",
        "FCLASS": "LOCAL",
        "PAVED": "Y",
        "DIR": " ",
        "NAME": "JACKSON",
        "TYPE": "ST",
        "SPEED": 20,
        "AIRSSPEED": 20,
        "ONEWAY": "BW",
        "TRAFFLOW": "BW",
        "AIRSNAME": "JACKSON ST",
        "F_ZLEV": 5,
        "T_ZLEV": 5,
        "L_LADD": 1151,
        "L_HADD": 1199,
        "R_LADD": 1150,
        "R_HADD": 1198,
        "SNOWROUTE": null,
        "EVAC": " ",
        "LCPWID": 0,
        "OBJECTID": 2913,
        "ER_ROUTES": 5,
        "ACCESS_CNT": " ",
        "Shape.STLength()": 199.9816468596385,
        "ROW_Width_Max": 66,
        "ROW_Width_Min": 0,
        "created_user": null,
        "created_date": null,
        "last_edited_user": "PWE_GDB_TRANSPORT_ADMIN",
        "last_edited_date": 1717001122000,
        "GlobalID": "{386A0D30-BCB5-4F11-84FB-9899D78574AE}",
        "layer": "roads",
        "source": "city-of-eugene-gis"
      }
    },
    {
      "type": "Feature",
      "id": "roads_279",
      "geometry": {
        "type": "LineString",
        "coordinates": [
          [
            -123.11099694426663,
            44.0477211634565
          ],
          [
            -123.11099795716791,
            44.04717259125189
          ]
        ]
      },
      "properties": {
        "SEG_ID": 20004650,
        "EUGID": 4650,
        "OWNER": "EUG",
        "MAINT": "EUG",
        "SOURCE": "EUG",
        "METHOD": "SURV",
        "FCLASS": "LOCAL",
        "PAVED": "Y",
        "DIR": " ",
        "NAME": "TYLER",
        "TYPE": "ST",
        "SPEED": 20,
        "AIRSSPEED": 20,
        "ONEWAY": "BW",
        "TRAFFLOW": "BW",
        "AIRSNAME": "TYLER ST",
        "F_ZLEV": 5,
        "T_ZLEV": 5,
        "L_LADD": 1101,
        "L_HADD": 1149,
        "R_LADD": 1100,
        "R_HADD": 1148,
        "SNOWROUTE": null,
        "EVAC": " ",
        "LCPWID": 0,
        "OBJECTID": 2914,
        "ER_ROUTES": 5,
        "ACCESS_CNT": " ",
        "Shape.STLength()": 199.9816468596385,
        "ROW_Width_Max": 66,
        "ROW_Width_Min": 0,
        "created_user": null,
        "created_date": null,
        "last_edited_user": "PWE_GDB_TRANSPORT_ADMIN",
        "last_edited_date": 1717001122000,
        "GlobalID": "{1B44F076-07AB-4E6B-BE77-AF0E7A5C578F}",
        "layer": "roads",
        "source": "city-of-eugene-gis"
      }
    },
    {
      "type": "Feature",
      "id": "roads_280",
      "geometry": {
        "type": "LineString",
        "coordinates": [
          [
            -123.10795367303929,
            44.04771702143503
          ],
          [
            -123.10795519632008,
            44.04716861398978
          ]
        ]
      },
      "properties": {
        "SEG_ID": 20002547,
        "EUGID": 2547,
        "OWNER": "EUG",
        "MAINT": "EUG",
        "SOURCE": "EUG",
        "METHOD": "SURV",
        "FCLASS": "LOCAL",
        "PAVED": "Y",
        "DIR": " ",
        "NAME": "JACKSON",
        "TYPE": "ST",
        "SPEED": 20,
        "AIRSSPEED": 20,
        "ONEWAY": "BW",
        "TRAFFLOW": "BW",
        "AIRSNAME": "JACKSON ST",
        "F_ZLEV": 5,
        "T_ZLEV": 5,
        "L_LADD": 1101,
        "L_HADD": 1149,
        "R_LADD": 1100,
        "R_HADD": 1148,
        "SNOWROUTE": null,
        "EVAC": " ",
        "LCPWID": 0,
        "OBJECTID": 2915,
        "ER_ROUTES": 5,
        "ACCESS_CNT": " ",
        "Shape.STLength()": 199.92180750394823,
        "ROW_Width_Max": 66,
        "ROW_Width_Min": 0,
        "created_user": null,
        "created_date": null,
        "last_edited_user": "PWE_GDB_TRANSPORT_ADMIN",
        "last_edited_date": 1717001122000,
        "GlobalID": "{4234C349-9674-4448-90F2-1157179DDD24}",
        "layer": "roads",
        "source": "city-of-eugene-gis"
      }
    },
    {
      "type": "Feature",
      "id": "roads_281",
      "geometry": {
        "type": "LineString",
        "coordinates": [
          [
            -123.11403753807592,
            44.05490389835576
          ],
          [
            -123.11555554942022,
            44.054905900252706
          ]
        ]
      },
      "properties": {
        "SEG_ID": 20023282,
        "EUGID": 23282,
        "OWNER": "EUG",
        "MAINT": "EUG",
        "SOURCE": "EUG",
        "METHOD": "DIG",
        "FCLASS": "LOCAL",
        "PAVED": "N",
        "DIR": "W",
        "NAME": "4TH",
        "TYPE": "ALY",
        "SPEED": 15,
        "AIRSSPEED": 5,
        "ONEWAY": "BW",
        "TRAFFLOW": "BW",
        "AIRSNAME": "W 4TH ALY",
        "F_ZLEV": 5,
        "T_ZLEV": 5,
        "L_LADD": 1400,
        "L_HADD": 1448,
        "R_LADD": 1401,
        "R_HADD": 1449,
        "SNOWROUTE": null,
        "EVAC": " ",
        "LCPWID": 0,
        "OBJECTID": 2916,
        "ER_ROUTES": 5,
        "ACCESS_CNT": " ",
        "Shape.STLength()": 399.0929575441228,
        "ROW_Width_Max": 14,
        "ROW_Width_Min": 0,
        "created_user": null,
        "created_date": null,
        "last_edited_user": "CEWEMVM",
        "last_edited_date": 1518089072000,
        "GlobalID": "{471F7F4F-2AB2-4BC4-9DBB-E931BCF13443}",
        "layer": "roads",
        "source": "city-of-eugene-gis"
      }
    },
    {
      "type": "Feature",
      "id": "roads_282",
      "geometry": {
        "type": "LineString",
        "coordinates": [
          [
            -123.11251609988697,
            44.05699939472619
          ],
          [
            -123.11403733427824,
            44.0570087194542
          ]
        ]
      },
      "properties": {
        "SEG_ID": 20023265,
        "EUGID": 23265,
        "OWNER": "EUG",
        "MAINT": "EUG",
        "SOURCE": "EUG",
        "METHOD": "DIG",
        "FCLASS": "LOCAL",
        "PAVED": "N",
        "DIR": "W",
        "NAME": "2ND",
        "TYPE": "ALY",
        "SPEED": 15,
        "AIRSSPEED": 5,
        "ONEWAY": "BW",
        "TRAFFLOW": "BW",
        "AIRSNAME": "W 2ND ALY",
        "F_ZLEV": 5,
        "T_ZLEV": 5,
        "L_LADD": 1300,
        "L_HADD": 1398,
        "R_LADD": 1301,
        "R_HADD": 1399,
        "SNOWROUTE": null,
        "EVAC": " ",
        "LCPWID": 0,
        "OBJECTID": 2917,
        "ER_ROUTES": 5,
        "ACCESS_CNT": " ",
        "Shape.STLength()": 399.9401908410806,
        "ROW_Width_Max": 14,
        "ROW_Width_Min": 0,
        "created_user": null,
        "created_date": null,
        "last_edited_user": "CEWEMVM",
        "last_edited_date": 1518089072000,
        "GlobalID": "{F2DD0586-6EAB-4AC9-B4D7-D3B08735B018}",
        "layer": "roads",
        "source": "city-of-eugene-gis"
      }
    },
    {
      "type": "Feature",
      "id": "roads_283",
      "geometry": {
        "type": "LineString",
        "coordinates": [
          [
            -123.11251620036653,
            44.0549019541768
          ],
          [
            -123.11403753807592,
            44.05490389835576
          ]
        ]
      },
      "properties": {
        "SEG_ID": 20023281,
        "EUGID": 23281,
        "OWNER": "EUG",
        "MAINT": "EUG",
        "SOURCE": "EUG",
        "METHOD": "DIG",
        "FCLASS": "LOCAL",
        "PAVED": "N",
        "DIR": "W",
        "NAME": "4TH",
        "TYPE": "ALY",
        "SPEED": 15,
        "AIRSSPEED": 5,
        "ONEWAY": "BW",
        "TRAFFLOW": "BW",
        "AIRSNAME": "W 4TH ALY",
        "F_ZLEV": 5,
        "T_ZLEV": 5,
        "L_LADD": 1300,
        "L_HADD": 1398,
        "R_LADD": 1301,
        "R_HADD": 1399,
        "SNOWROUTE": null,
        "EVAC": " ",
        "LCPWID": 0,
        "OBJECTID": 2918,
        "ER_ROUTES": 5,
        "ACCESS_CNT": " ",
        "Shape.STLength()": 399.96744827131795,
        "ROW_Width_Max": 14,
        "ROW_Width_Min": 0,
        "created_user": null,
        "created_date": null,
        "last_edited_user": "CEWEMVM",
        "last_edited_date": 1518089072000,
        "GlobalID": "{A547AA5C-6560-4B9D-BCC9-A232F675DFE9}",
        "layer": "roads",
        "source": "city-of-eugene-gis"
      }
    },
    {
      "type": "Feature",
      "id": "roads_284",
      "geometry": {
        "type": "LineString",
        "coordinates": [
          [
            -123.1111008677641,
            44.05489828923612
          ],
          [
            -123.11251620036653,
            44.0549019541768
          ]
        ]
      },
      "properties": {
        "SEG_ID": 20023280,
        "EUGID": 23280,
        "OWNER": "EUG",
        "MAINT": "EUG",
        "SOURCE": "EUG",
        "METHOD": "DIG",
        "FCLASS": "LOCAL",
        "PAVED": "N",
        "DIR": "W",
        "NAME": "4TH",
        "TYPE": "ALY",
        "SPEED": 15,
        "AIRSSPEED": 5,
        "ONEWAY": "BW",
        "TRAFFLOW": "BW",
        "AIRSNAME": "W 4TH ALY",
        "F_ZLEV": 5,
        "T_ZLEV": 5,
        "L_LADD": 1200,
        "L_HADD": 1298,
        "R_LADD": 1201,
        "R_HADD": 1299,
        "SNOWROUTE": null,
        "EVAC": " ",
        "LCPWID": 0,
        "OBJECTID": 2919,
        "ER_ROUTES": 5,
        "ACCESS_CNT": " ",
        "Shape.STLength()": 372.0999963252513,
        "ROW_Width_Max": 14,
        "ROW_Width_Min": 0,
        "created_user": null,
        "created_date": null,
        "last_edited_user": "CEWEMVM",
        "last_edited_date": 1518089072000,
        "GlobalID": "{16231C5C-67AC-4D7E-9C61-411B4802B3F1}",
        "layer": "roads",
        "source": "city-of-eugene-gis"
      }
    },
    {
      "type": "Feature",
      "id": "roads_285",
      "geometry": {
        "type": "LineString",
        "coordinates": [
          [
            -123.11470170155339,
            44.053807802982284
          ],
          [
            -123.11553742983203,
            44.05380681519054
          ]
        ]
      },
      "properties": {
        "SEG_ID": 20023289,
        "EUGID": 23289,
        "OWNER": "EUG",
        "MAINT": "EUG",
        "SOURCE": "EUG",
        "METHOD": "DIG",
        "FCLASS": "LOCAL",
        "PAVED": "N",
        "DIR": "W",
        "NAME": "5TH",
        "TYPE": "ALY",
        "SPEED": 15,
        "AIRSSPEED": 5,
        "ONEWAY": "BW",
        "TRAFFLOW": "BW",
        "AIRSNAME": "W 5TH ALY",
        "F_ZLEV": 5,
        "T_ZLEV": 5,
        "L_LADD": 1400,
        "L_HADD": 1498,
        "R_LADD": 1401,
        "R_HADD": 1499,
        "SNOWROUTE": null,
        "EVAC": " ",
        "LCPWID": 0,
        "OBJECTID": 2920,
        "ER_ROUTES": 5,
        "ACCESS_CNT": " ",
        "Shape.STLength()": 219.72116562816612,
        "ROW_Width_Max": 14,
        "ROW_Width_Min": 0,
        "created_user": null,
        "created_date": null,
        "last_edited_user": "CEWEMVM",
        "last_edited_date": 1518089072000,
        "GlobalID": "{920533FC-D0FA-44F7-89C8-F3AB4211A2F4}",
        "layer": "roads",
        "source": "city-of-eugene-gis"
      }
    },
    {
      "type": "Feature",
      "id": "roads_286",
      "geometry": {
        "type": "LineString",
        "coordinates": [
          [
            -123.11251627597187,
            44.053804348560284
          ],
          [
            -123.1136613256006,
            44.05380635853452
          ]
        ]
      },
      "properties": {
        "SEG_ID": 20005230,
        "EUGID": 5230,
        "OWNER": "EUG",
        "MAINT": "EUG",
        "SOURCE": "EUG",
        "METHOD": "DIG",
        "FCLASS": "LOCAL",
        "PAVED": "Y",
        "DIR": "W",
        "NAME": "5TH",
        "TYPE": "ALY",
        "SPEED": 15,
        "AIRSSPEED": 10,
        "ONEWAY": "BW",
        "TRAFFLOW": "BW",
        "AIRSNAME": "W 5TH ALY",
        "F_ZLEV": 5,
        "T_ZLEV": 5,
        "L_LADD": 1300,
        "L_HADD": 1398,
        "R_LADD": 1301,
        "R_HADD": 1399,
        "SNOWROUTE": null,
        "EVAC": " ",
        "LCPWID": 0,
        "OBJECTID": 2921,
        "ER_ROUTES": 5,
        "ACCESS_CNT": " ",
        "Shape.STLength()": 301.0452811785403,
        "ROW_Width_Max": 14,
        "ROW_Width_Min": 0,
        "created_user": null,
        "created_date": null,
        "last_edited_user": "CEWEMVM",
        "last_edited_date": 1518089072000,
        "GlobalID": "{15244F31-3E52-432E-86B3-E153B4EF56C7}",
        "layer": "roads",
        "source": "city-of-eugene-gis"
      }
    },
    {
      "type": "Feature",
      "id": "roads_287",
      "geometry": {
        "type": "LineString",
        "coordinates": [
          [
            -123.11099399316657,
            44.05380188769734
          ],
          [
            -123.11251627597187,
            44.053804348560284
          ]
        ]
      },
      "properties": {
        "SEG_ID": 20005237,
        "EUGID": 5237,
        "OWNER": "EUG",
        "MAINT": "EUG",
        "SOURCE": "EUG",
        "METHOD": "DIG",
        "FCLASS": "LOCAL",
        "PAVED": "Y",
        "DIR": "W",
        "NAME": "5TH",
        "TYPE": "ALY",
        "SPEED": 15,
        "AIRSSPEED": 10,
        "ONEWAY": "BW",
        "TRAFFLOW": "BW",
        "AIRSNAME": "W 5TH ALY",
        "F_ZLEV": 5,
        "T_ZLEV": 5,
        "L_LADD": 1200,
        "L_HADD": 1298,
        "R_LADD": 1201,
        "R_HADD": 1299,
        "SNOWROUTE": null,
        "EVAC": " ",
        "LCPWID": 0,
        "OBJECTID": 2922,
        "ER_ROUTES": 5,
        "ACCESS_CNT": " ",
        "Shape.STLength()": 400.223583706294,
        "ROW_Width_Max": 14,
        "ROW_Width_Min": 0,
        "created_user": null,
        "created_date": null,
        "last_edited_user": "CEWEMVM",
        "last_edited_date": 1518089072000,
        "GlobalID": "{E0AC67C5-7946-4AC9-BDFB-71DA4CB5BAAB}",
        "layer": "roads",
        "source": "city-of-eugene-gis"
      }
    },
    {
      "type": "Feature",
      "id": "roads_288",
      "geometry": {
        "type": "LineString",
        "coordinates": [
          [
            -123.10945986724032,
            44.05380053478689
          ],
          [
            -123.11099399316657,
            44.05380188769734
          ]
        ]
      },
      "properties": {
        "SEG_ID": 20023288,
        "EUGID": 23288,
        "OWNER": "EUG",
        "MAINT": "EUG",
        "SOURCE": "EUG",
        "METHOD": "DIG",
        "FCLASS": "LOCAL",
        "PAVED": "N",
        "DIR": "W",
        "NAME": "5TH",
        "TYPE": "ALY",
        "SPEED": 15,
        "AIRSSPEED": 5,
        "ONEWAY": "BW",
        "TRAFFLOW": "BW",
        "AIRSNAME": "W 5TH ALY",
        "F_ZLEV": 5,
        "T_ZLEV": 5,
        "L_LADD": 1100,
        "L_HADD": 1198,
        "R_LADD": 1101,
        "R_HADD": 1199,
        "SNOWROUTE": null,
        "EVAC": " ",
        "LCPWID": 0,
        "OBJECTID": 2923,
        "ER_ROUTES": 5,
        "ACCESS_CNT": " ",
        "Shape.STLength()": 403.33656129180855,
        "ROW_Width_Max": 14,
        "ROW_Width_Min": 0,
        "created_user": null,
        "created_date": null,
        "last_edited_user": "CEWEMVM",
        "last_edited_date": 1518089072000,
        "GlobalID": "{32908DF9-82CD-411A-86E9-4D45863A71CB}",
        "layer": "roads",
        "source": "city-of-eugene-gis"
      }
    },
    {
      "type": "Feature",
      "id": "roads_289",
      "geometry": {
        "type": "LineString",
        "coordinates": [
          [
            -123.10754324022905,
            44.05379780268408
          ],
          [
            -123.10945986724032,
            44.05380053478689
          ]
        ]
      },
      "properties": {
        "SEG_ID": 20023287,
        "EUGID": 23287,
        "OWNER": "EUG",
        "MAINT": "EUG",
        "SOURCE": "EUG",
        "METHOD": "DIG",
        "FCLASS": "LOCAL",
        "PAVED": "N",
        "DIR": "W",
        "NAME": "5TH",
        "TYPE": "ALY",
        "SPEED": 15,
        "AIRSSPEED": 5,
        "ONEWAY": "BW",
        "TRAFFLOW": "BW",
        "AIRSNAME": "W 5TH ALY",
        "F_ZLEV": 5,
        "T_ZLEV": 5,
        "L_LADD": 1000,
        "L_HADD": 1098,
        "R_LADD": 1001,
        "R_HADD": 1099,
        "SNOWROUTE": null,
        "EVAC": " ",
        "LCPWID": 0,
        "OBJECTID": 2924,
        "ER_ROUTES": 5,
        "ACCESS_CNT": " ",
        "Shape.STLength()": 503.9004250041573,
        "ROW_Width_Max": 14,
        "ROW_Width_Min": 0,
        "created_user": null,
        "created_date": null,
        "last_edited_user": "CEWEMVM",
        "last_edited_date": 1518089072000,
        "GlobalID": "{02FD9056-E048-4E49-A237-E19C0C5146E7}",
        "layer": "roads",
        "source": "city-of-eugene-gis"
      }
    },
    {
      "type": "Feature",
      "id": "roads_290",
      "geometry": {
        "type": "LineString",
        "coordinates": [
          [
            -123.11704299918928,
            44.05271026630095
          ],
          [
            -123.11842859879732,
            44.05270955537807
          ]
        ]
      },
      "properties": {
        "SEG_ID": 20005271,
        "EUGID": 5271,
        "OWNER": "EUG",
        "MAINT": "EUG",
        "SOURCE": "EUG",
        "METHOD": "DIG",
        "FCLASS": "LOCAL",
        "PAVED": "Y",
        "DIR": "W",
        "NAME": "6TH",
        "TYPE": "ALY",
        "SPEED": 15,
        "AIRSSPEED": 10,
        "ONEWAY": "BW",
        "TRAFFLOW": "BW",
        "AIRSNAME": "W 6TH ALY",
        "F_ZLEV": 5,
        "T_ZLEV": 5,
        "L_LADD": 1600,
        "L_HADD": 1698,
        "R_LADD": 1601,
        "R_HADD": 1699,
        "SNOWROUTE": null,
        "EVAC": " ",
        "LCPWID": 0,
        "OBJECTID": 2925,
        "ER_ROUTES": 5,
        "ACCESS_CNT": " ",
        "Shape.STLength()": 364.2939559889071,
        "ROW_Width_Max": 14,
        "ROW_Width_Min": 0,
        "created_user": null,
        "created_date": null,
        "last_edited_user": "CEWEMVM",
        "last_edited_date": 1518089072000,
        "GlobalID": "{6412AD7E-C31C-4E8C-A948-F4EB08EAD30B}",
        "layer": "roads",
        "source": "city-of-eugene-gis"
      }
    },
    {
      "type": "Feature",
      "id": "roads_291",
      "geometry": {
        "type": "LineString",
        "coordinates": [
          [
            -123.11552360262444,
            44.052707975944635
          ],
          [
            -123.11704299918928,
            44.05271026630095
          ]
        ]
      },
      "properties": {
        "SEG_ID": 20005250,
        "EUGID": 5250,
        "OWNER": "EUG",
        "MAINT": "EUG",
        "SOURCE": "EUG",
        "METHOD": "DIG",
        "FCLASS": "LOCAL",
        "PAVED": "Y",
        "DIR": "W",
        "NAME": "6TH",
        "TYPE": "ALY",
        "SPEED": 15,
        "AIRSSPEED": 10,
        "ONEWAY": "BW",
        "TRAFFLOW": "BW",
        "AIRSNAME": "W 6TH ALY",
        "F_ZLEV": 5,
        "T_ZLEV": 5,
        "L_LADD": 1500,
        "L_HADD": 1598,
        "R_LADD": 1501,
        "R_HADD": 1599,
        "SNOWROUTE": null,
        "EVAC": " ",
        "LCPWID": 0,
        "OBJECTID": 2926,
        "ER_ROUTES": 5,
        "ACCESS_CNT": " ",
        "Shape.STLength()": 399.4718664106871,
        "ROW_Width_Max": 14,
        "ROW_Width_Min": 0,
        "created_user": null,
        "created_date": null,
        "last_edited_user": "CEWEMVM",
        "last_edited_date": 1518089072000,
        "GlobalID": "{5E5FD8E6-AD26-48A2-9791-738C4B958FDE}",
        "layer": "roads",
        "source": "city-of-eugene-gis"
      }
    },
    {
      "type": "Feature",
      "id": "roads_292",
      "geometry": {
        "type": "LineString",
        "coordinates": [
          [
            -123.1140189004896,
            44.05270447582923
          ],
          [
            -123.11552360262444,
            44.052707975944635
          ]
        ]
      },
      "properties": {
        "SEG_ID": 20005313,
        "EUGID": 5313,
        "OWNER": "EUG",
        "MAINT": "EUG",
        "SOURCE": "EUG",
        "METHOD": "DIG",
        "FCLASS": "LOCAL",
        "PAVED": "Y",
        "DIR": "W",
        "NAME": "6TH",
        "TYPE": "ALY",
        "SPEED": 15,
        "AIRSSPEED": 10,
        "ONEWAY": "BW",
        "TRAFFLOW": "BW",
        "AIRSNAME": "W 6TH ALY",
        "F_ZLEV": 5,
        "T_ZLEV": 5,
        "L_LADD": 1400,
        "L_HADD": 1498,
        "R_LADD": 1401,
        "R_HADD": 1499,
        "SNOWROUTE": null,
        "EVAC": " ",
        "LCPWID": 0,
        "OBJECTID": 2927,
        "ER_ROUTES": 5,
        "ACCESS_CNT": " ",
        "Shape.STLength()": 395.6096955965564,
        "ROW_Width_Max": 14,
        "ROW_Width_Min": 0,
        "created_user": null,
        "created_date": null,
        "last_edited_user": "CEWEMVM",
        "last_edited_date": 1518089072000,
        "GlobalID": "{A3A67202-6B57-4875-80C9-CA6D5F997073}",
        "layer": "roads",
        "source": "city-of-eugene-gis"
      }
    },
    {
      "type": "Feature",
      "id": "roads_293",
      "geometry": {
        "type": "LineString",
        "coordinates": [
          [
            -123.11251617350986,
            44.0527026270461
          ],
          [
            -123.1140189004896,
            44.05270447582923
          ]
        ]
      },
      "properties": {
        "SEG_ID": 20023295,
        "EUGID": 23295,
        "OWNER": "EUG",
        "MAINT": "EUG",
        "SOURCE": "EUG",
        "METHOD": "DIG",
        "FCLASS": "LOCAL",
        "PAVED": "N",
        "DIR": "W",
        "NAME": "6TH",
        "TYPE": "ALY",
        "SPEED": 15,
        "AIRSSPEED": 5,
        "ONEWAY": "BW",
        "TRAFFLOW": "BW",
        "AIRSNAME": "W 6TH ALY",
        "F_ZLEV": 5,
        "T_ZLEV": 5,
        "L_LADD": 1300,
        "L_HADD": 1398,
        "R_LADD": 1301,
        "R_HADD": 1399,
        "SNOWROUTE": null,
        "EVAC": " ",
        "LCPWID": 0,
        "OBJECTID": 2928,
        "ER_ROUTES": 5,
        "ACCESS_CNT": " ",
        "Shape.STLength()": 395.08893381743815,
        "ROW_Width_Max": 14,
        "ROW_Width_Min": 0,
        "created_user": null,
        "created_date": null,
        "last_edited_user": "CEWEMVM",
        "last_edited_date": 1518089072000,
        "GlobalID": "{F41AA65C-9017-4632-92ED-462669085CCB}",
        "layer": "roads",
        "source": "city-of-eugene-gis"
      }
    },
    {
      "type": "Feature",
      "id": "roads_294",
      "geometry": {
        "type": "LineString",
        "coordinates": [
          [
            -123.11099385930738,
            44.052698797991525
          ],
          [
            -123.11251617350986,
            44.0527026270461
          ]
        ]
      },
      "properties": {
        "SEG_ID": 20023294,
        "EUGID": 23294,
        "OWNER": "EUG",
        "MAINT": "EUG",
        "SOURCE": "EUG",
        "METHOD": "DIG",
        "FCLASS": "LOCAL",
        "PAVED": "N",
        "DIR": "W",
        "NAME": "6TH",
        "TYPE": "ALY",
        "SPEED": 15,
        "AIRSSPEED": 5,
        "ONEWAY": "BW",
        "TRAFFLOW": "BW",
        "AIRSNAME": "W 6TH ALY",
        "F_ZLEV": 5,
        "T_ZLEV": 5,
        "L_LADD": 1200,
        "L_HADD": 1298,
        "R_LADD": 1201,
        "R_HADD": 1299,
        "SNOWROUTE": null,
        "EVAC": " ",
        "LCPWID": 0,
        "OBJECTID": 2929,
        "ER_ROUTES": 5,
        "ACCESS_CNT": " ",
        "Shape.STLength()": 400.2405721875282,
        "ROW_Width_Max": 14,
        "ROW_Width_Min": 0,
        "created_user": null,
        "created_date": null,
        "last_edited_user": "CEWEMVM",
        "last_edited_date": 1518089072000,
        "GlobalID": "{009864C9-2B35-43C3-B812-7B80B1385717}",
        "layer": "roads",
        "source": "city-of-eugene-gis"
      }
    },
    {
      "type": "Feature",
      "id": "roads_295",
      "geometry": {
        "type": "LineString",
        "coordinates": [
          [
            -123.10984137543866,
            44.05270035717658
          ],
          [
            -123.11099385930738,
            44.052698797991525
          ]
        ]
      },
      "properties": {
        "SEG_ID": 20005328,
        "EUGID": 5328,
        "OWNER": "EUG",
        "MAINT": "EUG",
        "SOURCE": "EUG",
        "METHOD": "DIG",
        "FCLASS": "LOCAL",
        "PAVED": "Y",
        "DIR": "W",
        "NAME": "6TH",
        "TYPE": "ALY",
        "SPEED": 15,
        "AIRSSPEED": 10,
        "ONEWAY": "BW",
        "TRAFFLOW": "BW",
        "AIRSNAME": "W 6TH ALY",
        "F_ZLEV": 5,
        "T_ZLEV": 5,
        "L_LADD": 1100,
        "L_HADD": 1198,
        "R_LADD": 1101,
        "R_HADD": 1199,
        "SNOWROUTE": null,
        "EVAC": " ",
        "LCPWID": 0,
        "OBJECTID": 2930,
        "ER_ROUTES": 5,
        "ACCESS_CNT": " ",
        "Shape.STLength()": 303.00500202141876,
        "ROW_Width_Max": 14,
        "ROW_Width_Min": 0,
        "created_user": null,
        "created_date": null,
        "last_edited_user": "CEWEMVM",
        "last_edited_date": 1518089072000,
        "GlobalID": "{B947B66E-6587-4481-A182-2EC038A784BD}",
        "layer": "roads",
        "source": "city-of-eugene-gis"
      }
    },
    {
      "type": "Feature",
      "id": "roads_296",
      "geometry": {
        "type": "LineString",
        "coordinates": [
          [
            -123.10645972035299,
            44.0526977753808
          ],
          [
            -123.10947129961224,
            44.05270027050646
          ]
        ]
      },
      "properties": {
        "SEG_ID": 20005256,
        "EUGID": 5256,
        "OWNER": "EUG",
        "MAINT": "EUG",
        "SOURCE": "EUG",
        "METHOD": "DIG",
        "FCLASS": "LOCAL",
        "PAVED": "Y",
        "DIR": "W",
        "NAME": "6TH",
        "TYPE": "ALY",
        "SPEED": 15,
        "AIRSSPEED": 10,
        "ONEWAY": "BW",
        "TRAFFLOW": "BW",
        "AIRSNAME": "W 6TH ALY",
        "F_ZLEV": 5,
        "T_ZLEV": 5,
        "L_LADD": 900,
        "L_HADD": 1098,
        "R_LADD": 901,
        "R_HADD": 1099,
        "SNOWROUTE": null,
        "EVAC": " ",
        "LCPWID": 0,
        "OBJECTID": 2931,
        "ER_ROUTES": 5,
        "ACCESS_CNT": " ",
        "Shape.STLength()": 791.7877284168726,
        "ROW_Width_Max": 14,
        "ROW_Width_Min": 0,
        "created_user": null,
        "created_date": null,
        "last_edited_user": "CEWEMVM",
        "last_edited_date": 1518089072000,
        "GlobalID": "{5122A447-3141-49F4-8DDC-229CEC8BA482}",
        "layer": "roads",
        "source": "city-of-eugene-gis"
      }
    },
    {
      "type": "Feature",
      "id": "roads_297",
      "geometry": {
        "type": "LineString",
        "coordinates": [
          [
            -123.11099488414943,
            44.0493785130471
          ],
          [
            -123.11251606786436,
            44.049380134439794
          ]
        ]
      },
      "properties": {
        "SEG_ID": 20023128,
        "EUGID": 23128,
        "OWNER": "EUG",
        "MAINT": "EUG",
        "SOURCE": "EUG",
        "METHOD": "DIG",
        "FCLASS": "LOCAL",
        "PAVED": "N",
        "DIR": "W",
        "NAME": "BROADWAY",
        "TYPE": "ALY",
        "SPEED": 15,
        "AIRSSPEED": 5,
        "ONEWAY": "FT",
        "TRAFFLOW": "W",
        "AIRSNAME": "W BROADWAY ALY",
        "F_ZLEV": 5,
        "T_ZLEV": 5,
        "L_LADD": 1200,
        "L_HADD": 1298,
        "R_LADD": 1201,
        "R_HADD": 1299,
        "SNOWROUTE": null,
        "EVAC": " ",
        "LCPWID": 0,
        "OBJECTID": 2932,
        "ER_ROUTES": 5,
        "ACCESS_CNT": " ",
        "Shape.STLength()": 399.96334650777794,
        "ROW_Width_Max": 14,
        "ROW_Width_Min": 0,
        "created_user": null,
        "created_date": null,
        "last_edited_user": "CEWEMVM",
        "last_edited_date": 1518089072000,
        "GlobalID": "{962714C3-DE09-468B-969F-ACE991B08FA6}",
        "layer": "roads",
        "source": "city-of-eugene-gis"
      }
    },
    {
      "type": "Feature",
      "id": "roads_298",
      "geometry": {
        "type": "LineString",
        "coordinates": [
          [
            -123.10947321775306,
            44.04937670699906
          ],
          [
            -123.11062148757523,
            44.049378162139334
          ],
          [
            -123.11099488414943,
            44.0493785130471
          ]
        ]
      },
      "properties": {
        "SEG_ID": 20023127,
        "EUGID": 23127,
        "OWNER": "EUG",
        "MAINT": "EUG",
        "SOURCE": "EUG",
        "METHOD": "DIG",
        "FCLASS": "LOCAL",
        "PAVED": "N",
        "DIR": "W",
        "NAME": "BROADWAY",
        "TYPE": "ALY",
        "SPEED": 15,
        "AIRSSPEED": 5,
        "ONEWAY": "FT",
        "TRAFFLOW": "W",
        "AIRSNAME": "W BROADWAY ALY",
        "F_ZLEV": 5,
        "T_ZLEV": 5,
        "L_LADD": 1100,
        "L_HADD": 1198,
        "R_LADD": 1101,
        "R_HADD": 1199,
        "SNOWROUTE": null,
        "EVAC": " ",
        "LCPWID": 0,
        "OBJECTID": 2933,
        "ER_ROUTES": 5,
        "ACCESS_CNT": " ",
        "Shape.STLength()": 400.0903809841256,
        "ROW_Width_Max": 14,
        "ROW_Width_Min": 0,
        "created_user": null,
        "created_date": null,
        "last_edited_user": "CEWEMVM",
        "last_edited_date": 1518089072000,
        "GlobalID": "{F4CB9D7F-9043-41F0-9F33-F5AC7159E8DA}",
        "layer": "roads",
        "source": "city-of-eugene-gis"
      }
    },
    {
      "type": "Feature",
      "id": "roads_299",
      "geometry": {
        "type": "LineString",
        "coordinates": [
          [
            -123.10795057905274,
            44.049374392325646
          ],
          [
            -123.10947321775306,
            44.04937670699906
          ]
        ]
      },
      "properties": {
        "SEG_ID": 20023126,
        "EUGID": 23126,
        "OWNER": "EUG",
        "MAINT": "EUG",
        "SOURCE": "EUG",
        "METHOD": "DIG",
        "FCLASS": "LOCAL",
        "PAVED": "N",
        "DIR": "W",
        "NAME": "BROADWAY",
        "TYPE": "ALY",
        "SPEED": 15,
        "AIRSSPEED": 5,
        "ONEWAY": "FT",
        "TRAFFLOW": "W",
        "AIRSNAME": "W BROADWAY ALY",
        "F_ZLEV": 5,
        "T_ZLEV": 5,
        "L_LADD": 1000,
        "L_HADD": 1098,
        "R_LADD": 1001,
        "R_HADD": 1099,
        "SNOWROUTE": null,
        "EVAC": " ",
        "LCPWID": 0,
        "OBJECTID": 2934,
        "ER_ROUTES": 5,
        "ACCESS_CNT": " ",
        "Shape.STLength()": 400.3463814981195,
        "ROW_Width_Max": 14,
        "ROW_Width_Min": 0,
        "created_user": null,
        "created_date": null,
        "last_edited_user": "CEWEMVM",
        "last_edited_date": 1518089072000,
        "GlobalID": "{D3765BBE-7D3E-4C88-BFBA-E67E50D255A0}",
        "layer": "roads",
        "source": "city-of-eugene-gis"
      }
    },
    {
      "type": "Feature",
      "id": "roads_300",
      "geometry": {
        "type": "LineString",
        "coordinates": [
          [
            -123.1064293881529,
            44.049372538411596
          ],
          [
            -123.10795057905274,
            44.049374392325646
          ]
        ]
      },
      "properties": {
        "SEG_ID": 20023125,
        "EUGID": 23125,
        "OWNER": "EUG",
        "MAINT": "PVT",
        "SOURCE": "EUG",
        "METHOD": "DIG",
        "FCLASS": "LOCAL",
        "PAVED": "N",
        "DIR": "W",
        "NAME": "BROADWAY",
        "TYPE": "ALY",
        "SPEED": 20,
        "AIRSSPEED": 20,
        "ONEWAY": "FT",
        "TRAFFLOW": "W",
        "AIRSNAME": "W BROADWAY ALY",
        "F_ZLEV": 5,
        "T_ZLEV": 5,
        "L_LADD": 900,
        "L_HADD": 998,
        "R_LADD": 901,
        "R_HADD": 999,
        "SNOWROUTE": null,
        "EVAC": " ",
        "LCPWID": 0,
        "OBJECTID": 2935,
        "ER_ROUTES": 5,
        "ACCESS_CNT": " ",
        "Shape.STLength()": 399.96540866054903,
        "ROW_Width_Max": 14,
        "ROW_Width_Min": 0,
        "created_user": null,
        "created_date": null,
        "last_edited_user": "PWE_GDB_TRANSPORT_ADMIN",
        "last_edited_date": 1717002004000,
        "GlobalID": "{691A525A-F86E-4D78-A105-3A53F6D4D395}",
        "layer": "roads",
        "source": "city-of-eugene-gis"
      }
    },
    {
      "type": "Feature",
      "id": "roads_301",
      "geometry": {
        "type": "LineString",
        "coordinates": [
          [
            -123.11403937875767,
            44.048277219636134
          ],
          [
            -123.11581643800871,
            44.048279039385775
          ]
        ]
      },
      "properties": {
        "SEG_ID": 20023308,
        "EUGID": 23308,
        "OWNER": "EUG",
        "MAINT": "EUG",
        "SOURCE": "EUG",
        "METHOD": "DIG",
        "FCLASS": "LOCAL",
        "PAVED": "N",
        "DIR": "W",
        "NAME": "10TH",
        "TYPE": "ALY",
        "SPEED": 15,
        "AIRSSPEED": 5,
        "ONEWAY": "TF",
        "TRAFFLOW": "E",
        "AIRSNAME": "W 10TH ALY",
        "F_ZLEV": 5,
        "T_ZLEV": 5,
        "L_LADD": 1400,
        "L_HADD": 1498,
        "R_LADD": 1401,
        "R_HADD": 1499,
        "SNOWROUTE": null,
        "EVAC": " ",
        "LCPWID": 0,
        "OBJECTID": 2936,
        "ER_ROUTES": 5,
        "ACCESS_CNT": " ",
        "Shape.STLength()": 467.2489299078169,
        "ROW_Width_Max": 14,
        "ROW_Width_Min": 0,
        "created_user": null,
        "created_date": null,
        "last_edited_user": "CEWEMVM",
        "last_edited_date": 1518089072000,
        "GlobalID": "{34BC4879-F789-4366-ADCB-D1DFC3A1A588}",
        "layer": "roads",
        "source": "city-of-eugene-gis"
      }
    },
    {
      "type": "Feature",
      "id": "roads_302",
      "geometry": {
        "type": "LineString",
        "coordinates": [
          [
            -123.11251727978485,
            44.048275809600455
          ],
          [
            -123.11403937875767,
            44.048277219636134
          ]
        ]
      },
      "properties": {
        "SEG_ID": 20023307,
        "EUGID": 23307,
        "OWNER": "EUG",
        "MAINT": "EUG",
        "SOURCE": "EUG",
        "METHOD": "DIG",
        "FCLASS": "LOCAL",
        "PAVED": "N",
        "DIR": "W",
        "NAME": "10TH",
        "TYPE": "ALY",
        "SPEED": 15,
        "AIRSSPEED": 5,
        "ONEWAY": "TF",
        "TRAFFLOW": "E",
        "AIRSNAME": "W 10TH ALY",
        "F_ZLEV": 5,
        "T_ZLEV": 5,
        "L_LADD": 1300,
        "L_HADD": 1398,
        "R_LADD": 1301,
        "R_HADD": 1399,
        "SNOWROUTE": null,
        "EVAC": " ",
        "LCPWID": 0,
        "OBJECTID": 2937,
        "ER_ROUTES": 5,
        "ACCESS_CNT": " ",
        "Shape.STLength()": 400.21119424623794,
        "ROW_Width_Max": 14,
        "ROW_Width_Min": 0,
        "created_user": null,
        "created_date": null,
        "last_edited_user": "CEWEMVM",
        "last_edited_date": 1518089072000,
        "GlobalID": "{3BF72A5E-28A4-496E-B76E-C3774FE423E2}",
        "layer": "roads",
        "source": "city-of-eugene-gis"
      }
    },
    {
      "type": "Feature",
      "id": "roads_303",
      "geometry": {
        "type": "LineString",
        "coordinates": [
          [
            -123.10947493832107,
            44.048271858773305
          ],
          [
            -123.1105737096251,
            44.048273051742825
          ],
          [
            -123.11099605713575,
            44.048272644621846
          ]
        ]
      },
      "properties": {
        "SEG_ID": 20005518,
        "EUGID": 5518,
        "OWNER": "EUG",
        "MAINT": "EUG",
        "SOURCE": "EUG",
        "METHOD": "DIG",
        "FCLASS": "LOCAL",
        "PAVED": "Y",
        "DIR": "W",
        "NAME": "10TH",
        "TYPE": "ALY",
        "SPEED": 15,
        "AIRSSPEED": 10,
        "ONEWAY": "TF",
        "TRAFFLOW": "E",
        "AIRSNAME": "W 10TH ALY",
        "F_ZLEV": 5,
        "T_ZLEV": 5,
        "L_LADD": 1100,
        "L_HADD": 1198,
        "R_LADD": 1101,
        "R_HADD": 1199,
        "SNOWROUTE": null,
        "EVAC": " ",
        "LCPWID": 0,
        "OBJECTID": 2938,
        "ER_ROUTES": 5,
        "ACCESS_CNT": " ",
        "Shape.STLength()": 399.95360036232034,
        "ROW_Width_Max": 14,
        "ROW_Width_Min": 0,
        "created_user": null,
        "created_date": null,
        "last_edited_user": "CEWEMVM",
        "last_edited_date": 1518089072000,
        "GlobalID": "{E22FD808-55E2-42A6-951E-BC37CD757C3B}",
        "layer": "roads",
        "source": "city-of-eugene-gis"
      }
    },
    {
      "type": "Feature",
      "id": "roads_304",
      "geometry": {
        "type": "LineString",
        "coordinates": [
          [
            -123.10795279518688,
            44.04826936073464
          ],
          [
            -123.10947493832107,
            44.048271858773305
          ]
        ]
      },
      "properties": {
        "SEG_ID": 20023305,
        "EUGID": 23305,
        "OWNER": "EUG",
        "MAINT": "EUG",
        "SOURCE": "EUG",
        "METHOD": "DIG",
        "FCLASS": "LOCAL",
        "PAVED": "N",
        "DIR": "W",
        "NAME": "10TH",
        "TYPE": "ALY",
        "SPEED": 15,
        "AIRSSPEED": 5,
        "ONEWAY": "TF",
        "TRAFFLOW": "E",
        "AIRSNAME": "W 10TH ALY",
        "F_ZLEV": 5,
        "T_ZLEV": 5,
        "L_LADD": 1000,
        "L_HADD": 1098,
        "R_LADD": 1001,
        "R_HADD": 1099,
        "SNOWROUTE": null,
        "EVAC": " ",
        "LCPWID": 0,
        "OBJECTID": 2939,
        "ER_ROUTES": 5,
        "ACCESS_CNT": " ",
        "Shape.STLength()": 400.2235508125428,
        "ROW_Width_Max": 14,
        "ROW_Width_Min": 0,
        "created_user": null,
        "created_date": null,
        "last_edited_user": "CEWEMVM",
        "last_edited_date": 1518089072000,
        "GlobalID": "{6CD76047-9BA1-4838-BBB5-9FD52CE90B37}",
        "layer": "roads",
        "source": "city-of-eugene-gis"
      }
    },
    {
      "type": "Feature",
      "id": "roads_305",
      "geometry": {
        "type": "LineString",
        "coordinates": [
          [
            -123.10643116439579,
            44.04826769022961
          ],
          [
            -123.10795279518688,
            44.04826936073464
          ]
        ]
      },
      "properties": {
        "SEG_ID": 20023304,
        "EUGID": 23304,
        "OWNER": "EUG",
        "MAINT": "EUG",
        "SOURCE": "EUG",
        "METHOD": "DIG",
        "FCLASS": "LOCAL",
        "PAVED": "N",
        "DIR": "W",
        "NAME": "10TH",
        "TYPE": "ALY",
        "SPEED": 15,
        "AIRSSPEED": 5,
        "ONEWAY": "TF",
        "TRAFFLOW": "E",
        "AIRSNAME": "W 10TH ALY",
        "F_ZLEV": 5,
        "T_ZLEV": 5,
        "L_LADD": 900,
        "L_HADD": 998,
        "R_LADD": 901,
        "R_HADD": 999,
        "SNOWROUTE": null,
        "EVAC": " ",
        "LCPWID": 0,
        "OBJECTID": 2940,
        "ER_ROUTES": 5,
        "ACCESS_CNT": " ",
        "Shape.STLength()": 400.08827985171075,
        "ROW_Width_Max": 14,
        "ROW_Width_Min": 0,
        "created_user": null,
        "created_date": null,
        "last_edited_user": "CEWEMVM",
        "last_edited_date": 1518089072000,
        "GlobalID": "{06B03A90-6F4B-41A2-A694-1F8CE2DDB466}",
        "layer": "roads",
        "source": "city-of-eugene-gis"
      }
    },
    {
      "type": "Feature",
      "id": "roads_306",
      "geometry": {
        "type": "LineString",
        "coordinates": [
          [
            -123.10491092952927,
            44.04826527964789
          ],
          [
            -123.10643116439579,
            44.04826769022961
          ]
        ]
      },
      "properties": {
        "SEG_ID": 20023303,
        "EUGID": 23303,
        "OWNER": "EUG",
        "MAINT": "EUG",
        "SOURCE": "EUG",
        "METHOD": "DIG",
        "FCLASS": "LOCAL",
        "PAVED": "N",
        "DIR": "W",
        "NAME": "10TH",
        "TYPE": "ALY",
        "SPEED": 15,
        "AIRSSPEED": 5,
        "ONEWAY": "TF",
        "TRAFFLOW": "E",
        "AIRSNAME": "W 10TH ALY",
        "F_ZLEV": 5,
        "T_ZLEV": 5,
        "L_LADD": 800,
        "L_HADD": 898,
        "R_LADD": 801,
        "R_HADD": 899,
        "SNOWROUTE": null,
        "EVAC": " ",
        "LCPWID": 0,
        "OBJECTID": 2941,
        "ER_ROUTES": 5,
        "ACCESS_CNT": " ",
        "Shape.STLength()": 399.7217604276086,
        "ROW_Width_Max": 14,
        "ROW_Width_Min": 0,
        "created_user": null,
        "created_date": null,
        "last_edited_user": "CEWEMVM",
        "last_edited_date": 1518089072000,
        "GlobalID": "{3AB48AF7-934E-4FCD-B71D-34FCA1D175B0}",
        "layer": "roads",
        "source": "city-of-eugene-gis"
      }
    },
    {
      "type": "Feature",
      "id": "roads_307",
      "geometry": {
        "type": "LineString",
        "coordinates": [
          [
            -123.11581681739611,
            44.0471788480548
          ],
          [
            -123.1180785867106,
            44.04718240120314
          ]
        ]
      },
      "properties": {
        "SEG_ID": 20023318,
        "EUGID": 23318,
        "OWNER": "EUG",
        "MAINT": "EUG",
        "SOURCE": "EUG",
        "METHOD": "DIG",
        "FCLASS": "LOCAL",
        "PAVED": "N",
        "DIR": "W",
        "NAME": "11TH",
        "TYPE": "ALY",
        "SPEED": 15,
        "AIRSSPEED": 5,
        "ONEWAY": "BW",
        "TRAFFLOW": "BW",
        "AIRSNAME": "W 11TH ALY",
        "F_ZLEV": 5,
        "T_ZLEV": 5,
        "L_LADD": 1500,
        "L_HADD": 1698,
        "R_LADD": 1501,
        "R_HADD": 1699,
        "SNOWROUTE": null,
        "EVAC": " ",
        "LCPWID": 0,
        "OBJECTID": 2942,
        "ER_ROUTES": 5,
        "ACCESS_CNT": " ",
        "Shape.STLength()": 594.7072021171426,
        "ROW_Width_Max": 14,
        "ROW_Width_Min": 0,
        "created_user": null,
        "created_date": null,
        "last_edited_user": "CEWEMVM",
        "last_edited_date": 1518089072000,
        "GlobalID": "{DD00A53F-74BA-490C-A91A-AD5FB00DBC94}",
        "layer": "roads",
        "source": "city-of-eugene-gis"
      }
    },
    {
      "type": "Feature",
      "id": "roads_308",
      "geometry": {
        "type": "LineString",
        "coordinates": [
          [
            -123.11480129396638,
            44.04717754512764
          ],
          [
            -123.11581681739611,
            44.0471788480548
          ]
        ]
      },
      "properties": {
        "SEG_ID": 20023317,
        "EUGID": 23317,
        "OWNER": "EUG",
        "MAINT": "EUG",
        "SOURCE": "EUG",
        "METHOD": "DIG",
        "FCLASS": "LOCAL",
        "PAVED": "N",
        "DIR": "W",
        "NAME": "11TH",
        "TYPE": "ALY",
        "SPEED": 15,
        "AIRSSPEED": 5,
        "ONEWAY": "BW",
        "TRAFFLOW": "BW",
        "AIRSNAME": "W 11TH ALY",
        "F_ZLEV": 5,
        "T_ZLEV": 5,
        "L_LADD": 1450,
        "L_HADD": 1498,
        "R_LADD": 1451,
        "R_HADD": 1499,
        "SNOWROUTE": null,
        "EVAC": " ",
        "LCPWID": 0,
        "OBJECTID": 2943,
        "ER_ROUTES": 5,
        "ACCESS_CNT": " ",
        "Shape.STLength()": 267.0204432394114,
        "ROW_Width_Max": 14,
        "ROW_Width_Min": 0,
        "created_user": null,
        "created_date": null,
        "last_edited_user": "CEWEMVM",
        "last_edited_date": 1518089072000,
        "GlobalID": "{E09057F2-B1D7-4544-98C2-4B7AF5D86CC8}",
        "layer": "roads",
        "source": "city-of-eugene-gis"
      }
    },
    {
      "type": "Feature",
      "id": "roads_309",
      "geometry": {
        "type": "LineString",
        "coordinates": [
          [
            -123.11327915106023,
            44.047724007763485
          ],
          [
            -123.11327966818699,
            44.0471754489363
          ]
        ]
      },
      "properties": {
        "SEG_ID": 20023483,
        "EUGID": 23483,
        "OWNER": "EUG",
        "MAINT": "EUG",
        "SOURCE": "EUG",
        "METHOD": "DIG",
        "FCLASS": "LOCAL",
        "PAVED": "N",
        "DIR": " ",
        "NAME": "POLK",
        "TYPE": "ALY",
        "SPEED": 15,
        "AIRSSPEED": 5,
        "ONEWAY": "BW",
        "TRAFFLOW": "BW",
        "AIRSNAME": "POLK ALY",
        "F_ZLEV": 5,
        "T_ZLEV": 5,
        "L_LADD": 1101,
        "L_HADD": 1149,
        "R_LADD": 1100,
        "R_HADD": 1148,
        "SNOWROUTE": null,
        "EVAC": " ",
        "LCPWID": 0,
        "OBJECTID": 2944,
        "ER_ROUTES": 5,
        "ACCESS_CNT": " ",
        "Shape.STLength()": 199.97663926068964,
        "ROW_Width_Max": 14,
        "ROW_Width_Min": 0,
        "created_user": null,
        "created_date": null,
        "last_edited_user": "CEWEMVM",
        "last_edited_date": 1518089072000,
        "GlobalID": "{266F7732-BA44-421C-8212-14961A21F757}",
        "layer": "roads",
        "source": "city-of-eugene-gis"
      }
    },
    {
      "type": "Feature",
      "id": "roads_310",
      "geometry": {
        "type": "LineString",
        "coordinates": [
          [
            -123.11327966818699,
            44.0471754489363
          ],
          [
            -123.11328017783005,
            44.046626717264814
          ]
        ]
      },
      "properties": {
        "SEG_ID": 20050945,
        "EUGID": 50945,
        "OWNER": "EUG",
        "MAINT": "EUG",
        "SOURCE": "EUG",
        "METHOD": "DIG",
        "FCLASS": "LOCAL",
        "PAVED": "N",
        "DIR": " ",
        "NAME": "POLK",
        "TYPE": "ALY",
        "SPEED": 15,
        "AIRSSPEED": 5,
        "ONEWAY": "BW",
        "TRAFFLOW": "BW",
        "AIRSNAME": "POLK ALY",
        "F_ZLEV": 5,
        "T_ZLEV": 5,
        "L_LADD": 1151,
        "L_HADD": 1199,
        "R_LADD": 1150,
        "R_HADD": 1198,
        "SNOWROUTE": null,
        "EVAC": " ",
        "LCPWID": 0,
        "OBJECTID": 2945,
        "ER_ROUTES": 5,
        "ACCESS_CNT": " ",
        "Shape.STLength()": 200.03959938064799,
        "ROW_Width_Max": 14,
        "ROW_Width_Min": 0,
        "created_user": null,
        "created_date": null,
        "last_edited_user": "CEWEMVM",
        "last_edited_date": 1518089072000,
        "GlobalID": "{2DD4FE6D-B05C-4209-9ADB-1EB320B96AC0}",
        "layer": "roads",
        "source": "city-of-eugene-gis"
      }
    },
    {
      "type": "Feature",
      "id": "roads_311",
      "geometry": {
        "type": "LineString",
        "coordinates": [
          [
            -123.11099795716791,
            44.04717259125189
          ],
          [
            -123.11251861028214,
            44.047174225999655
          ]
        ]
      },
      "properties": {
        "SEG_ID": 20023315,
        "EUGID": 23315,
        "OWNER": "EUG",
        "MAINT": "EUG",
        "SOURCE": "EUG",
        "METHOD": "DIG",
        "FCLASS": "LOCAL",
        "PAVED": "N",
        "DIR": "W",
        "NAME": "11TH",
        "TYPE": "ALY",
        "SPEED": 15,
        "AIRSSPEED": 5,
        "ONEWAY": "BW",
        "TRAFFLOW": "W",
        "AIRSNAME": "W 11TH ALY",
        "F_ZLEV": 5,
        "T_ZLEV": 5,
        "L_LADD": 1200,
        "L_HADD": 1298,
        "R_LADD": 1201,
        "R_HADD": 1299,
        "SNOWROUTE": null,
        "EVAC": " ",
        "LCPWID": 0,
        "OBJECTID": 2946,
        "ER_ROUTES": 5,
        "ACCESS_CNT": " ",
        "Shape.STLength()": 399.83844536047746,
        "ROW_Width_Max": 14,
        "ROW_Width_Min": 0,
        "created_user": null,
        "created_date": null,
        "last_edited_user": "CEWEMVM",
        "last_edited_date": 1518089072000,
        "GlobalID": "{EBD8CDCB-7FA3-4048-B1CF-54011FCD9F9D}",
        "layer": "roads",
        "source": "city-of-eugene-gis"
      }
    },
    {
      "type": "Feature",
      "id": "roads_312",
      "geometry": {
        "type": "LineString",
        "coordinates": [
          [
            -123.10947728944268,
            44.04717059656454
          ],
          [
            -123.11052611133587,
            44.04717205615653
          ],
          [
            -123.11099795716791,
            44.04717259125189
          ]
        ]
      },
      "properties": {
        "SEG_ID": 20023486,
        "EUGID": 23486,
        "OWNER": "EUG",
        "MAINT": "EUG",
        "SOURCE": "EUG",
        "METHOD": "DIG",
        "FCLASS": "LOCAL",
        "PAVED": "N",
        "DIR": "W",
        "NAME": "11TH",
        "TYPE": "ALY",
        "SPEED": 15,
        "AIRSSPEED": 5,
        "ONEWAY": "BW",
        "TRAFFLOW": "W",
        "AIRSNAME": "W 11TH ALY",
        "F_ZLEV": 5,
        "T_ZLEV": 5,
        "L_LADD": 1100,
        "L_HADD": 1198,
        "R_LADD": 1101,
        "R_HADD": 1199,
        "SNOWROUTE": null,
        "EVAC": " ",
        "LCPWID": 0,
        "OBJECTID": 2947,
        "ER_ROUTES": 5,
        "ACCESS_CNT": " ",
        "Shape.STLength()": 399.8425214342118,
        "ROW_Width_Max": 14,
        "ROW_Width_Min": 0,
        "created_user": null,
        "created_date": null,
        "last_edited_user": "CEWEMVM",
        "last_edited_date": 1518089072000,
        "GlobalID": "{58B67DD9-66AE-492D-92F0-B388BB122F18}",
        "layer": "roads",
        "source": "city-of-eugene-gis"
      }
    },
    {
      "type": "Feature",
      "id": "roads_313",
      "geometry": {
        "type": "LineString",
        "coordinates": [
          [
            -123.10491194580946,
            44.04716422223191
          ],
          [
            -123.10491207108825,
            44.046615843984455
          ]
        ]
      },
      "properties": {
        "SEG_ID": 20050403,
        "EUGID": 50403,
        "OWNER": "EUG",
        "MAINT": "EUG",
        "SOURCE": "EUG",
        "METHOD": "SURV",
        "FCLASS": "MINCOLL",
        "PAVED": "Y",
        "DIR": " ",
        "NAME": "MONROE",
        "TYPE": "ST",
        "SPEED": 25,
        "AIRSSPEED": 25,
        "ONEWAY": "BW",
        "TRAFFLOW": "BW",
        "AIRSNAME": "MONROE ST",
        "F_ZLEV": 5,
        "T_ZLEV": 5,
        "L_LADD": 1151,
        "L_HADD": 1199,
        "R_LADD": 1150,
        "R_HADD": 1198,
        "SNOWROUTE": null,
        "EVAC": " ",
        "LCPWID": 0,
        "OBJECTID": 2948,
        "ER_ROUTES": 4,
        "ACCESS_CNT": "Y",
        "Shape.STLength()": 199.91071587670993,
        "ROW_Width_Max": 66,
        "ROW_Width_Min": 0,
        "created_user": null,
        "created_date": null,
        "last_edited_user": "CEWEMVM",
        "last_edited_date": 1518089072000,
        "GlobalID": "{4EB6603C-33FD-4A4D-9475-D865DED91BD3}",
        "layer": "roads",
        "source": "city-of-eugene-gis"
      }
    },
    {
      "type": "Feature",
      "id": "roads_314",
      "geometry": {
        "type": "LineString",
        "coordinates": [
          [
            -123.1049113600257,
            44.04771295103424
          ],
          [
            -123.10491194580946,
            44.04716422223191
          ]
        ]
      },
      "properties": {
        "SEG_ID": 20003347,
        "EUGID": 3347,
        "OWNER": "EUG",
        "MAINT": "EUG",
        "SOURCE": "EUG",
        "METHOD": "SURV",
        "FCLASS": "MINCOLL",
        "PAVED": "Y",
        "DIR": " ",
        "NAME": "MONROE",
        "TYPE": "ST",
        "SPEED": 25,
        "AIRSSPEED": 25,
        "ONEWAY": "BW",
        "TRAFFLOW": "BW",
        "AIRSNAME": "MONROE ST",
        "F_ZLEV": 5,
        "T_ZLEV": 5,
        "L_LADD": 1101,
        "L_HADD": 1149,
        "R_LADD": 1100,
        "R_HADD": 1148,
        "SNOWROUTE": null,
        "EVAC": " ",
        "LCPWID": 0,
        "OBJECTID": 2949,
        "ER_ROUTES": 4,
        "ACCESS_CNT": "Y",
        "Shape.STLength()": 200.03861562861866,
        "ROW_Width_Max": 66,
        "ROW_Width_Min": 0,
        "created_user": null,
        "created_date": null,
        "last_edited_user": "CEWEMVM",
        "last_edited_date": 1518089072000,
        "GlobalID": "{4584814B-1A9C-49CB-B78B-BD3CD90B0A67}",
        "layer": "roads",
        "source": "city-of-eugene-gis"
      }
    },
    {
      "type": "Feature",
      "id": "roads_315",
      "geometry": {
        "type": "LineString",
        "coordinates": [
          [
            -123.10743693979904,
            44.05946539093212
          ],
          [
            -123.10832383639665,
            44.05946879378493
          ],
          [
            -123.10846987392696,
            44.059479577946604
          ]
        ]
      },
      "properties": {
        "SEG_ID": 20001131,
        "EUGID": 1131,
        "OWNER": "EUG",
        "MAINT": "EUG",
        "SOURCE": "EUG",
        "METHOD": "SURV",
        "FCLASS": "LOCAL",
        "PAVED": "Y",
        "DIR": " ",
        "NAME": "CLARK",
        "TYPE": "ST",
        "SPEED": 20,
        "AIRSSPEED": 20,
        "ONEWAY": "BW",
        "TRAFFLOW": "BW",
        "AIRSNAME": "CLARK ST",
        "F_ZLEV": 5,
        "T_ZLEV": 5,
        "L_LADD": 1000,
        "L_HADD": 1048,
        "R_LADD": 1001,
        "R_HADD": 1049,
        "SNOWROUTE": null,
        "EVAC": " ",
        "LCPWID": 0,
        "OBJECTID": 2950,
        "ER_ROUTES": 5,
        "ACCESS_CNT": " ",
        "Shape.STLength()": 271.74676971086666,
        "ROW_Width_Max": 66,
        "ROW_Width_Min": 0,
        "created_user": null,
        "created_date": null,
        "last_edited_user": "PWE_GDB_TRANSPORT_ADMIN",
        "last_edited_date": 1717002004000,
        "GlobalID": "{2CF65F85-9055-41B8-9C17-9A8BA60C18AE}",
        "layer": "roads",
        "source": "city-of-eugene-gis"
      }
    },
    {
      "type": "Feature",
      "id": "roads_316",
      "geometry": {
        "type": "LineString",
        "coordinates": [
          [
            -123.10645020088549,
            44.059463361164816
          ],
          [
            -123.10592198397983,
            44.058732164374376
          ]
        ]
      },
      "properties": {
        "SEG_ID": 20000008,
        "EUGID": 8,
        "OWNER": "EUG",
        "MAINT": "EUG",
        "SOURCE": "EUG",
        "METHOD": "SURV",
        "FCLASS": "LOCAL",
        "PAVED": "Y",
        "DIR": " ",
        "NAME": "ADAMS",
        "TYPE": "ST",
        "SPEED": 20,
        "AIRSSPEED": 20,
        "ONEWAY": "BW",
        "TRAFFLOW": "BW",
        "AIRSNAME": "ADAMS ST",
        "F_ZLEV": 5,
        "T_ZLEV": 5,
        "L_LADD": 47,
        "L_HADD": 59,
        "R_LADD": 48,
        "R_HADD": 48,
        "SNOWROUTE": null,
        "EVAC": " ",
        "LCPWID": 0,
        "OBJECTID": 2951,
        "ER_ROUTES": 5,
        "ACCESS_CNT": " ",
        "Shape.STLength()": 300.5591663882504,
        "ROW_Width_Max": 6,
        "ROW_Width_Min": 0,
        "created_user": null,
        "created_date": null,
        "last_edited_user": "PWE_GDB_TRANSPORT_ADMIN",
        "last_edited_date": 1715210265000,
        "GlobalID": "{4F318EDB-6F66-401C-ABB9-2E8C8211D121}",
        "layer": "roads",
        "source": "city-of-eugene-gis"
      }
    },
    {
      "type": "Feature",
      "id": "roads_317",
      "geometry": {
        "type": "LineString",
        "coordinates": [
          [
            -123.1094592194758,
            44.05763778576125
          ],
          [
            -123.10945975668734,
            44.057088889354326
          ]
        ]
      },
      "properties": {
        "SEG_ID": 20004737,
        "EUGID": 4737,
        "OWNER": "EUG",
        "MAINT": "EUG",
        "SOURCE": "EUG",
        "METHOD": "SURV",
        "FCLASS": "MINCOLL",
        "PAVED": "Y",
        "DIR": " ",
        "NAME": "VAN BUREN",
        "TYPE": "ST",
        "SPEED": 20,
        "AIRSSPEED": 20,
        "ONEWAY": "BW",
        "TRAFFLOW": "BW",
        "AIRSNAME": "VAN BUREN ST",
        "F_ZLEV": 5,
        "T_ZLEV": 5,
        "L_LADD": 201,
        "L_HADD": 249,
        "R_LADD": 200,
        "R_HADD": 248,
        "SNOWROUTE": 3,
        "EVAC": " ",
        "LCPWID": 0,
        "OBJECTID": 2952,
        "ER_ROUTES": 4,
        "ACCESS_CNT": "Y",
        "Shape.STLength()": 200.10059201606913,
        "ROW_Width_Max": 66,
        "ROW_Width_Min": 0,
        "created_user": null,
        "created_date": null,
        "last_edited_user": "PWE_GDB_TRANSPORT_ADMIN",
        "last_edited_date": 1772212902000,
        "GlobalID": "{A936E6CD-15A1-4736-BA37-B1FADC7A55F5}",
        "layer": "roads",
        "source": "city-of-eugene-gis"
      }
    },
    {
      "type": "Feature",
      "id": "roads_318",
      "geometry": {
        "type": "LineString",
        "coordinates": [
          [
            -123.10945975668734,
            44.057088889354326
          ],
          [
            -123.10946076889543,
            44.05653997673325
          ]
        ]
      },
      "properties": {
        "SEG_ID": 20050388,
        "EUGID": 50388,
        "OWNER": "EUG",
        "MAINT": "EUG",
        "SOURCE": "EUG",
        "METHOD": "SURV",
        "FCLASS": "MINCOLL",
        "PAVED": "Y",
        "DIR": " ",
        "NAME": "VAN BUREN",
        "TYPE": "ST",
        "SPEED": 20,
        "AIRSSPEED": 20,
        "ONEWAY": "BW",
        "TRAFFLOW": "BW",
        "AIRSNAME": "VAN BUREN ST",
        "F_ZLEV": 5,
        "T_ZLEV": 5,
        "L_LADD": 251,
        "L_HADD": 299,
        "R_LADD": 250,
        "R_HADD": 298,
        "SNOWROUTE": 3,
        "EVAC": " ",
        "LCPWID": 0,
        "OBJECTID": 2953,
        "ER_ROUTES": 4,
        "ACCESS_CNT": "Y",
        "Shape.STLength()": 200.1065808556934,
        "ROW_Width_Max": 66,
        "ROW_Width_Min": 0,
        "created_user": null,
        "created_date": null,
        "last_edited_user": "PWE_GDB_TRANSPORT_ADMIN",
        "last_edited_date": 1772212902000,
        "GlobalID": "{9511478D-057D-4626-89A6-3F05D3511D5D}",
        "layer": "roads",
        "source": "city-of-eugene-gis"
      }
    },
    {
      "type": "Feature",
      "id": "roads_319",
      "geometry": {
        "type": "LineString",
        "coordinates": [
          [
            -123.10406556205378,
            44.05983110958666
          ],
          [
            -123.10482532391266,
            44.05983173446775
          ]
        ]
      },
      "properties": {
        "SEG_ID": 20001141,
        "EUGID": 1141,
        "OWNER": "EUG",
        "MAINT": "EUG",
        "SOURCE": "EUG",
        "METHOD": "SURV",
        "FCLASS": "LOCAL",
        "PAVED": "Y",
        "DIR": " ",
        "NAME": "CLARK",
        "TYPE": "ST",
        "SPEED": 20,
        "AIRSSPEED": 20,
        "ONEWAY": "BW",
        "TRAFFLOW": "BW",
        "AIRSNAME": "CLARK ST",
        "F_ZLEV": 5,
        "T_ZLEV": 5,
        "L_LADD": 750,
        "L_HADD": 798,
        "R_LADD": 751,
        "R_HADD": 799,
        "SNOWROUTE": null,
        "EVAC": " ",
        "LCPWID": 0,
        "OBJECTID": 2954,
        "ER_ROUTES": 5,
        "ACCESS_CNT": " ",
        "Shape.STLength()": 199.72878702784493,
        "ROW_Width_Max": 66,
        "ROW_Width_Min": 0,
        "created_user": null,
        "created_date": null,
        "last_edited_user": "PWE_GDB_TRANSPORT_ADMIN",
        "last_edited_date": 1717002004000,
        "GlobalID": "{A69F8CF9-6754-4E02-B8DB-E41593897EA3}",
        "layer": "roads",
        "source": "city-of-eugene-gis"
      }
    },
    {
      "type": "Feature",
      "id": "roads_320",
      "geometry": {
        "type": "LineString",
        "coordinates": [
          [
            -123.10333217495332,
            44.05873211770425
          ],
          [
            -123.10408904186703,
            44.05873212590084
          ]
        ]
      },
      "properties": {
        "SEG_ID": 20050445,
        "EUGID": 50445,
        "OWNER": "EUG",
        "MAINT": "EUG",
        "SOURCE": "EUG",
        "METHOD": "SURV",
        "FCLASS": "MAJCOLL",
        "PAVED": "Y",
        "DIR": "W",
        "NAME": "1ST",
        "TYPE": "AVE",
        "SPEED": 30,
        "AIRSSPEED": 30,
        "ONEWAY": "BW",
        "TRAFFLOW": "BW",
        "AIRSNAME": "W 1ST AVE",
        "F_ZLEV": 5,
        "T_ZLEV": 5,
        "L_LADD": 700,
        "L_HADD": 748,
        "R_LADD": 701,
        "R_HADD": 749,
        "SNOWROUTE": 2,
        "EVAC": " ",
        "LCPWID": 0,
        "OBJECTID": 2955,
        "ER_ROUTES": 4,
        "ACCESS_CNT": "Y",
        "Shape.STLength()": 198.97124634366455,
        "ROW_Width_Max": 66,
        "ROW_Width_Min": 0,
        "created_user": null,
        "created_date": null,
        "last_edited_user": "PWE_GDB_TRANSPORT_ADMIN",
        "last_edited_date": 1772212902000,
        "GlobalID": "{03AC62C4-4089-47EF-9A8B-E875A0FCC65B}",
        "layer": "roads",
        "source": "city-of-eugene-gis"
      }
    },
    {
      "type": "Feature",
      "id": "roads_321",
      "geometry": {
        "type": "LineString",
        "coordinates": [
          [
            -123.10482532391266,
            44.05983173446775
          ],
          [
            -123.1053005806778,
            44.059831875348756
          ],
          [
            -123.1053257624501,
            44.05983114008221
          ]
        ]
      },
      "properties": {
        "SEG_ID": 20050442,
        "EUGID": 50442,
        "OWNER": "EUG",
        "MAINT": "EUG",
        "SOURCE": "EUG",
        "METHOD": "SURV",
        "FCLASS": "LOCAL",
        "PAVED": "Y",
        "DIR": " ",
        "NAME": "CLARK",
        "TYPE": "ST",
        "SPEED": 20,
        "AIRSSPEED": 20,
        "ONEWAY": "BW",
        "TRAFFLOW": "BW",
        "AIRSNAME": "CLARK ST",
        "F_ZLEV": 5,
        "T_ZLEV": 5,
        "L_LADD": 800,
        "L_HADD": 848,
        "R_LADD": 801,
        "R_HADD": 849,
        "SNOWROUTE": null,
        "EVAC": " ",
        "LCPWID": 0,
        "OBJECTID": 2956,
        "ER_ROUTES": 5,
        "ACCESS_CNT": " ",
        "Shape.STLength()": 131.56233695211043,
        "ROW_Width_Max": 66,
        "ROW_Width_Min": 0,
        "created_user": null,
        "created_date": null,
        "last_edited_user": "PWE_GDB_TRANSPORT_ADMIN",
        "last_edited_date": 1717002004000,
        "GlobalID": "{E1786AE0-85CC-473A-862B-30B43BAFBE72}",
        "layer": "roads",
        "source": "city-of-eugene-gis"
      }
    },
    {
      "type": "Feature",
      "id": "roads_322",
      "geometry": {
        "type": "LineString",
        "coordinates": [
          [
            -123.10945975668734,
            44.057088889354326
          ],
          [
            -123.11077702525884,
            44.057089802464866
          ]
        ]
      },
      "properties": {
        "SEG_ID": 20005154,
        "EUGID": 5154,
        "OWNER": "EUG",
        "MAINT": "EUG",
        "SOURCE": "EUG",
        "METHOD": "SURV",
        "FCLASS": "LOCAL",
        "PAVED": "Y",
        "DIR": "W",
        "NAME": "2ND",
        "TYPE": "ALY",
        "SPEED": 15,
        "AIRSSPEED": 10,
        "ONEWAY": "BW",
        "TRAFFLOW": "BW",
        "AIRSNAME": "W 2ND ALY",
        "F_ZLEV": 5,
        "T_ZLEV": 5,
        "L_LADD": 1100,
        "L_HADD": 1198,
        "R_LADD": 1101,
        "R_HADD": 1199,
        "SNOWROUTE": null,
        "EVAC": " ",
        "LCPWID": 0,
        "OBJECTID": 2957,
        "ER_ROUTES": 5,
        "ACCESS_CNT": " ",
        "Shape.STLength()": 346.30370969910564,
        "ROW_Width_Max": 14,
        "ROW_Width_Min": 0,
        "created_user": null,
        "created_date": null,
        "last_edited_user": "CEWEMVM",
        "last_edited_date": 1518089072000,
        "GlobalID": "{EB718F0B-61E3-43B2-AE03-6921366032FC}",
        "layer": "roads",
        "source": "city-of-eugene-gis"
      }
    },
    {
      "type": "Feature",
      "id": "roads_323",
      "geometry": {
        "type": "LineString",
        "coordinates": [
          [
            -123.1079308044777,
            44.0570880814863
          ],
          [
            -123.10945975668734,
            44.057088889354326
          ]
        ]
      },
      "properties": {
        "SEG_ID": 20023263,
        "EUGID": 23263,
        "OWNER": "EUG",
        "MAINT": "EUG",
        "SOURCE": "EUG",
        "METHOD": "SURV",
        "FCLASS": "LOCAL",
        "PAVED": "N",
        "DIR": "W",
        "NAME": "2ND",
        "TYPE": "ALY",
        "SPEED": 15,
        "AIRSSPEED": 5,
        "ONEWAY": "BW",
        "TRAFFLOW": "BW",
        "AIRSNAME": "W 2ND ALY",
        "F_ZLEV": 5,
        "T_ZLEV": 5,
        "L_LADD": 1000,
        "L_HADD": 1098,
        "R_LADD": 1001,
        "R_HADD": 1099,
        "SNOWROUTE": null,
        "EVAC": " ",
        "LCPWID": 0,
        "OBJECTID": 2958,
        "ER_ROUTES": 5,
        "ACCESS_CNT": " ",
        "Shape.STLength()": 401.95427011940114,
        "ROW_Width_Max": 14,
        "ROW_Width_Min": 0,
        "created_user": null,
        "created_date": null,
        "last_edited_user": "CEWEMVM",
        "last_edited_date": 1518089072000,
        "GlobalID": "{040F94A4-248E-499C-85BB-EBC1AF58DFF8}",
        "layer": "roads",
        "source": "city-of-eugene-gis"
      }
    },
    {
      "type": "Feature",
      "id": "roads_324",
      "geometry": {
        "type": "LineString",
        "coordinates": [
          [
            -123.1056200984638,
            44.059794859162
          ],
          [
            -123.1057356898971,
            44.05976156022947
          ],
          [
            -123.10579889668483,
            44.05973801598727
          ],
          [
            -123.10586006922614,
            44.05971142988622
          ],
          [
            -123.10594611451447,
            44.059665930743506
          ],
          [
            -123.1061680999727,
            44.059529558310224
          ],
          [
            -123.10625605868238,
            44.0594953340403
          ],
          [
            -123.10632670464256,
            44.059478826624165
          ],
          [
            -123.10639134969428,
            44.059466570528144
          ],
          [
            -123.10645020088549,
            44.059463361164816
          ]
        ]
      },
      "properties": {
        "SEG_ID": 20001129,
        "EUGID": 1129,
        "OWNER": "EUG",
        "MAINT": "EUG",
        "SOURCE": "EUG",
        "METHOD": "SURV",
        "FCLASS": "LOCAL",
        "PAVED": "Y",
        "DIR": " ",
        "NAME": "CLARK",
        "TYPE": "ST",
        "SPEED": 20,
        "AIRSSPEED": 20,
        "ONEWAY": "BW",
        "TRAFFLOW": "BW",
        "AIRSNAME": "CLARK ST",
        "F_ZLEV": 5,
        "T_ZLEV": 5,
        "L_LADD": 860,
        "L_HADD": 898,
        "R_LADD": 861,
        "R_HADD": 899,
        "SNOWROUTE": null,
        "EVAC": " ",
        "LCPWID": 0,
        "OBJECTID": 2959,
        "ER_ROUTES": 5,
        "ACCESS_CNT": " ",
        "Shape.STLength()": 253.79511024485276,
        "ROW_Width_Max": 66,
        "ROW_Width_Min": 0,
        "created_user": null,
        "created_date": null,
        "last_edited_user": "PWE_GDB_TRANSPORT_ADMIN",
        "last_edited_date": 1717002004000,
        "GlobalID": "{D752F1A1-6A1A-47C1-BE99-63EABFDB4AF3}",
        "layer": "roads",
        "source": "city-of-eugene-gis"
      }
    },
    {
      "type": "Feature",
      "id": "roads_325",
      "geometry": {
        "type": "LineString",
        "coordinates": [
          [
            -123.1056200984638,
            44.059794859162
          ],
          [
            -123.10562213535522,
            44.060878176240344
          ]
        ]
      },
      "properties": {
        "SEG_ID": 20000312,
        "EUGID": 312,
        "OWNER": "EUG",
        "MAINT": "EUG",
        "SOURCE": "EUG",
        "METHOD": "SURV",
        "FCLASS": "LOCAL",
        "PAVED": "Y",
        "DIR": " ",
        "NAME": "ASH",
        "TYPE": "ST",
        "SPEED": 20,
        "AIRSSPEED": 20,
        "ONEWAY": "BW",
        "TRAFFLOW": "BW",
        "AIRSNAME": "ASH ST",
        "F_ZLEV": 5,
        "T_ZLEV": 5,
        "L_LADD": 2,
        "L_HADD": 98,
        "R_LADD": 1,
        "R_HADD": 99,
        "SNOWROUTE": null,
        "EVAC": " ",
        "LCPWID": 0,
        "OBJECTID": 2960,
        "ER_ROUTES": 5,
        "ACCESS_CNT": " ",
        "Shape.STLength()": 394.9248346204629,
        "ROW_Width_Max": 50,
        "ROW_Width_Min": 0,
        "created_user": null,
        "created_date": null,
        "last_edited_user": "PWE_GDB_TRANSPORT_ADMIN",
        "last_edited_date": 1717002004000,
        "GlobalID": "{87021D97-68E7-41F1-80B3-775D0F57C1C8}",
        "layer": "roads",
        "source": "city-of-eugene-gis"
      }
    },
    {
      "type": "Feature",
      "id": "roads_326",
      "geometry": {
        "type": "LineString",
        "coordinates": [
          [
            -123.1053257624501,
            44.05983114008221
          ],
          [
            -123.1053766084794,
            44.059829826180234
          ],
          [
            -123.10548227477321,
            44.05982007787361
          ],
          [
            -123.10555173952358,
            44.05980925648571
          ],
          [
            -123.1056200984638,
            44.059794859162
          ]
        ]
      },
      "properties": {
        "SEG_ID": 20001143,
        "EUGID": 1143,
        "OWNER": "EUG",
        "MAINT": "EUG",
        "SOURCE": "EUG",
        "METHOD": "SURV",
        "FCLASS": "LOCAL",
        "PAVED": "Y",
        "DIR": " ",
        "NAME": "CLARK",
        "TYPE": "ST",
        "SPEED": 20,
        "AIRSSPEED": 20,
        "ONEWAY": "BW",
        "TRAFFLOW": "BW",
        "AIRSNAME": "CLARK ST",
        "F_ZLEV": 5,
        "T_ZLEV": 5,
        "L_LADD": 850,
        "L_HADD": 858,
        "R_LADD": 851,
        "R_HADD": 859,
        "SNOWROUTE": null,
        "EVAC": " ",
        "LCPWID": 0,
        "OBJECTID": 2961,
        "ER_ROUTES": 5,
        "ACCESS_CNT": " ",
        "Shape.STLength()": 78.78303736512967,
        "ROW_Width_Max": 66,
        "ROW_Width_Min": 0,
        "created_user": null,
        "created_date": null,
        "last_edited_user": "PWE_GDB_TRANSPORT_ADMIN",
        "last_edited_date": 1717002004000,
        "GlobalID": "{9F12147E-DCB1-4F98-9916-285535C2F551}",
        "layer": "roads",
        "source": "city-of-eugene-gis"
      }
    },
    {
      "type": "Feature",
      "id": "roads_327",
      "geometry": {
        "type": "LineString",
        "coordinates": [
          [
            -123.10406556205378,
            44.05983110958666
          ],
          [
            -123.10408904186703,
            44.05873212590084
          ]
        ]
      },
      "properties": {
        "SEG_ID": 20003049,
        "EUGID": 3049,
        "OWNER": "EUG",
        "MAINT": "EUG",
        "SOURCE": "EUG",
        "METHOD": "DIG",
        "FCLASS": "LOCAL",
        "PAVED": "N",
        "DIR": " ",
        "NAME": "MADISON",
        "TYPE": "ALY",
        "SPEED": 15,
        "AIRSSPEED": 5,
        "ONEWAY": "BW",
        "TRAFFLOW": "BW",
        "AIRSNAME": "MADISON ALY",
        "F_ZLEV": 5,
        "T_ZLEV": 5,
        "L_LADD": 1,
        "L_HADD": 99,
        "R_LADD": 2,
        "R_HADD": 98,
        "SNOWROUTE": null,
        "EVAC": " ",
        "LCPWID": 0,
        "OBJECTID": 2962,
        "ER_ROUTES": 5,
        "ACCESS_CNT": " ",
        "Shape.STLength()": 400.6831081103869,
        "ROW_Width_Max": 14,
        "ROW_Width_Min": 0,
        "created_user": null,
        "created_date": null,
        "last_edited_user": "CEWEMVM",
        "last_edited_date": 1518089072000,
        "GlobalID": "{03B42F2C-D20B-4BFD-B74E-FDF4314588AF}",
        "layer": "roads",
        "source": "city-of-eugene-gis"
      }
    },
    {
      "type": "Feature",
      "id": "roads_328",
      "geometry": {
        "type": "LineString",
        "coordinates": [
          [
            -123.10256186894578,
            44.05928112088818
          ],
          [
            -123.10257197402109,
            44.058732011839794
          ]
        ]
      },
      "properties": {
        "SEG_ID": 20050436,
        "EUGID": 50436,
        "OWNER": "EUG",
        "MAINT": "EUG",
        "SOURCE": "EUG",
        "METHOD": "DIG",
        "FCLASS": "LOCAL",
        "PAVED": "N",
        "DIR": " ",
        "NAME": "JEFFERSON",
        "TYPE": "ALY",
        "SPEED": 15,
        "AIRSSPEED": 5,
        "ONEWAY": "BW",
        "TRAFFLOW": "BW",
        "AIRSNAME": "JEFFERSON ALY",
        "F_ZLEV": 5,
        "T_ZLEV": 5,
        "L_LADD": 0,
        "L_HADD": 0,
        "R_LADD": 70,
        "R_HADD": 70,
        "SNOWROUTE": null,
        "EVAC": " ",
        "LCPWID": 0,
        "OBJECTID": 2963,
        "ER_ROUTES": 5,
        "ACCESS_CNT": " ",
        "Shape.STLength()": 200.19583393562752,
        "ROW_Width_Max": 14,
        "ROW_Width_Min": 0,
        "created_user": null,
        "created_date": null,
        "last_edited_user": "CEWEMVM",
        "last_edited_date": 1518089072000,
        "GlobalID": "{8AE96F01-574C-42D0-A63F-86A8E7232410}",
        "layer": "roads",
        "source": "city-of-eugene-gis"
      }
    },
    {
      "type": "Feature",
      "id": "roads_329",
      "geometry": {
        "type": "LineString",
        "coordinates": [
          [
            -123.11328017783005,
            44.046626717264814
          ],
          [
            -123.11328030334793,
            44.04619000343865
          ],
          [
            -123.11328083713246,
            44.04552938768245
          ]
        ]
      },
      "properties": {
        "SEG_ID": 20023484,
        "EUGID": 23484,
        "OWNER": "EUG",
        "MAINT": "EUG",
        "SOURCE": "EUG",
        "METHOD": "SURV",
        "FCLASS": "LOCAL",
        "PAVED": "N",
        "DIR": " ",
        "NAME": "POLK",
        "TYPE": "ALY",
        "SPEED": 15,
        "AIRSSPEED": 5,
        "ONEWAY": "BW",
        "TRAFFLOW": "BW",
        "AIRSNAME": "POLK ALY",
        "F_ZLEV": 5,
        "T_ZLEV": 5,
        "L_LADD": 1245,
        "L_HADD": 1259,
        "R_LADD": 0,
        "R_HADD": 0,
        "SNOWROUTE": null,
        "EVAC": " ",
        "LCPWID": 0,
        "OBJECTID": 2964,
        "ER_ROUTES": 5,
        "ACCESS_CNT": " ",
        "Shape.STLength()": 400.0302447868621,
        "ROW_Width_Max": 14,
        "ROW_Width_Min": 0,
        "created_user": null,
        "created_date": null,
        "last_edited_user": "CEWEMVM",
        "last_edited_date": 1518089072000,
        "GlobalID": "{62EAF1F5-9F15-4297-BF8D-83D5F96C475E}",
        "layer": "roads",
        "source": "city-of-eugene-gis"
      }
    },
    {
      "type": "Feature",
      "id": "roads_330",
      "geometry": {
        "type": "LineString",
        "coordinates": [
          [
            -123.10408904186703,
            44.05873212590084
          ],
          [
            -123.1048492354679,
            44.05873205182313
          ]
        ]
      },
      "properties": {
        "SEG_ID": 20005121,
        "EUGID": 5121,
        "OWNER": "EUG",
        "MAINT": "EUG",
        "SOURCE": "EUG",
        "METHOD": "SURV",
        "FCLASS": "MAJCOLL",
        "PAVED": "Y",
        "DIR": "W",
        "NAME": "1ST",
        "TYPE": "AVE",
        "SPEED": 30,
        "AIRSSPEED": 30,
        "ONEWAY": "BW",
        "TRAFFLOW": "BW",
        "AIRSNAME": "W 1ST AVE",
        "F_ZLEV": 5,
        "T_ZLEV": 5,
        "L_LADD": 750,
        "L_HADD": 798,
        "R_LADD": 751,
        "R_HADD": 799,
        "SNOWROUTE": 2,
        "EVAC": " ",
        "LCPWID": 0,
        "OBJECTID": 2965,
        "ER_ROUTES": 4,
        "ACCESS_CNT": "Y",
        "Shape.STLength()": 199.84579446771735,
        "ROW_Width_Max": 66,
        "ROW_Width_Min": 0,
        "created_user": null,
        "created_date": null,
        "last_edited_user": "PWE_GDB_TRANSPORT_ADMIN",
        "last_edited_date": 1772212902000,
        "GlobalID": "{3A36C2BF-228D-4F95-86E4-577FEDBA3A34}",
        "layer": "roads",
        "source": "city-of-eugene-gis"
      }
    },
    {
      "type": "Feature",
      "id": "roads_331",
      "geometry": {
        "type": "LineString",
        "coordinates": [
          [
            -123.11251808624388,
            44.04772278482368
          ],
          [
            -123.11251861028214,
            44.047174225999655
          ]
        ]
      },
      "properties": {
        "SEG_ID": 20003972,
        "EUGID": 3972,
        "OWNER": "EUG",
        "MAINT": "EUG",
        "SOURCE": "EUG",
        "METHOD": "SURV",
        "FCLASS": "MAJCOLL",
        "PAVED": "Y",
        "DIR": " ",
        "NAME": "POLK",
        "TYPE": "ST",
        "SPEED": 25,
        "AIRSSPEED": 25,
        "ONEWAY": "BW",
        "TRAFFLOW": "BW",
        "AIRSNAME": "POLK ST",
        "F_ZLEV": 5,
        "T_ZLEV": 5,
        "L_LADD": 1101,
        "L_HADD": 1149,
        "R_LADD": 1100,
        "R_HADD": 1148,
        "SNOWROUTE": 2,
        "EVAC": " ",
        "LCPWID": 0,
        "OBJECTID": 2966,
        "ER_ROUTES": 4,
        "ACCESS_CNT": "Y",
        "Shape.STLength()": 199.97663926068964,
        "ROW_Width_Max": 66,
        "ROW_Width_Min": 0,
        "created_user": null,
        "created_date": null,
        "last_edited_user": "PWE_GDB_TRANSPORT_ADMIN",
        "last_edited_date": 1774886330000,
        "GlobalID": "{320B5B06-524A-4B90-9F80-91E961A2D089}",
        "layer": "roads",
        "source": "city-of-eugene-gis"
      }
    },
    {
      "type": "Feature",
      "id": "roads_332",
      "geometry": {
        "type": "LineString",
        "coordinates": [
          [
            -123.10178233559986,
            44.06037801075731
          ],
          [
            -123.10177329293218,
            44.06086363327634
          ]
        ]
      },
      "properties": {
        "SEG_ID": 20002571,
        "EUGID": 2571,
        "OWNER": "EUG",
        "MAINT": "EUG",
        "SOURCE": "EUG",
        "METHOD": "SURV",
        "FCLASS": "LOCAL",
        "PAVED": "Y",
        "DIR": "N",
        "NAME": "JEFFERSON",
        "TYPE": "ST",
        "SPEED": 20,
        "AIRSSPEED": 20,
        "ONEWAY": "BW",
        "TRAFFLOW": "BW",
        "AIRSNAME": "N JEFFERSON ST",
        "F_ZLEV": 5,
        "T_ZLEV": 5,
        "L_LADD": 50,
        "L_HADD": 98,
        "R_LADD": 51,
        "R_HADD": 99,
        "SNOWROUTE": null,
        "EVAC": " ",
        "LCPWID": 0,
        "OBJECTID": 2967,
        "ER_ROUTES": 5,
        "ACCESS_CNT": " ",
        "Shape.STLength()": 177.05022239466405,
        "ROW_Width_Max": 66,
        "ROW_Width_Min": 0,
        "created_user": null,
        "created_date": null,
        "last_edited_user": "PWE_GDB_TRANSPORT_ADMIN",
        "last_edited_date": 1716997242000,
        "GlobalID": "{58588A58-1F59-4F99-9E09-49E1ECA84C6E}",
        "layer": "roads",
        "source": "city-of-eugene-gis"
      }
    },
    {
      "type": "Feature",
      "id": "roads_333",
      "geometry": {
        "type": "LineString",
        "coordinates": [
          [
            -123.10178233559986,
            44.06037801075731
          ],
          [
            -123.10254115365701,
            44.060378669184146
          ]
        ]
      },
      "properties": {
        "SEG_ID": 20050437,
        "EUGID": 50437,
        "OWNER": "EUG",
        "MAINT": "EUG",
        "SOURCE": "EUG",
        "METHOD": "DIG",
        "FCLASS": "LOCAL",
        "PAVED": "Y",
        "DIR": " ",
        "NAME": "CHESHIRE",
        "TYPE": "ALY",
        "SPEED": 15,
        "AIRSSPEED": 10,
        "ONEWAY": "BW",
        "TRAFFLOW": "BW",
        "AIRSNAME": "CHESHIRE ALY",
        "F_ZLEV": 5,
        "T_ZLEV": 5,
        "L_LADD": 600,
        "L_HADD": 648,
        "R_LADD": 601,
        "R_HADD": 649,
        "SNOWROUTE": null,
        "EVAC": " ",
        "LCPWID": 0,
        "OBJECTID": 2968,
        "ER_ROUTES": 5,
        "ACCESS_CNT": " ",
        "Shape.STLength()": 199.47888533719586,
        "ROW_Width_Max": 14,
        "ROW_Width_Min": 0,
        "created_user": null,
        "created_date": null,
        "last_edited_user": "CEWEMVM",
        "last_edited_date": 1518089072000,
        "GlobalID": "{A04FFDF1-287B-4AF4-B792-F18596248F91}",
        "layer": "roads",
        "source": "city-of-eugene-gis"
      }
    },
    {
      "type": "Feature",
      "id": "roads_334",
      "geometry": {
        "type": "LineString",
        "coordinates": [
          [
            -123.10254115365701,
            44.060378669184146
          ],
          [
            -123.10330043978679,
            44.060379144683054
          ]
        ]
      },
      "properties": {
        "SEG_ID": 20001050,
        "EUGID": 1050,
        "OWNER": "EUG",
        "MAINT": "EUG",
        "SOURCE": "EUG",
        "METHOD": "DIG",
        "FCLASS": "LOCAL",
        "PAVED": "Y",
        "DIR": " ",
        "NAME": "CHESHIRE",
        "TYPE": "ALY",
        "SPEED": 15,
        "AIRSSPEED": 10,
        "ONEWAY": "BW",
        "TRAFFLOW": "BW",
        "AIRSNAME": "CHESHIRE ALY",
        "F_ZLEV": 5,
        "T_ZLEV": 5,
        "L_LADD": 650,
        "L_HADD": 698,
        "R_LADD": 651,
        "R_HADD": 699,
        "SNOWROUTE": null,
        "EVAC": " ",
        "LCPWID": 0,
        "OBJECTID": 2969,
        "ER_ROUTES": 5,
        "ACCESS_CNT": " ",
        "Shape.STLength()": 199.6018616525942,
        "ROW_Width_Max": 14,
        "ROW_Width_Min": 0,
        "created_user": null,
        "created_date": null,
        "last_edited_user": "CEWEMVM",
        "last_edited_date": 1518089072000,
        "GlobalID": "{9A5D4C69-9C63-4852-86D3-EAB49067E3F7}",
        "layer": "roads",
        "source": "city-of-eugene-gis"
      }
    },
    {
      "type": "Feature",
      "id": "roads_335",
      "geometry": {
        "type": "LineString",
        "coordinates": [
          [
            -123.10179199466015,
            44.059829422732726
          ],
          [
            -123.10178233559986,
            44.06037801075731
          ]
        ]
      },
      "properties": {
        "SEG_ID": 20050447,
        "EUGID": 50447,
        "OWNER": "EUG",
        "MAINT": "EUG",
        "SOURCE": "EUG",
        "METHOD": "SURV",
        "FCLASS": "LOCAL",
        "PAVED": "Y",
        "DIR": "N",
        "NAME": "JEFFERSON",
        "TYPE": "ST",
        "SPEED": 20,
        "AIRSSPEED": 20,
        "ONEWAY": "BW",
        "TRAFFLOW": "BW",
        "AIRSNAME": "N JEFFERSON ST",
        "F_ZLEV": 5,
        "T_ZLEV": 5,
        "L_LADD": 2,
        "L_HADD": 48,
        "R_LADD": 1,
        "R_HADD": 49,
        "SNOWROUTE": null,
        "EVAC": " ",
        "LCPWID": 0,
        "OBJECTID": 2970,
        "ER_ROUTES": 5,
        "ACCESS_CNT": " ",
        "Shape.STLength()": 200.00448575554162,
        "ROW_Width_Max": 66,
        "ROW_Width_Min": 0,
        "created_user": null,
        "created_date": null,
        "last_edited_user": "PWE_GDB_TRANSPORT_ADMIN",
        "last_edited_date": 1716997242000,
        "GlobalID": "{BB71AF46-720D-4F5C-8A34-3E8C8695F0A7}",
        "layer": "roads",
        "source": "city-of-eugene-gis"
      }
    },
    {
      "type": "Feature",
      "id": "roads_336",
      "geometry": {
        "type": "LineString",
        "coordinates": [
          [
            -123.10331103559014,
            44.05983053521859
          ],
          [
            -123.10330043978679,
            44.060379144683054
          ]
        ]
      },
      "properties": {
        "SEG_ID": 20050423,
        "EUGID": 50423,
        "OWNER": "EUG",
        "MAINT": "EUG",
        "SOURCE": "EUG",
        "METHOD": "SURV",
        "FCLASS": "LOCAL",
        "PAVED": "Y",
        "DIR": "N",
        "NAME": "MADISON",
        "TYPE": "ST",
        "SPEED": 20,
        "AIRSSPEED": 20,
        "ONEWAY": "BW",
        "TRAFFLOW": "BW",
        "AIRSNAME": "N MADISON ST",
        "F_ZLEV": 5,
        "T_ZLEV": 5,
        "L_LADD": 2,
        "L_HADD": 48,
        "R_LADD": 1,
        "R_HADD": 49,
        "SNOWROUTE": null,
        "EVAC": " ",
        "LCPWID": 0,
        "OBJECTID": 2971,
        "ER_ROUTES": 5,
        "ACCESS_CNT": " ",
        "Shape.STLength()": 200.01557894908748,
        "ROW_Width_Max": 66,
        "ROW_Width_Min": 0,
        "created_user": null,
        "created_date": null,
        "last_edited_user": "PWE_GDB_TRANSPORT_ADMIN",
        "last_edited_date": 1716997242000,
        "GlobalID": "{2FCF591F-0B68-42BF-9578-727327A2C062}",
        "layer": "roads",
        "source": "city-of-eugene-gis"
      }
    },
    {
      "type": "Feature",
      "id": "roads_337",
      "geometry": {
        "type": "LineString",
        "coordinates": [
          [
            -123.10330043978679,
            44.060379144683054
          ],
          [
            -123.10329093393547,
            44.06086477527831
          ],
          [
            -123.10327285871837,
            44.06086483751773
          ]
        ]
      },
      "properties": {
        "SEG_ID": 20003047,
        "EUGID": 3047,
        "OWNER": "EUG",
        "MAINT": "EUG",
        "SOURCE": "EUG",
        "METHOD": "SURV",
        "FCLASS": "LOCAL",
        "PAVED": "Y",
        "DIR": "N",
        "NAME": "MADISON",
        "TYPE": "ST",
        "SPEED": 20,
        "AIRSSPEED": 20,
        "ONEWAY": "BW",
        "TRAFFLOW": "BW",
        "AIRSNAME": "N MADISON ST",
        "F_ZLEV": 5,
        "T_ZLEV": 5,
        "L_LADD": 50,
        "L_HADD": 98,
        "R_LADD": 51,
        "R_HADD": 99,
        "SNOWROUTE": null,
        "EVAC": " ",
        "LCPWID": 0,
        "OBJECTID": 2972,
        "ER_ROUTES": 5,
        "ACCESS_CNT": " ",
        "Shape.STLength()": 181.80648750042138,
        "ROW_Width_Max": 66,
        "ROW_Width_Min": 0,
        "created_user": null,
        "created_date": null,
        "last_edited_user": "PWE_GDB_TRANSPORT_ADMIN",
        "last_edited_date": 1716997242000,
        "GlobalID": "{F8CE2545-DB54-4284-AB00-07ADB0CD2A33}",
        "layer": "roads",
        "source": "city-of-eugene-gis"
      }
    },
    {
      "type": "Feature",
      "id": "roads_338",
      "geometry": {
        "type": "LineString",
        "coordinates": [
          [
            -123.10643206350042,
            44.04771552095353
          ],
          [
            -123.10643264280816,
            44.047166962156645
          ]
        ]
      },
      "properties": {
        "SEG_ID": 20000024,
        "EUGID": 24,
        "OWNER": "EUG",
        "MAINT": "EUG",
        "SOURCE": "EUG",
        "METHOD": "SURV",
        "FCLASS": "LOCAL",
        "PAVED": "Y",
        "DIR": " ",
        "NAME": "ADAMS",
        "TYPE": "ST",
        "SPEED": 20,
        "AIRSSPEED": 20,
        "ONEWAY": "BW",
        "TRAFFLOW": "BW",
        "AIRSNAME": "ADAMS ST",
        "F_ZLEV": 5,
        "T_ZLEV": 5,
        "L_LADD": 1101,
        "L_HADD": 1149,
        "R_LADD": 1100,
        "R_HADD": 1148,
        "SNOWROUTE": null,
        "EVAC": " ",
        "LCPWID": 0,
        "OBJECTID": 2973,
        "ER_ROUTES": 5,
        "ACCESS_CNT": " ",
        "Shape.STLength()": 199.97663926068964,
        "ROW_Width_Max": 66,
        "ROW_Width_Min": 0,
        "created_user": null,
        "created_date": null,
        "last_edited_user": "PWE_GDB_TRANSPORT_ADMIN",
        "last_edited_date": 1715210265000,
        "GlobalID": "{5720F932-A78A-43C2-868C-EBB45F0CB048}",
        "layer": "roads",
        "source": "city-of-eugene-gis"
      }
    },
    {
      "type": "Feature",
      "id": "roads_339",
      "geometry": {
        "type": "LineString",
        "coordinates": [
          [
            -123.10177329293218,
            44.06086363327634
          ],
          [
            -123.10176081081998,
            44.06090507933896
          ],
          [
            -123.10175167912904,
            44.06208418349507
          ]
        ]
      },
      "properties": {
        "SEG_ID": 20021855,
        "EUGID": 21855,
        "OWNER": "EUG",
        "MAINT": "EUG",
        "SOURCE": "EUG",
        "METHOD": "SURV",
        "FCLASS": "LOCAL",
        "PAVED": "Y",
        "DIR": "N",
        "NAME": "JEFFERSON",
        "TYPE": "ST",
        "SPEED": 20,
        "AIRSSPEED": 20,
        "ONEWAY": "BW",
        "TRAFFLOW": "BW",
        "AIRSNAME": "N JEFFERSON ST",
        "F_ZLEV": 5,
        "T_ZLEV": 5,
        "L_LADD": 100,
        "L_HADD": 300,
        "R_LADD": 101,
        "R_HADD": 301,
        "SNOWROUTE": null,
        "EVAC": " ",
        "LCPWID": 0,
        "OBJECTID": 2974,
        "ER_ROUTES": 5,
        "ACCESS_CNT": " ",
        "Shape.STLength()": 445.3120932453643,
        "ROW_Width_Max": 14,
        "ROW_Width_Min": 12,
        "created_user": null,
        "created_date": null,
        "last_edited_user": "PWE_GDB_TRANSPORT_ADMIN",
        "last_edited_date": 1716997242000,
        "GlobalID": "{878B4BDA-89AB-44C1-BDE3-62313D1F06D1}",
        "layer": "roads",
        "source": "city-of-eugene-gis"
      }
    },
    {
      "type": "Feature",
      "id": "roads_340",
      "geometry": {
        "type": "LineString",
        "coordinates": [
          [
            -123.10487321286769,
            44.057633914928715
          ],
          [
            -123.10572934470456,
            44.05765260841173
          ],
          [
            -123.10575195874591,
            44.05768057701319
          ]
        ]
      },
      "properties": {
        "SEG_ID": 20005147,
        "EUGID": 5147,
        "OWNER": "EUG",
        "MAINT": "EUG",
        "SOURCE": "EUG",
        "METHOD": "SURV",
        "FCLASS": "LOCAL",
        "PAVED": "Y",
        "DIR": "W",
        "NAME": "2ND",
        "TYPE": "AVE",
        "SPEED": 25,
        "AIRSSPEED": 25,
        "ONEWAY": "BW",
        "TRAFFLOW": "BW",
        "AIRSNAME": "W 2ND AVE",
        "F_ZLEV": 5,
        "T_ZLEV": 5,
        "L_LADD": 800,
        "L_HADD": 848,
        "R_LADD": 801,
        "R_HADD": 849,
        "SNOWROUTE": null,
        "EVAC": " ",
        "LCPWID": 0,
        "OBJECTID": 2975,
        "ER_ROUTES": 5,
        "ACCESS_CNT": " ",
        "Shape.STLength()": 236.9766214298668,
        "ROW_Width_Max": 66,
        "ROW_Width_Min": 46,
        "created_user": null,
        "created_date": null,
        "last_edited_user": "CEWEMVM",
        "last_edited_date": 1518089072000,
        "GlobalID": "{C66DCDB2-EF9D-46ED-84AD-BBBC1D86E124}",
        "layer": "roads",
        "source": "city-of-eugene-gis"
      }
    },
    {
      "type": "Feature",
      "id": "roads_341",
      "geometry": {
        "type": "LineString",
        "coordinates": [
          [
            -123.10575195874591,
            44.05768057701319
          ],
          [
            -123.1062023524812,
            44.057678184388266
          ],
          [
            -123.10709590596483,
            44.05768213539938
          ]
        ]
      },
      "properties": {
        "SEG_ID": 20022990,
        "EUGID": 22990,
        "OWNER": "EUG",
        "MAINT": "EUG",
        "SOURCE": "EUG",
        "METHOD": "DIG",
        "FCLASS": "LOCAL",
        "PAVED": "Y",
        "DIR": "W",
        "NAME": "2ND",
        "TYPE": "AVE",
        "SPEED": 25,
        "AIRSSPEED": 25,
        "ONEWAY": "BW",
        "TRAFFLOW": "BW",
        "AIRSNAME": "W 2ND AVE",
        "F_ZLEV": 5,
        "T_ZLEV": 5,
        "L_LADD": 850,
        "L_HADD": 898,
        "R_LADD": 851,
        "R_HADD": 899,
        "SNOWROUTE": null,
        "EVAC": " ",
        "LCPWID": 0,
        "OBJECTID": 2976,
        "ER_ROUTES": 5,
        "ACCESS_CNT": " ",
        "Shape.STLength()": 353.3214108452391,
        "ROW_Width_Max": 33,
        "ROW_Width_Min": 0,
        "created_user": null,
        "created_date": null,
        "last_edited_user": "CEWEMVM",
        "last_edited_date": 1518089072000,
        "GlobalID": "{5D1C4D15-EC15-4118-A937-47DB946B4ABB}",
        "layer": "roads",
        "source": "city-of-eugene-gis"
      }
    },
    {
      "type": "Feature",
      "id": "roads_342",
      "geometry": {
        "type": "LineString",
        "coordinates": [
          [
            -123.1094757947914,
            44.04771934675211
          ],
          [
            -123.10947728944268,
            44.04717059656454
          ]
        ]
      },
      "properties": {
        "SEG_ID": 20004745,
        "EUGID": 4745,
        "OWNER": "EUG",
        "MAINT": "EUG",
        "SOURCE": "EUG",
        "METHOD": "SURV",
        "FCLASS": "LOCAL",
        "PAVED": "Y",
        "DIR": " ",
        "NAME": "VAN BUREN",
        "TYPE": "ST",
        "SPEED": 20,
        "AIRSSPEED": 20,
        "ONEWAY": "BW",
        "TRAFFLOW": "BW",
        "AIRSNAME": "VAN BUREN ST",
        "F_ZLEV": 5,
        "T_ZLEV": 5,
        "L_LADD": 1101,
        "L_HADD": 1149,
        "R_LADD": 1100,
        "R_HADD": 1148,
        "SNOWROUTE": null,
        "EVAC": " ",
        "LCPWID": 0,
        "OBJECTID": 2977,
        "ER_ROUTES": 5,
        "ACCESS_CNT": " ",
        "Shape.STLength()": 200.0467388952248,
        "ROW_Width_Max": 66,
        "ROW_Width_Min": 0,
        "created_user": null,
        "created_date": null,
        "last_edited_user": "PWE_GDB_TRANSPORT_ADMIN",
        "last_edited_date": 1717001122000,
        "GlobalID": "{B3B27C30-AFD5-4605-A762-226905AAD844}",
        "layer": "roads",
        "source": "city-of-eugene-gis"
      }
    },
    {
      "type": "Feature",
      "id": "roads_343",
      "geometry": {
        "type": "LineString",
        "coordinates": [
          [
            -123.10643452938325,
            44.05706181996274
          ],
          [
            -123.10645078947199,
            44.05707483401173
          ],
          [
            -123.10650143377886,
            44.05709085237383
          ],
          [
            -123.1079308044777,
            44.0570880814863
          ]
        ]
      },
      "properties": {
        "SEG_ID": 20023262,
        "EUGID": 23262,
        "OWNER": "EUG",
        "MAINT": "EUG",
        "SOURCE": "EUG",
        "METHOD": "DIG",
        "FCLASS": "LOCAL",
        "PAVED": "N",
        "DIR": "W",
        "NAME": "2ND",
        "TYPE": "ALY",
        "SPEED": 15,
        "AIRSSPEED": 5,
        "ONEWAY": "BW",
        "TRAFFLOW": "BW",
        "AIRSNAME": "W 2ND ALY",
        "F_ZLEV": 5,
        "T_ZLEV": 5,
        "L_LADD": 900,
        "L_HADD": 998,
        "R_LADD": 901,
        "R_HADD": 999,
        "SNOWROUTE": null,
        "EVAC": " ",
        "LCPWID": 0,
        "OBJECTID": 2978,
        "ER_ROUTES": 5,
        "ACCESS_CNT": " ",
        "Shape.STLength()": 396.7004757467913,
        "ROW_Width_Max": 14,
        "ROW_Width_Min": 0,
        "created_user": null,
        "created_date": null,
        "last_edited_user": "CEWEMVM",
        "last_edited_date": 1518089072000,
        "GlobalID": "{FCBF06E4-13EA-42BB-B0D1-93C64FA3A1E8}",
        "layer": "roads",
        "source": "city-of-eugene-gis"
      }
    },
    {
      "type": "Feature",
      "id": "roads_344",
      "geometry": {
        "type": "LineString",
        "coordinates": [
          [
            -123.10946076889543,
            44.05653997673325
          ],
          [
            -123.10950893318002,
            44.05599240818167
          ]
        ]
      },
      "properties": {
        "SEG_ID": 20004739,
        "EUGID": 4739,
        "OWNER": "EUG",
        "MAINT": "EUG",
        "SOURCE": "EUG",
        "METHOD": "SURV",
        "FCLASS": "MINCOLL",
        "PAVED": "Y",
        "DIR": " ",
        "NAME": "VAN BUREN",
        "TYPE": "ST",
        "SPEED": 20,
        "AIRSSPEED": 20,
        "ONEWAY": "BW",
        "TRAFFLOW": "BW",
        "AIRSNAME": "VAN BUREN ST",
        "F_ZLEV": 5,
        "T_ZLEV": 5,
        "L_LADD": 301,
        "L_HADD": 359,
        "R_LADD": 300,
        "R_HADD": 358,
        "SNOWROUTE": 3,
        "EVAC": " ",
        "LCPWID": 0,
        "OBJECTID": 2979,
        "ER_ROUTES": 4,
        "ACCESS_CNT": "Y",
        "Shape.STLength()": 200.01757735259167,
        "ROW_Width_Max": 40,
        "ROW_Width_Min": 0,
        "created_user": null,
        "created_date": null,
        "last_edited_user": "PWE_GDB_TRANSPORT_ADMIN",
        "last_edited_date": 1772212902000,
        "GlobalID": "{D464E848-E040-47CC-9910-1A8A365211E4}",
        "layer": "roads",
        "source": "city-of-eugene-gis"
      }
    },
    {
      "type": "Feature",
      "id": "roads_345",
      "geometry": {
        "type": "LineString",
        "coordinates": [
          [
            -123.10489675851524,
            44.05653681631953
          ],
          [
            -123.10489783816544,
            44.05598841895215
          ]
        ]
      },
      "properties": {
        "SEG_ID": 20003340,
        "EUGID": 3340,
        "OWNER": "EUG",
        "MAINT": "EUG",
        "SOURCE": "EUG",
        "METHOD": "SURV",
        "FCLASS": "LOCAL",
        "PAVED": "Y",
        "DIR": " ",
        "NAME": "MONROE",
        "TYPE": "ST",
        "SPEED": 20,
        "AIRSSPEED": 20,
        "ONEWAY": "BW",
        "TRAFFLOW": "BW",
        "AIRSNAME": "MONROE ST",
        "F_ZLEV": 5,
        "T_ZLEV": 5,
        "L_LADD": 301,
        "L_HADD": 349,
        "R_LADD": 300,
        "R_HADD": 348,
        "SNOWROUTE": null,
        "EVAC": " ",
        "LCPWID": 0,
        "OBJECTID": 2980,
        "ER_ROUTES": 5,
        "ACCESS_CNT": " ",
        "Shape.STLength()": 199.9187200303738,
        "ROW_Width_Max": 66,
        "ROW_Width_Min": 0,
        "created_user": null,
        "created_date": null,
        "last_edited_user": "PWE_GDB_TRANSPORT_ADMIN",
        "last_edited_date": 1716997571000,
        "GlobalID": "{1378EA51-0ECB-4675-9C1A-DBFA61BC36E0}",
        "layer": "roads",
        "source": "city-of-eugene-gis"
      }
    },
    {
      "type": "Feature",
      "id": "roads_346",
      "geometry": {
        "type": "LineString",
        "coordinates": [
          [
            -123.10489783816544,
            44.05598841895215
          ],
          [
            -123.1048988956421,
            44.05543968159455
          ]
        ]
      },
      "properties": {
        "SEG_ID": 20050395,
        "EUGID": 50395,
        "OWNER": "EUG",
        "MAINT": "EUG",
        "SOURCE": "EUG",
        "METHOD": "SURV",
        "FCLASS": "LOCAL",
        "PAVED": "Y",
        "DIR": " ",
        "NAME": "MONROE",
        "TYPE": "ST",
        "SPEED": 20,
        "AIRSSPEED": 20,
        "ONEWAY": "BW",
        "TRAFFLOW": "BW",
        "AIRSNAME": "MONROE ST",
        "F_ZLEV": 5,
        "T_ZLEV": 5,
        "L_LADD": 351,
        "L_HADD": 399,
        "R_LADD": 350,
        "R_HADD": 398,
        "SNOWROUTE": null,
        "EVAC": " ",
        "LCPWID": 0,
        "OBJECTID": 2981,
        "ER_ROUTES": 5,
        "ACCESS_CNT": " ",
        "Shape.STLength()": 200.04260627003285,
        "ROW_Width_Max": 66,
        "ROW_Width_Min": 0,
        "created_user": null,
        "created_date": null,
        "last_edited_user": "PWE_GDB_TRANSPORT_ADMIN",
        "last_edited_date": 1716997571000,
        "GlobalID": "{4284E181-4522-4214-960E-F418804DD042}",
        "layer": "roads",
        "source": "city-of-eugene-gis"
      }
    },
    {
      "type": "Feature",
      "id": "roads_347",
      "geometry": {
        "type": "LineString",
        "coordinates": [
          [
            -123.10337602401984,
            44.055987051223894
          ],
          [
            -123.10337758162777,
            44.05543847315062
          ]
        ]
      },
      "properties": {
        "SEG_ID": 20050426,
        "EUGID": 50426,
        "OWNER": "EUG",
        "MAINT": "EUG",
        "SOURCE": "EUG",
        "METHOD": "SURV",
        "FCLASS": "LOCAL",
        "PAVED": "Y",
        "DIR": " ",
        "NAME": "MADISON",
        "TYPE": "ST",
        "SPEED": 20,
        "AIRSSPEED": 20,
        "ONEWAY": "BW",
        "TRAFFLOW": "BW",
        "AIRSNAME": "MADISON ST",
        "F_ZLEV": 5,
        "T_ZLEV": 5,
        "L_LADD": 351,
        "L_HADD": 399,
        "R_LADD": 350,
        "R_HADD": 398,
        "SNOWROUTE": null,
        "EVAC": " ",
        "LCPWID": 0,
        "OBJECTID": 2982,
        "ER_ROUTES": 5,
        "ACCESS_CNT": " ",
        "Shape.STLength()": 199.98476504474033,
        "ROW_Width_Max": 66,
        "ROW_Width_Min": 0,
        "created_user": null,
        "created_date": null,
        "last_edited_user": "PWE_GDB_TRANSPORT_ADMIN",
        "last_edited_date": 1716997571000,
        "GlobalID": "{72E0AB12-42DD-4689-BEF2-041BC694A8C2}",
        "layer": "roads",
        "source": "city-of-eugene-gis"
      }
    },
    {
      "type": "Feature",
      "id": "roads_348",
      "geometry": {
        "type": "LineString",
        "coordinates": [
          [
            -123.10335373713129,
            44.05763249081007
          ],
          [
            -123.1033749859584,
            44.05653664667235
          ],
          [
            -123.10337602401984,
            44.055987051223894
          ]
        ]
      },
      "properties": {
        "SEG_ID": 20003057,
        "EUGID": 3057,
        "OWNER": "EUG",
        "MAINT": "EUG",
        "SOURCE": "EUG",
        "METHOD": "SURV",
        "FCLASS": "LOCAL",
        "PAVED": "Y",
        "DIR": " ",
        "NAME": "MADISON",
        "TYPE": "ST",
        "SPEED": 20,
        "AIRSSPEED": 20,
        "ONEWAY": "BW",
        "TRAFFLOW": "BW",
        "AIRSNAME": "MADISON ST",
        "F_ZLEV": 5,
        "T_ZLEV": 5,
        "L_LADD": 201,
        "L_HADD": 349,
        "R_LADD": 200,
        "R_HADD": 348,
        "SNOWROUTE": null,
        "EVAC": " ",
        "LCPWID": 0,
        "OBJECTID": 2983,
        "ER_ROUTES": 5,
        "ACCESS_CNT": " ",
        "Shape.STLength()": 599.8851638150566,
        "ROW_Width_Max": 66,
        "ROW_Width_Min": 0,
        "created_user": null,
        "created_date": null,
        "last_edited_user": "PWE_GDB_TRANSPORT_ADMIN",
        "last_edited_date": 1716997571000,
        "GlobalID": "{63241A98-CC25-41AE-B05F-1AC606418FDE}",
        "layer": "roads",
        "source": "city-of-eugene-gis"
      }
    },
    {
      "type": "Feature",
      "id": "roads_349",
      "geometry": {
        "type": "LineString",
        "coordinates": [
          [
            -123.10915980475988,
            44.055442791653434
          ],
          [
            -123.10862047352951,
            44.054894703819805
          ]
        ]
      },
      "properties": {
        "SEG_ID": 20000563,
        "EUGID": 563,
        "OWNER": "EUG",
        "MAINT": "EUG",
        "SOURCE": "EUG",
        "METHOD": "SURV",
        "FCLASS": "MAJCOLL",
        "PAVED": "Y",
        "DIR": " ",
        "NAME": "BLAIR",
        "TYPE": "BLVD",
        "SPEED": 20,
        "AIRSSPEED": 20,
        "ONEWAY": "BW",
        "TRAFFLOW": "BW",
        "AIRSNAME": "BLAIR BLVD",
        "F_ZLEV": 5,
        "T_ZLEV": 5,
        "L_LADD": 401,
        "L_HADD": 449,
        "R_LADD": 400,
        "R_HADD": 448,
        "SNOWROUTE": 3,
        "EVAC": " ",
        "LCPWID": 0,
        "OBJECTID": 2984,
        "ER_ROUTES": 4,
        "ACCESS_CNT": "Y",
        "Shape.STLength()": 245.00462368086036,
        "ROW_Width_Max": 54,
        "ROW_Width_Min": 0,
        "created_user": null,
        "created_date": null,
        "last_edited_user": "PWE_GDB_TRANSPORT_ADMIN",
        "last_edited_date": 1772212902000,
        "GlobalID": "{DC52AF61-6EEE-4F72-9D26-34DD02972A16}",
        "layer": "roads",
        "source": "city-of-eugene-gis"
      }
    },
    {
      "type": "Feature",
      "id": "roads_350",
      "geometry": {
        "type": "LineString",
        "coordinates": [
          [
            -123.10862047352951,
            44.054894703819805
          ],
          [
            -123.10808115954812,
            44.05434678605749
          ]
        ]
      },
      "properties": {
        "SEG_ID": 20050418,
        "EUGID": 50418,
        "OWNER": "EUG",
        "MAINT": "EUG",
        "SOURCE": "EUG",
        "METHOD": "SURV",
        "FCLASS": "MAJCOLL",
        "PAVED": "Y",
        "DIR": " ",
        "NAME": "BLAIR",
        "TYPE": "BLVD",
        "SPEED": 20,
        "AIRSSPEED": 20,
        "ONEWAY": "BW",
        "TRAFFLOW": "BW",
        "AIRSNAME": "BLAIR BLVD",
        "F_ZLEV": 5,
        "T_ZLEV": 5,
        "L_LADD": 451,
        "L_HADD": 499,
        "R_LADD": 450,
        "R_HADD": 498,
        "SNOWROUTE": 3,
        "EVAC": " ",
        "LCPWID": 0,
        "OBJECTID": 2985,
        "ER_ROUTES": 4,
        "ACCESS_CNT": "Y",
        "Shape.STLength()": 244.95214442330334,
        "ROW_Width_Max": 54,
        "ROW_Width_Min": 0,
        "created_user": null,
        "created_date": null,
        "last_edited_user": "PWE_GDB_TRANSPORT_ADMIN",
        "last_edited_date": 1772212902000,
        "GlobalID": "{B72DC88D-5A12-4EB3-B327-8E2D714FEAB7}",
        "layer": "roads",
        "source": "city-of-eugene-gis"
      }
    },
    {
      "type": "Feature",
      "id": "roads_351",
      "geometry": {
        "type": "LineString",
        "coordinates": [
          [
            -123.10337758162777,
            44.05543847315062
          ],
          [
            -123.1033815595624,
            44.054890867125515
          ]
        ]
      },
      "properties": {
        "SEG_ID": 20003058,
        "EUGID": 3058,
        "OWNER": "EUG",
        "MAINT": "EUG",
        "SOURCE": "EUG",
        "METHOD": "SURV",
        "FCLASS": "LOCAL",
        "PAVED": "Y",
        "DIR": " ",
        "NAME": "MADISON",
        "TYPE": "ST",
        "SPEED": 20,
        "AIRSSPEED": 20,
        "ONEWAY": "BW",
        "TRAFFLOW": "BW",
        "AIRSNAME": "MADISON ST",
        "F_ZLEV": 5,
        "T_ZLEV": 5,
        "L_LADD": 401,
        "L_HADD": 449,
        "R_LADD": 400,
        "R_HADD": 448,
        "SNOWROUTE": null,
        "EVAC": " ",
        "LCPWID": 0,
        "OBJECTID": 2986,
        "ER_ROUTES": 5,
        "ACCESS_CNT": " ",
        "Shape.STLength()": 199.6326757259547,
        "ROW_Width_Max": 50,
        "ROW_Width_Min": 0,
        "created_user": null,
        "created_date": null,
        "last_edited_user": "PWE_GDB_TRANSPORT_ADMIN",
        "last_edited_date": 1716997571000,
        "GlobalID": "{5C819C29-8A2B-4A59-B108-4608DEDC51FE}",
        "layer": "roads",
        "source": "city-of-eugene-gis"
      }
    },
    {
      "type": "Feature",
      "id": "roads_352",
      "geometry": {
        "type": "LineString",
        "coordinates": [
          [
            -123.1033815595624,
            44.054890867125515
          ],
          [
            -123.10338506231791,
            44.05434327432224
          ]
        ]
      },
      "properties": {
        "SEG_ID": 20050427,
        "EUGID": 50427,
        "OWNER": "EUG",
        "MAINT": "EUG",
        "SOURCE": "EUG",
        "METHOD": "SURV",
        "FCLASS": "LOCAL",
        "PAVED": "Y",
        "DIR": " ",
        "NAME": "MADISON",
        "TYPE": "ST",
        "SPEED": 20,
        "AIRSSPEED": 20,
        "ONEWAY": "BW",
        "TRAFFLOW": "BW",
        "AIRSNAME": "MADISON ST",
        "F_ZLEV": 5,
        "T_ZLEV": 5,
        "L_LADD": 451,
        "L_HADD": 499,
        "R_LADD": 450,
        "R_HADD": 498,
        "SNOWROUTE": null,
        "EVAC": " ",
        "LCPWID": 0,
        "OBJECTID": 2987,
        "ER_ROUTES": 5,
        "ACCESS_CNT": " ",
        "Shape.STLength()": 199.62719159723704,
        "ROW_Width_Max": 50,
        "ROW_Width_Min": 0,
        "created_user": null,
        "created_date": null,
        "last_edited_user": "PWE_GDB_TRANSPORT_ADMIN",
        "last_edited_date": 1716997571000,
        "GlobalID": "{C6C03D3F-14BC-4CEE-863B-A9BDA8D3FD95}",
        "layer": "roads",
        "source": "city-of-eugene-gis"
      }
    },
    {
      "type": "Feature",
      "id": "roads_353",
      "geometry": {
        "type": "LineString",
        "coordinates": [
          [
            -123.10642810311823,
            44.05434549040458
          ],
          [
            -123.10642866773081,
            44.053796590505584
          ]
        ]
      },
      "properties": {
        "SEG_ID": 20000018,
        "EUGID": 18,
        "OWNER": "EUG",
        "MAINT": "EUG",
        "SOURCE": "EUG",
        "METHOD": "SURV",
        "FCLASS": "LOCAL",
        "PAVED": "Y",
        "DIR": " ",
        "NAME": "ADAMS",
        "TYPE": "ST",
        "SPEED": 25,
        "AIRSSPEED": 25,
        "ONEWAY": "BW",
        "TRAFFLOW": "BW",
        "AIRSNAME": "ADAMS ST",
        "F_ZLEV": 5,
        "T_ZLEV": 5,
        "L_LADD": 501,
        "L_HADD": 549,
        "R_LADD": 500,
        "R_HADD": 548,
        "SNOWROUTE": null,
        "EVAC": " ",
        "LCPWID": 0,
        "OBJECTID": 2988,
        "ER_ROUTES": 5,
        "ACCESS_CNT": " ",
        "Shape.STLength()": 200.1015757684082,
        "ROW_Width_Max": 66,
        "ROW_Width_Min": 0,
        "created_user": null,
        "created_date": null,
        "last_edited_user": "CEWEMVM",
        "last_edited_date": 1518089075000,
        "GlobalID": "{FA5CD107-BD53-4170-974A-7C0881F15B8F}",
        "layer": "roads",
        "source": "city-of-eugene-gis"
      }
    },
    {
      "type": "Feature",
      "id": "roads_354",
      "geometry": {
        "type": "LineString",
        "coordinates": [
          [
            -123.10754324022905,
            44.05379780268408
          ],
          [
            -123.10700435063832,
            44.05324832546244
          ]
        ]
      },
      "properties": {
        "SEG_ID": 20050419,
        "EUGID": 50419,
        "OWNER": "EUG",
        "MAINT": "EUG",
        "SOURCE": "EUG",
        "METHOD": "SURV",
        "FCLASS": "MAJCOLL",
        "PAVED": "Y",
        "DIR": " ",
        "NAME": "BLAIR",
        "TYPE": "BLVD",
        "SPEED": 20,
        "AIRSSPEED": 20,
        "ONEWAY": "BW",
        "TRAFFLOW": "BW",
        "AIRSNAME": "BLAIR BLVD",
        "F_ZLEV": 5,
        "T_ZLEV": 5,
        "L_LADD": 551,
        "L_HADD": 599,
        "R_LADD": 550,
        "R_HADD": 598,
        "SNOWROUTE": 3,
        "EVAC": " ",
        "LCPWID": 0,
        "OBJECTID": 2989,
        "ER_ROUTES": 4,
        "ACCESS_CNT": "Y",
        "Shape.STLength()": 245.35290448085024,
        "ROW_Width_Max": 54,
        "ROW_Width_Min": 0,
        "created_user": null,
        "created_date": null,
        "last_edited_user": "PWE_GDB_TRANSPORT_ADMIN",
        "last_edited_date": 1772212902000,
        "GlobalID": "{4668F808-D766-4071-B1C2-B6AB613223C7}",
        "layer": "roads",
        "source": "city-of-eugene-gis"
      }
    },
    {
      "type": "Feature",
      "id": "roads_355",
      "geometry": {
        "type": "LineString",
        "coordinates": [
          [
            -123.10642866773081,
            44.053796590505584
          ],
          [
            -123.10642923978868,
            44.05324786318262
          ]
        ]
      },
      "properties": {
        "SEG_ID": 20050394,
        "EUGID": 50394,
        "OWNER": "EUG",
        "MAINT": "EUG",
        "SOURCE": "EUG",
        "METHOD": "SURV",
        "FCLASS": "LOCAL",
        "PAVED": "Y",
        "DIR": " ",
        "NAME": "ADAMS",
        "TYPE": "ST",
        "SPEED": 25,
        "AIRSSPEED": 25,
        "ONEWAY": "BW",
        "TRAFFLOW": "BW",
        "AIRSNAME": "ADAMS ST",
        "F_ZLEV": 5,
        "T_ZLEV": 5,
        "L_LADD": 551,
        "L_HADD": 599,
        "R_LADD": 550,
        "R_HADD": 598,
        "SNOWROUTE": null,
        "EVAC": " ",
        "LCPWID": 0,
        "OBJECTID": 2990,
        "ER_ROUTES": 5,
        "ACCESS_CNT": " ",
        "Shape.STLength()": 200.03861562861866,
        "ROW_Width_Max": 66,
        "ROW_Width_Min": 0,
        "created_user": null,
        "created_date": null,
        "last_edited_user": "CEWEMVM",
        "last_edited_date": 1518089075000,
        "GlobalID": "{B387D860-0D58-4A0F-BC7D-22F83F33FFF5}",
        "layer": "roads",
        "source": "city-of-eugene-gis"
      }
    },
    {
      "type": "Feature",
      "id": "roads_356",
      "geometry": {
        "type": "LineString",
        "coordinates": [
          [
            -123.10490872486156,
            44.05434442935114
          ],
          [
            -123.10490882072872,
            44.05379537011096
          ]
        ]
      },
      "properties": {
        "SEG_ID": 20003342,
        "EUGID": 3342,
        "OWNER": "EUG",
        "MAINT": "EUG",
        "SOURCE": "EUG",
        "METHOD": "SURV",
        "FCLASS": "LOCAL",
        "PAVED": "Y",
        "DIR": " ",
        "NAME": "MONROE",
        "TYPE": "ST",
        "SPEED": 25,
        "AIRSSPEED": 25,
        "ONEWAY": "BW",
        "TRAFFLOW": "BW",
        "AIRSNAME": "MONROE ST",
        "F_ZLEV": 5,
        "T_ZLEV": 5,
        "L_LADD": 501,
        "L_HADD": 549,
        "R_LADD": 500,
        "R_HADD": 548,
        "SNOWROUTE": null,
        "EVAC": " ",
        "LCPWID": 0,
        "OBJECTID": 2991,
        "ER_ROUTES": 5,
        "ACCESS_CNT": " ",
        "Shape.STLength()": 200.15961004803827,
        "ROW_Width_Max": 66,
        "ROW_Width_Min": 0,
        "created_user": null,
        "created_date": null,
        "last_edited_user": "CEWEMVM",
        "last_edited_date": 1518089075000,
        "GlobalID": "{CC257C4E-1509-4DFD-9BF3-6F3BE7931434}",
        "layer": "roads",
        "source": "city-of-eugene-gis"
      }
    },
    {
      "type": "Feature",
      "id": "roads_357",
      "geometry": {
        "type": "LineString",
        "coordinates": [
          [
            -123.10338506231791,
            44.05434327432224
          ],
          [
            -123.1033861299212,
            44.053794366479146
          ]
        ]
      },
      "properties": {
        "SEG_ID": 20003059,
        "EUGID": 3059,
        "OWNER": "EUG",
        "MAINT": "EUG",
        "SOURCE": "EUG",
        "METHOD": "SURV",
        "FCLASS": "LOCAL",
        "PAVED": "Y",
        "DIR": " ",
        "NAME": "MADISON",
        "TYPE": "ST",
        "SPEED": 25,
        "AIRSSPEED": 25,
        "ONEWAY": "BW",
        "TRAFFLOW": "BW",
        "AIRSNAME": "MADISON ST",
        "F_ZLEV": 5,
        "T_ZLEV": 5,
        "L_LADD": 501,
        "L_HADD": 549,
        "R_LADD": 500,
        "R_HADD": 548,
        "SNOWROUTE": null,
        "EVAC": " ",
        "LCPWID": 0,
        "OBJECTID": 2992,
        "ER_ROUTES": 5,
        "ACCESS_CNT": " ",
        "Shape.STLength()": 200.10461339054967,
        "ROW_Width_Max": 66,
        "ROW_Width_Min": 0,
        "created_user": null,
        "created_date": null,
        "last_edited_user": "CEWEMVM",
        "last_edited_date": 1518089075000,
        "GlobalID": "{9A1F6CFD-2D10-4060-9823-F48A419D9B0F}",
        "layer": "roads",
        "source": "city-of-eugene-gis"
      }
    },
    {
      "type": "Feature",
      "id": "roads_358",
      "geometry": {
        "type": "LineString",
        "coordinates": [
          [
            -123.10490857415402,
            44.052698117347994
          ],
          [
            -123.10490903427493,
            44.052146475270355
          ]
        ]
      },
      "properties": {
        "SEG_ID": 20050398,
        "EUGID": 50398,
        "OWNER": "EUG",
        "MAINT": "EUG",
        "SOURCE": "EUG",
        "METHOD": "SURV",
        "FCLASS": "LOCAL",
        "PAVED": "Y",
        "DIR": " ",
        "NAME": "MONROE",
        "TYPE": "ST",
        "SPEED": 25,
        "AIRSSPEED": 25,
        "ONEWAY": "BW",
        "TRAFFLOW": "BW",
        "AIRSNAME": "MONROE ST",
        "F_ZLEV": 5,
        "T_ZLEV": 5,
        "L_LADD": 651,
        "L_HADD": 699,
        "R_LADD": 650,
        "R_HADD": 698,
        "SNOWROUTE": null,
        "EVAC": " ",
        "LCPWID": 0,
        "OBJECTID": 2993,
        "ER_ROUTES": 5,
        "ACCESS_CNT": " ",
        "Shape.STLength()": 201.10107067094395,
        "ROW_Width_Max": 66,
        "ROW_Width_Min": 0,
        "created_user": null,
        "created_date": null,
        "last_edited_user": "CEWEMVM",
        "last_edited_date": 1518089075000,
        "GlobalID": "{1A4BBAEC-D621-407E-BAFA-0E8BDB54DCBB}",
        "layer": "roads",
        "source": "city-of-eugene-gis"
      }
    },
    {
      "type": "Feature",
      "id": "roads_359",
      "geometry": {
        "type": "LineString",
        "coordinates": [
          [
            -123.10490892392892,
            44.053246480748214
          ],
          [
            -123.10490857415402,
            44.052698117347994
          ]
        ]
      },
      "properties": {
        "SEG_ID": 20003343,
        "EUGID": 3343,
        "OWNER": "EUG",
        "MAINT": "EUG",
        "SOURCE": "EUG",
        "METHOD": "SURV",
        "FCLASS": "LOCAL",
        "PAVED": "Y",
        "DIR": " ",
        "NAME": "MONROE",
        "TYPE": "ST",
        "SPEED": 25,
        "AIRSSPEED": 25,
        "ONEWAY": "BW",
        "TRAFFLOW": "BW",
        "AIRSNAME": "MONROE ST",
        "F_ZLEV": 5,
        "T_ZLEV": 5,
        "L_LADD": 601,
        "L_HADD": 649,
        "R_LADD": 600,
        "R_HADD": 648,
        "SNOWROUTE": null,
        "EVAC": " ",
        "LCPWID": 0,
        "OBJECTID": 2994,
        "ER_ROUTES": 5,
        "ACCESS_CNT": " ",
        "Shape.STLength()": 199.90586313474083,
        "ROW_Width_Max": 66,
        "ROW_Width_Min": 0,
        "created_user": null,
        "created_date": null,
        "last_edited_user": "CEWEMVM",
        "last_edited_date": 1518089075000,
        "GlobalID": "{088459EB-0C5D-4C45-9114-1F49DA63F0E0}",
        "layer": "roads",
        "source": "city-of-eugene-gis"
      }
    },
    {
      "type": "Feature",
      "id": "roads_360",
      "geometry": {
        "type": "LineString",
        "coordinates": [
          [
            -123.10338721830624,
            44.05269433725855
          ],
          [
            -123.103386786241,
            44.05214374466983
          ]
        ]
      },
      "properties": {
        "SEG_ID": 20050429,
        "EUGID": 50429,
        "OWNER": "EUG",
        "MAINT": "EUG",
        "SOURCE": "EUG",
        "METHOD": "SURV",
        "FCLASS": "LOCAL",
        "PAVED": "Y",
        "DIR": " ",
        "NAME": "MADISON",
        "TYPE": "ST",
        "SPEED": 25,
        "AIRSSPEED": 25,
        "ONEWAY": "BW",
        "TRAFFLOW": "BW",
        "AIRSNAME": "MADISON ST",
        "F_ZLEV": 5,
        "T_ZLEV": 5,
        "L_LADD": 651,
        "L_HADD": 699,
        "R_LADD": 650,
        "R_HADD": 698,
        "SNOWROUTE": null,
        "EVAC": " ",
        "LCPWID": 0,
        "OBJECTID": 2995,
        "ER_ROUTES": 5,
        "ACCESS_CNT": " ",
        "Shape.STLength()": 200.71847510879513,
        "ROW_Width_Max": 66,
        "ROW_Width_Min": 0,
        "created_user": null,
        "created_date": null,
        "last_edited_user": "CEWEMVM",
        "last_edited_date": 1518089075000,
        "GlobalID": "{B11ED4FB-89DE-4E97-8B05-CBB40D202B78}",
        "layer": "roads",
        "source": "city-of-eugene-gis"
      }
    },
    {
      "type": "Feature",
      "id": "roads_361",
      "geometry": {
        "type": "LineString",
        "coordinates": [
          [
            -123.10338721830624,
            44.05269433725855
          ],
          [
            -123.10490857415402,
            44.052698117347994
          ]
        ]
      },
      "properties": {
        "SEG_ID": 20005292,
        "EUGID": 5292,
        "OWNER": "EUG",
        "MAINT": "EUG",
        "SOURCE": "EUG",
        "METHOD": "DIG",
        "FCLASS": "LOCAL",
        "PAVED": "Y",
        "DIR": "W",
        "NAME": "6TH",
        "TYPE": "ALY",
        "SPEED": 15,
        "AIRSSPEED": 10,
        "ONEWAY": "BW",
        "TRAFFLOW": "BW",
        "AIRSNAME": "W 6TH ALY",
        "F_ZLEV": 5,
        "T_ZLEV": 5,
        "L_LADD": 700,
        "L_HADD": 798,
        "R_LADD": 701,
        "R_HADD": 799,
        "SNOWROUTE": null,
        "EVAC": " ",
        "LCPWID": 0,
        "OBJECTID": 2996,
        "ER_ROUTES": 5,
        "ACCESS_CNT": " ",
        "Shape.STLength()": 399.9885764012174,
        "ROW_Width_Max": 14,
        "ROW_Width_Min": 0,
        "created_user": null,
        "created_date": null,
        "last_edited_user": "CEWEMVM",
        "last_edited_date": 1518089075000,
        "GlobalID": "{EE7F43B3-DF0F-4498-9993-6F7122FAE964}",
        "layer": "roads",
        "source": "city-of-eugene-gis"
      }
    },
    {
      "type": "Feature",
      "id": "roads_362",
      "geometry": {
        "type": "LineString",
        "coordinates": [
          [
            -123.10338718994191,
            44.05324528309219
          ],
          [
            -123.10338721830624,
            44.05269433725855
          ]
        ]
      },
      "properties": {
        "SEG_ID": 20003060,
        "EUGID": 3060,
        "OWNER": "EUG",
        "MAINT": "EUG",
        "SOURCE": "EUG",
        "METHOD": "SURV",
        "FCLASS": "LOCAL",
        "PAVED": "Y",
        "DIR": " ",
        "NAME": "MADISON",
        "TYPE": "ST",
        "SPEED": 25,
        "AIRSSPEED": 25,
        "ONEWAY": "BW",
        "TRAFFLOW": "BW",
        "AIRSNAME": "MADISON ST",
        "F_ZLEV": 5,
        "T_ZLEV": 5,
        "L_LADD": 601,
        "L_HADD": 649,
        "R_LADD": 600,
        "R_HADD": 648,
        "SNOWROUTE": null,
        "EVAC": " ",
        "LCPWID": 0,
        "OBJECTID": 2997,
        "ER_ROUTES": 5,
        "ACCESS_CNT": " ",
        "Shape.STLength()": 200.84726784300554,
        "ROW_Width_Max": 66,
        "ROW_Width_Min": 0,
        "created_user": null,
        "created_date": null,
        "last_edited_user": "CEWEMVM",
        "last_edited_date": 1518089075000,
        "GlobalID": "{84310E9F-0985-49AE-B15E-BAEE480DBFA6}",
        "layer": "roads",
        "source": "city-of-eugene-gis"
      }
    },
    {
      "type": "Feature",
      "id": "roads_363",
      "geometry": {
        "type": "LineString",
        "coordinates": [
          [
            -123.1033869547327,
            44.05090102725654
          ],
          [
            -123.10338700359796,
            44.05042778092387
          ]
        ]
      },
      "properties": {
        "SEG_ID": 20003062,
        "EUGID": 3062,
        "OWNER": "EUG",
        "MAINT": "EUG",
        "SOURCE": "EUG",
        "METHOD": "SURV",
        "FCLASS": "LOCAL",
        "PAVED": "Y",
        "DIR": " ",
        "NAME": "MADISON",
        "TYPE": "ST",
        "SPEED": 20,
        "AIRSSPEED": 20,
        "ONEWAY": "BW",
        "TRAFFLOW": "BW",
        "AIRSNAME": "MADISON ST",
        "F_ZLEV": 5,
        "T_ZLEV": 5,
        "L_LADD": 801,
        "L_HADD": 849,
        "R_LADD": 800,
        "R_HADD": 848,
        "SNOWROUTE": null,
        "EVAC": " ",
        "LCPWID": 0,
        "OBJECTID": 2998,
        "ER_ROUTES": 5,
        "ACCESS_CNT": " ",
        "Shape.STLength()": 172.52174284257916,
        "ROW_Width_Max": 66,
        "ROW_Width_Min": 0,
        "created_user": null,
        "created_date": null,
        "last_edited_user": "PWE_GDB_TRANSPORT_ADMIN",
        "last_edited_date": 1717012993000,
        "GlobalID": "{6E578DF5-3E79-40F6-B98C-F16D5541165B}",
        "layer": "roads",
        "source": "city-of-eugene-gis"
      }
    },
    {
      "type": "Feature",
      "id": "roads_364",
      "geometry": {
        "type": "LineString",
        "coordinates": [
          [
            -123.10034351361371,
            44.050907493571245
          ],
          [
            -123.10034323942138,
            44.050426191886025
          ]
        ]
      },
      "properties": {
        "SEG_ID": 20004838,
        "EUGID": 4838,
        "OWNER": "EUG",
        "MAINT": "EUG",
        "SOURCE": "EUG",
        "METHOD": "SURV",
        "FCLASS": "MINART",
        "PAVED": "Y",
        "DIR": " ",
        "NAME": "WASHINGTON",
        "TYPE": "ST",
        "SPEED": 30,
        "AIRSSPEED": 30,
        "ONEWAY": "TF",
        "TRAFFLOW": "N",
        "AIRSNAME": "WASHINGTON ST",
        "F_ZLEV": 5,
        "T_ZLEV": 5,
        "L_LADD": 801,
        "L_HADD": 849,
        "R_LADD": 800,
        "R_HADD": 848,
        "SNOWROUTE": 2,
        "EVAC": " ",
        "LCPWID": 0,
        "OBJECTID": 2999,
        "ER_ROUTES": 1,
        "ACCESS_CNT": "Y",
        "Shape.STLength()": 175.45833259593772,
        "ROW_Width_Max": 66,
        "ROW_Width_Min": 0,
        "created_user": null,
        "created_date": null,
        "last_edited_user": "PWE_GDB_TRANSPORT_ADMIN",
        "last_edited_date": 1772212902000,
        "GlobalID": "{CD99F1A0-87B9-4579-A2A0-7B5AEA4864C1}",
        "layer": "roads",
        "source": "city-of-eugene-gis"
      }
    },
    {
      "type": "Feature",
      "id": "roads_365",
      "geometry": {
        "type": "LineString",
        "coordinates": [
          [
            -123.10034323942138,
            44.050426191886025
          ],
          [
            -123.10034325445616,
            44.04991847113321
          ]
        ]
      },
      "properties": {
        "SEG_ID": 20050465,
        "EUGID": 50465,
        "OWNER": "EUG",
        "MAINT": "EUG",
        "SOURCE": "EUG",
        "METHOD": "SURV",
        "FCLASS": "MINART",
        "PAVED": "Y",
        "DIR": " ",
        "NAME": "WASHINGTON",
        "TYPE": "ST",
        "SPEED": 30,
        "AIRSSPEED": 30,
        "ONEWAY": "TF",
        "TRAFFLOW": "N",
        "AIRSNAME": "WASHINGTON ST",
        "F_ZLEV": 5,
        "T_ZLEV": 5,
        "L_LADD": 851,
        "L_HADD": 899,
        "R_LADD": 850,
        "R_HADD": 898,
        "SNOWROUTE": 2,
        "EVAC": " ",
        "LCPWID": 0,
        "OBJECTID": 3000,
        "ER_ROUTES": 1,
        "ACCESS_CNT": "Y",
        "Shape.STLength()": 185.08933653779192,
        "ROW_Width_Max": 66,
        "ROW_Width_Min": 0,
        "created_user": null,
        "created_date": null,
        "last_edited_user": "PWE_GDB_TRANSPORT_ADMIN",
        "last_edited_date": 1772212902000,
        "GlobalID": "{4B01F9C1-8868-4522-9BFF-7B46905583C2}",
        "layer": "roads",
        "source": "city-of-eugene-gis"
      }
    },
    {
      "type": "Feature",
      "id": "roads_366",
      "geometry": {
        "type": "LineString",
        "coordinates": [
          [
            -123.10186452134351,
            44.05090428366292
          ],
          [
            -123.10186482115837,
            44.05042554580353
          ]
        ]
      },
      "properties": {
        "SEG_ID": 20002584,
        "EUGID": 2584,
        "OWNER": "EUG",
        "MAINT": "EUG",
        "SOURCE": "EUG",
        "METHOD": "SURV",
        "FCLASS": "MINART",
        "PAVED": "Y",
        "DIR": " ",
        "NAME": "JEFFERSON",
        "TYPE": "ST",
        "SPEED": 30,
        "AIRSSPEED": 30,
        "ONEWAY": "FT",
        "TRAFFLOW": "S",
        "AIRSNAME": "JEFFERSON ST",
        "F_ZLEV": 5,
        "T_ZLEV": 5,
        "L_LADD": 801,
        "L_HADD": 849,
        "R_LADD": 800,
        "R_HADD": 848,
        "SNOWROUTE": 2,
        "EVAC": " ",
        "LCPWID": 0,
        "OBJECTID": 3001,
        "ER_ROUTES": 1,
        "ACCESS_CNT": "Y",
        "Shape.STLength()": 174.52369385283887,
        "ROW_Width_Max": 66,
        "ROW_Width_Min": 0,
        "created_user": null,
        "created_date": null,
        "last_edited_user": "PWE_GDB_TRANSPORT_ADMIN",
        "last_edited_date": 1772212902000,
        "GlobalID": "{23E3D452-BCC2-4FBA-8F96-D1F7CF38A34F}",
        "layer": "roads",
        "source": "city-of-eugene-gis"
      }
    },
    {
      "type": "Feature",
      "id": "roads_367",
      "geometry": {
        "type": "LineString",
        "coordinates": [
          [
            -123.10186482115837,
            44.05042554580353
          ],
          [
            -123.10186483817102,
            44.04991816777404
          ]
        ]
      },
      "properties": {
        "SEG_ID": 20050456,
        "EUGID": 50456,
        "OWNER": "EUG",
        "MAINT": "EUG",
        "SOURCE": "EUG",
        "METHOD": "SURV",
        "FCLASS": "MINART",
        "PAVED": "Y",
        "DIR": " ",
        "NAME": "JEFFERSON",
        "TYPE": "ST",
        "SPEED": 30,
        "AIRSSPEED": 30,
        "ONEWAY": "FT",
        "TRAFFLOW": "S",
        "AIRSNAME": "JEFFERSON ST",
        "F_ZLEV": 5,
        "T_ZLEV": 5,
        "L_LADD": 851,
        "L_HADD": 899,
        "R_LADD": 850,
        "R_HADD": 898,
        "SNOWROUTE": 2,
        "EVAC": " ",
        "LCPWID": 0,
        "OBJECTID": 3002,
        "ER_ROUTES": 1,
        "ACCESS_CNT": "Y",
        "Shape.STLength()": 184.96439691194627,
        "ROW_Width_Max": 66,
        "ROW_Width_Min": 0,
        "created_user": null,
        "created_date": null,
        "last_edited_user": "PWE_GDB_TRANSPORT_ADMIN",
        "last_edited_date": 1772212902000,
        "GlobalID": "{4ECC887A-DB5F-4567-AC37-75748035949D}",
        "layer": "roads",
        "source": "city-of-eugene-gis"
      }
    },
    {
      "type": "Feature",
      "id": "roads_368",
      "geometry": {
        "type": "LineString",
        "coordinates": [
          [
            -123.10795675800374,
            44.046070457134476
          ],
          [
            -123.10948018845342,
            44.04608201457405
          ]
        ]
      },
      "properties": {
        "SEG_ID": 20023324,
        "EUGID": 23324,
        "OWNER": "EUG",
        "MAINT": "EUG",
        "SOURCE": "EUG",
        "METHOD": "SURV",
        "FCLASS": "LOCAL",
        "PAVED": "N",
        "DIR": "W",
        "NAME": "12TH",
        "TYPE": "ALY",
        "SPEED": 15,
        "AIRSSPEED": 5,
        "ONEWAY": "BW",
        "TRAFFLOW": "BW",
        "AIRSNAME": "W 12TH ALY",
        "F_ZLEV": 5,
        "T_ZLEV": 5,
        "L_LADD": 1000,
        "L_HADD": 1098,
        "R_LADD": 1001,
        "R_HADD": 1099,
        "SNOWROUTE": null,
        "EVAC": " ",
        "LCPWID": 0,
        "OBJECTID": 3003,
        "ER_ROUTES": 5,
        "ACCESS_CNT": " ",
        "Shape.STLength()": 400.5977018553495,
        "ROW_Width_Max": 14,
        "ROW_Width_Min": 0,
        "created_user": null,
        "created_date": null,
        "last_edited_user": "CEWEMVM",
        "last_edited_date": 1518089075000,
        "GlobalID": "{E5945D91-6E0A-4E7D-B839-F1DE40444D89}",
        "layer": "roads",
        "source": "city-of-eugene-gis"
      }
    },
    {
      "type": "Feature",
      "id": "roads_369",
      "geometry": {
        "type": "LineString",
        "coordinates": [
          [
            -123.1064342247166,
            44.04606863261012
          ],
          [
            -123.10795675800374,
            44.046070457134476
          ]
        ]
      },
      "properties": {
        "SEG_ID": 20023323,
        "EUGID": 23323,
        "OWNER": "EUG",
        "MAINT": "EUG",
        "SOURCE": "EUG",
        "METHOD": "SURV",
        "FCLASS": "LOCAL",
        "PAVED": "N",
        "DIR": "W",
        "NAME": "12TH",
        "TYPE": "ALY",
        "SPEED": 15,
        "AIRSSPEED": 5,
        "ONEWAY": "BW",
        "TRAFFLOW": "BW",
        "AIRSNAME": "W 12TH ALY",
        "F_ZLEV": 5,
        "T_ZLEV": 5,
        "L_LADD": 900,
        "L_HADD": 998,
        "R_LADD": 901,
        "R_HADD": 999,
        "SNOWROUTE": null,
        "EVAC": " ",
        "LCPWID": 0,
        "OBJECTID": 3004,
        "ER_ROUTES": 5,
        "ACCESS_CNT": " ",
        "Shape.STLength()": 400.3402391561244,
        "ROW_Width_Max": 14,
        "ROW_Width_Min": 0,
        "created_user": null,
        "created_date": null,
        "last_edited_user": "CEWEMVM",
        "last_edited_date": 1518089075000,
        "GlobalID": "{0270F731-97A5-404E-978D-164879E52694}",
        "layer": "roads",
        "source": "city-of-eugene-gis"
      }
    },
    {
      "type": "Feature",
      "id": "roads_370",
      "geometry": {
        "type": "LineString",
        "coordinates": [
          [
            -123.10491310977838,
            44.04606658881605
          ],
          [
            -123.1064342247166,
            44.04606863261012
          ]
        ]
      },
      "properties": {
        "SEG_ID": 20023322,
        "EUGID": 23322,
        "OWNER": "EUG",
        "MAINT": "EUG",
        "SOURCE": "EUG",
        "METHOD": "DIG",
        "FCLASS": "LOCAL",
        "PAVED": "N",
        "DIR": "W",
        "NAME": "12TH",
        "TYPE": "ALY",
        "SPEED": 15,
        "AIRSSPEED": 5,
        "ONEWAY": "BW",
        "TRAFFLOW": "BW",
        "AIRSNAME": "W 12TH ALY",
        "F_ZLEV": 5,
        "T_ZLEV": 5,
        "L_LADD": 800,
        "L_HADD": 898,
        "R_LADD": 801,
        "R_HADD": 899,
        "SNOWROUTE": null,
        "EVAC": " ",
        "LCPWID": 0,
        "OBJECTID": 3005,
        "ER_ROUTES": 5,
        "ACCESS_CNT": " ",
        "Shape.STLength()": 399.96744827131795,
        "ROW_Width_Max": 14,
        "ROW_Width_Min": 0,
        "created_user": null,
        "created_date": null,
        "last_edited_user": "CEWEMVM",
        "last_edited_date": 1518089075000,
        "GlobalID": "{662B50D4-CF41-4E1B-8280-B4211E084841}",
        "layer": "roads",
        "source": "city-of-eugene-gis"
      }
    },
    {
      "type": "Feature",
      "id": "roads_371",
      "geometry": {
        "type": "LineString",
        "coordinates": [
          [
            -123.10642416018116,
            44.05489326667891
          ],
          [
            -123.10862047352951,
            44.054894703819805
          ]
        ]
      },
      "properties": {
        "SEG_ID": 20023278,
        "EUGID": 23278,
        "OWNER": "EUG",
        "MAINT": "EUG",
        "SOURCE": "EUG",
        "METHOD": "SURV",
        "FCLASS": "LOCAL",
        "PAVED": "N",
        "DIR": "W",
        "NAME": "4TH",
        "TYPE": "ALY",
        "SPEED": 15,
        "AIRSSPEED": 5,
        "ONEWAY": "BW",
        "TRAFFLOW": "BW",
        "AIRSNAME": "W 4TH ALY",
        "F_ZLEV": 5,
        "T_ZLEV": 5,
        "L_LADD": 900,
        "L_HADD": 998,
        "R_LADD": 901,
        "R_HADD": 999,
        "SNOWROUTE": null,
        "EVAC": " ",
        "LCPWID": 0,
        "OBJECTID": 3006,
        "ER_ROUTES": 5,
        "ACCESS_CNT": " ",
        "Shape.STLength()": 577.4214052220838,
        "ROW_Width_Max": 12,
        "ROW_Width_Min": 0,
        "created_user": null,
        "created_date": null,
        "last_edited_user": "CEWEMVM",
        "last_edited_date": 1518089075000,
        "GlobalID": "{AFB54895-E66F-45CA-AB45-06413EEA198E}",
        "layer": "roads",
        "source": "city-of-eugene-gis"
      }
    },
    {
      "type": "Feature",
      "id": "roads_372",
      "geometry": {
        "type": "LineString",
        "coordinates": [
          [
            -123.1049038103546,
            44.05489205688924
          ],
          [
            -123.10642416018116,
            44.05489326667891
          ]
        ]
      },
      "properties": {
        "SEG_ID": 20023277,
        "EUGID": 23277,
        "OWNER": "EUG",
        "MAINT": "EUG",
        "SOURCE": "EUG",
        "METHOD": "DIG",
        "FCLASS": "LOCAL",
        "PAVED": "N",
        "DIR": "W",
        "NAME": "4TH",
        "TYPE": "ALY",
        "SPEED": 15,
        "AIRSSPEED": 5,
        "ONEWAY": "BW",
        "TRAFFLOW": "BW",
        "AIRSNAME": "W 4TH ALY",
        "F_ZLEV": 5,
        "T_ZLEV": 5,
        "L_LADD": 800,
        "L_HADD": 898,
        "R_LADD": 801,
        "R_HADD": 899,
        "SNOWROUTE": null,
        "EVAC": " ",
        "LCPWID": 0,
        "OBJECTID": 3007,
        "ER_ROUTES": 5,
        "ACCESS_CNT": " ",
        "Shape.STLength()": 399.7074125219596,
        "ROW_Width_Max": 12,
        "ROW_Width_Min": 0,
        "created_user": null,
        "created_date": null,
        "last_edited_user": "CEWEMVM",
        "last_edited_date": 1518089075000,
        "GlobalID": "{CDBF97E9-1CAD-4EC7-BA4A-F5D520B5BB0D}",
        "layer": "roads",
        "source": "city-of-eugene-gis"
      }
    },
    {
      "type": "Feature",
      "id": "roads_373",
      "geometry": {
        "type": "LineString",
        "coordinates": [
          [
            -123.1033815595624,
            44.054890867125515
          ],
          [
            -123.1049038103546,
            44.05489205688924
          ]
        ]
      },
      "properties": {
        "SEG_ID": 20023276,
        "EUGID": 23276,
        "OWNER": "EUG",
        "MAINT": "EUG",
        "SOURCE": "EUG",
        "METHOD": "DIG",
        "FCLASS": "LOCAL",
        "PAVED": "Y",
        "DIR": "W",
        "NAME": "4TH",
        "TYPE": "ALY",
        "SPEED": 15,
        "AIRSSPEED": 10,
        "ONEWAY": "BW",
        "TRAFFLOW": "BW",
        "AIRSNAME": "W 4TH ALY",
        "F_ZLEV": 5,
        "T_ZLEV": 5,
        "L_LADD": 700,
        "L_HADD": 798,
        "R_LADD": 701,
        "R_HADD": 799,
        "SNOWROUTE": null,
        "EVAC": " ",
        "LCPWID": 0,
        "OBJECTID": 3008,
        "ER_ROUTES": 5,
        "ACCESS_CNT": " ",
        "Shape.STLength()": 400.2071850560119,
        "ROW_Width_Max": 12,
        "ROW_Width_Min": 0,
        "created_user": null,
        "created_date": null,
        "last_edited_user": "CEWEMVM",
        "last_edited_date": 1518089075000,
        "GlobalID": "{495ABD4B-F2C0-43DD-A20E-3830B0EC0399}",
        "layer": "roads",
        "source": "city-of-eugene-gis"
      }
    },
    {
      "type": "Feature",
      "id": "roads_374",
      "geometry": {
        "type": "LineString",
        "coordinates": [
          [
            -123.1018583143003,
            44.054888655938306
          ],
          [
            -123.1033815595624,
            44.054890867125515
          ]
        ]
      },
      "properties": {
        "SEG_ID": 20022888,
        "EUGID": 22888,
        "OWNER": "EUG",
        "MAINT": "EUG",
        "SOURCE": "EUG",
        "METHOD": "DIG",
        "FCLASS": "LOCAL",
        "PAVED": "Y",
        "DIR": "W",
        "NAME": "4TH",
        "TYPE": "ALY",
        "SPEED": 15,
        "AIRSSPEED": 10,
        "ONEWAY": "BW",
        "TRAFFLOW": "BW",
        "AIRSNAME": "W 4TH ALY",
        "F_ZLEV": 5,
        "T_ZLEV": 5,
        "L_LADD": 600,
        "L_HADD": 698,
        "R_LADD": 601,
        "R_HADD": 699,
        "SNOWROUTE": null,
        "EVAC": " ",
        "LCPWID": 0,
        "OBJECTID": 3009,
        "ER_ROUTES": 5,
        "ACCESS_CNT": " ",
        "Shape.STLength()": 400.4692234345751,
        "ROW_Width_Max": 14,
        "ROW_Width_Min": 0,
        "created_user": null,
        "created_date": null,
        "last_edited_user": "CEWEMVM",
        "last_edited_date": 1518089075000,
        "GlobalID": "{C804186A-B29B-42F4-B92C-A561C4F12E98}",
        "layer": "roads",
        "source": "city-of-eugene-gis"
      }
    },
    {
      "type": "Feature",
      "id": "roads_375",
      "geometry": {
        "type": "LineString",
        "coordinates": [
          [
            -123.10642866773081,
            44.053796590505584
          ],
          [
            -123.10754324022905,
            44.05379780268408
          ]
        ]
      },
      "properties": {
        "SEG_ID": 20023286,
        "EUGID": 23286,
        "OWNER": "EUG",
        "MAINT": "EUG",
        "SOURCE": "EUG",
        "METHOD": "SURV",
        "FCLASS": "LOCAL",
        "PAVED": "N",
        "DIR": "W",
        "NAME": "5TH",
        "TYPE": "ALY",
        "SPEED": 15,
        "AIRSSPEED": 5,
        "ONEWAY": "BW",
        "TRAFFLOW": "BW",
        "AIRSNAME": "W 5TH ALY",
        "F_ZLEV": 5,
        "T_ZLEV": 5,
        "L_LADD": 900,
        "L_HADD": 998,
        "R_LADD": 901,
        "R_HADD": 999,
        "SNOWROUTE": null,
        "EVAC": " ",
        "LCPWID": 0,
        "OBJECTID": 3010,
        "ER_ROUTES": 5,
        "ACCESS_CNT": " ",
        "Shape.STLength()": 293.0320360406726,
        "ROW_Width_Max": 14,
        "ROW_Width_Min": 0,
        "created_user": null,
        "created_date": null,
        "last_edited_user": "CEWEMVM",
        "last_edited_date": 1518089075000,
        "GlobalID": "{ADDF9CBF-78D2-4AAC-885B-72B83C430A9B}",
        "layer": "roads",
        "source": "city-of-eugene-gis"
      }
    },
    {
      "type": "Feature",
      "id": "roads_376",
      "geometry": {
        "type": "LineString",
        "coordinates": [
          [
            -123.10490882072872,
            44.05379537011096
          ],
          [
            -123.10642866773081,
            44.053796590505584
          ]
        ]
      },
      "properties": {
        "SEG_ID": 20005219,
        "EUGID": 5219,
        "OWNER": "EUG",
        "MAINT": "EUG",
        "SOURCE": "EUG",
        "METHOD": "DIG",
        "FCLASS": "LOCAL",
        "PAVED": "Y",
        "DIR": "W",
        "NAME": "5TH",
        "TYPE": "ALY",
        "SPEED": 15,
        "AIRSSPEED": 10,
        "ONEWAY": "BW",
        "TRAFFLOW": "BW",
        "AIRSNAME": "W 5TH ALY",
        "F_ZLEV": 5,
        "T_ZLEV": 5,
        "L_LADD": 800,
        "L_HADD": 898,
        "R_LADD": 801,
        "R_HADD": 899,
        "SNOWROUTE": null,
        "EVAC": " ",
        "LCPWID": 0,
        "OBJECTID": 3011,
        "ER_ROUTES": 5,
        "ACCESS_CNT": " ",
        "Shape.STLength()": 399.5824774061045,
        "ROW_Width_Max": 14,
        "ROW_Width_Min": 0,
        "created_user": null,
        "created_date": null,
        "last_edited_user": "CEWEMVM",
        "last_edited_date": 1518089075000,
        "GlobalID": "{183E20A8-98FE-4A8D-BCB9-3054B27C3415}",
        "layer": "roads",
        "source": "city-of-eugene-gis"
      }
    },
    {
      "type": "Feature",
      "id": "roads_377",
      "geometry": {
        "type": "LineString",
        "coordinates": [
          [
            -123.1033861299212,
            44.053794366479146
          ],
          [
            -123.1039802694895,
            44.05379476016378
          ],
          [
            -123.1043137379274,
            44.05379516981283
          ],
          [
            -123.10490882072872,
            44.05379537011096
          ]
        ]
      },
      "properties": {
        "SEG_ID": 20023285,
        "EUGID": 23285,
        "OWNER": "EUG",
        "MAINT": "EUG",
        "SOURCE": "EUG",
        "METHOD": "DIG",
        "FCLASS": "LOCAL",
        "PAVED": "Y",
        "DIR": "W",
        "NAME": "5TH",
        "TYPE": "ALY",
        "SPEED": 15,
        "AIRSSPEED": 10,
        "ONEWAY": "BW",
        "TRAFFLOW": "BW",
        "AIRSNAME": "W 5TH ALY",
        "F_ZLEV": 5,
        "T_ZLEV": 5,
        "L_LADD": 700,
        "L_HADD": 798,
        "R_LADD": 701,
        "R_HADD": 799,
        "SNOWROUTE": null,
        "EVAC": " ",
        "LCPWID": 0,
        "OBJECTID": 3012,
        "ER_ROUTES": 5,
        "ACCESS_CNT": " ",
        "Shape.STLength()": 400.330110361545,
        "ROW_Width_Max": 14,
        "ROW_Width_Min": 0,
        "created_user": null,
        "created_date": null,
        "last_edited_user": "CEWEMVM",
        "last_edited_date": 1518089075000,
        "GlobalID": "{5679D9FA-D1D4-4F9F-8380-1542135A68D9}",
        "layer": "roads",
        "source": "city-of-eugene-gis"
      }
    },
    {
      "type": "Feature",
      "id": "roads_378",
      "geometry": {
        "type": "LineString",
        "coordinates": [
          [
            -123.10186244430352,
            44.05379233331565
          ],
          [
            -123.1033861299212,
            44.053794366479146
          ]
        ]
      },
      "properties": {
        "SEG_ID": 20005214,
        "EUGID": 5214,
        "OWNER": "EUG",
        "MAINT": "EUG",
        "SOURCE": "EUG",
        "METHOD": "DIG",
        "FCLASS": "LOCAL",
        "PAVED": "Y",
        "DIR": "W",
        "NAME": "5TH",
        "TYPE": "ALY",
        "SPEED": 15,
        "AIRSSPEED": 10,
        "ONEWAY": "BW",
        "TRAFFLOW": "BW",
        "AIRSNAME": "W 5TH ALY",
        "F_ZLEV": 1,
        "T_ZLEV": 5,
        "L_LADD": 600,
        "L_HADD": 698,
        "R_LADD": 601,
        "R_HADD": 699,
        "SNOWROUTE": null,
        "EVAC": " ",
        "LCPWID": 0,
        "OBJECTID": 3013,
        "ER_ROUTES": 5,
        "ACCESS_CNT": " ",
        "Shape.STLength()": 400.59214141232854,
        "ROW_Width_Max": 14,
        "ROW_Width_Min": 0,
        "created_user": null,
        "created_date": null,
        "last_edited_user": "CEWEMVM",
        "last_edited_date": 1518089075000,
        "GlobalID": "{DAB1BD07-2D6E-4A28-9189-AFE8EC123556}",
        "layer": "roads",
        "source": "city-of-eugene-gis"
      }
    },
    {
      "type": "Feature",
      "id": "roads_379",
      "geometry": {
        "type": "LineString",
        "coordinates": [
          [
            -123.10188328781581,
            44.0526975236924
          ],
          [
            -123.10338721830624,
            44.05269433725855
          ]
        ]
      },
      "properties": {
        "SEG_ID": 20022885,
        "EUGID": 22885,
        "OWNER": "EUG",
        "MAINT": "EUG",
        "SOURCE": "EUG",
        "METHOD": "DIG",
        "FCLASS": "LOCAL",
        "PAVED": "Y",
        "DIR": "W",
        "NAME": "6TH",
        "TYPE": "ALY",
        "SPEED": 15,
        "AIRSSPEED": 10,
        "ONEWAY": "BW",
        "TRAFFLOW": "BW",
        "AIRSNAME": "W 6TH ALY",
        "F_ZLEV": 5,
        "T_ZLEV": 5,
        "L_LADD": 600,
        "L_HADD": 698,
        "R_LADD": 601,
        "R_HADD": 699,
        "SNOWROUTE": null,
        "EVAC": " ",
        "LCPWID": 0,
        "OBJECTID": 3014,
        "ER_ROUTES": 5,
        "ACCESS_CNT": " ",
        "Shape.STLength()": 395.40653525833386,
        "ROW_Width_Max": 14,
        "ROW_Width_Min": 0,
        "created_user": null,
        "created_date": null,
        "last_edited_user": "CEWEMVM",
        "last_edited_date": 1518089075000,
        "GlobalID": "{060A2B71-99E0-450F-81D8-B782809A7B07}",
        "layer": "roads",
        "source": "city-of-eugene-gis"
      }
    },
    {
      "type": "Feature",
      "id": "roads_380",
      "geometry": {
        "type": "LineString",
        "coordinates": [
          [
            -123.10186464711339,
            44.05159159161353
          ],
          [
            -123.10186452134351,
            44.05090428366292
          ]
        ]
      },
      "properties": {
        "SEG_ID": 20050455,
        "EUGID": 50455,
        "OWNER": "EUG",
        "MAINT": "EUG",
        "SOURCE": "EUG",
        "METHOD": "SURV",
        "FCLASS": "MINART",
        "PAVED": "Y",
        "DIR": " ",
        "NAME": "JEFFERSON",
        "TYPE": "ST",
        "SPEED": 30,
        "AIRSSPEED": 30,
        "ONEWAY": "FT",
        "TRAFFLOW": "S",
        "AIRSNAME": "JEFFERSON ST",
        "F_ZLEV": 5,
        "T_ZLEV": 5,
        "L_LADD": 751,
        "L_HADD": 799,
        "R_LADD": 750,
        "R_HADD": 798,
        "SNOWROUTE": 2,
        "EVAC": " ",
        "LCPWID": 0,
        "OBJECTID": 3015,
        "ER_ROUTES": 1,
        "ACCESS_CNT": "Y",
        "Shape.STLength()": 250.55787834369636,
        "ROW_Width_Max": 66,
        "ROW_Width_Min": 0,
        "created_user": null,
        "created_date": null,
        "last_edited_user": "PWE_GDB_TRANSPORT_ADMIN",
        "last_edited_date": 1772212902000,
        "GlobalID": "{705B84AB-3518-44DC-8732-EABB1351D64B}",
        "layer": "roads",
        "source": "city-of-eugene-gis"
      }
    },
    {
      "type": "Feature",
      "id": "roads_381",
      "geometry": {
        "type": "LineString",
        "coordinates": [
          [
            -123.10034321159831,
            44.05213751956479
          ],
          [
            -123.10034336372381,
            44.051588802512
          ]
        ]
      },
      "properties": {
        "SEG_ID": 20004836,
        "EUGID": 4836,
        "OWNER": "EUG",
        "MAINT": "EUG",
        "SOURCE": "EUG",
        "METHOD": "SURV",
        "FCLASS": "MINART",
        "PAVED": "Y",
        "DIR": " ",
        "NAME": "WASHINGTON",
        "TYPE": "ST",
        "SPEED": 30,
        "AIRSSPEED": 30,
        "ONEWAY": "TF",
        "TRAFFLOW": "N",
        "AIRSNAME": "WASHINGTON ST",
        "F_ZLEV": 5,
        "T_ZLEV": 5,
        "L_LADD": 701,
        "L_HADD": 749,
        "R_LADD": 700,
        "R_HADD": 748,
        "SNOWROUTE": 2,
        "EVAC": " ",
        "LCPWID": 0,
        "OBJECTID": 3016,
        "ER_ROUTES": 1,
        "ACCESS_CNT": "Y",
        "Shape.STLength()": 200.03467103883324,
        "ROW_Width_Max": 66,
        "ROW_Width_Min": 0,
        "created_user": null,
        "created_date": null,
        "last_edited_user": "PWE_GDB_TRANSPORT_ADMIN",
        "last_edited_date": 1772212902000,
        "GlobalID": "{A8837599-E58E-42C1-87E8-2761870F5C42}",
        "layer": "roads",
        "source": "city-of-eugene-gis"
      }
    },
    {
      "type": "Feature",
      "id": "roads_382",
      "geometry": {
        "type": "LineString",
        "coordinates": [
          [
            -123.10034336372381,
            44.051588802512
          ],
          [
            -123.10034351361371,
            44.050907493571245
          ]
        ]
      },
      "properties": {
        "SEG_ID": 20050464,
        "EUGID": 50464,
        "OWNER": "EUG",
        "MAINT": "EUG",
        "SOURCE": "EUG",
        "METHOD": "SURV",
        "FCLASS": "MINART",
        "PAVED": "Y",
        "DIR": " ",
        "NAME": "WASHINGTON",
        "TYPE": "ST",
        "SPEED": 30,
        "AIRSSPEED": 30,
        "ONEWAY": "TF",
        "TRAFFLOW": "N",
        "AIRSNAME": "WASHINGTON ST",
        "F_ZLEV": 5,
        "T_ZLEV": 5,
        "L_LADD": 751,
        "L_HADD": 799,
        "R_LADD": 750,
        "R_HADD": 798,
        "SNOWROUTE": 2,
        "EVAC": " ",
        "LCPWID": 0,
        "OBJECTID": 3017,
        "ER_ROUTES": 1,
        "ACCESS_CNT": "Y",
        "Shape.STLength()": 248.37094234229573,
        "ROW_Width_Max": 66,
        "ROW_Width_Min": 0,
        "created_user": null,
        "created_date": null,
        "last_edited_user": "PWE_GDB_TRANSPORT_ADMIN",
        "last_edited_date": 1772212902000,
        "GlobalID": "{FBBA06DF-062A-4EA1-828B-AB0917643301}",
        "layer": "roads",
        "source": "city-of-eugene-gis"
      }
    },
    {
      "type": "Feature",
      "id": "roads_383",
      "geometry": {
        "type": "LineString",
        "coordinates": [
          [
            -123.1033865326357,
            44.04992041355208
          ],
          [
            -123.10338702885866,
            44.04936928623224
          ]
        ]
      },
      "properties": {
        "SEG_ID": 20003046,
        "EUGID": 3046,
        "OWNER": "EUG",
        "MAINT": "EUG",
        "SOURCE": "EUG",
        "METHOD": "SURV",
        "FCLASS": "LOCAL",
        "PAVED": "Y",
        "DIR": " ",
        "NAME": "MADISON",
        "TYPE": "ST",
        "SPEED": 20,
        "AIRSSPEED": 20,
        "ONEWAY": "BW",
        "TRAFFLOW": "BW",
        "AIRSNAME": "MADISON ST",
        "F_ZLEV": 5,
        "T_ZLEV": 5,
        "L_LADD": 901,
        "L_HADD": 949,
        "R_LADD": 900,
        "R_HADD": 948,
        "SNOWROUTE": null,
        "EVAC": " ",
        "LCPWID": 0,
        "OBJECTID": 3018,
        "ER_ROUTES": 5,
        "ACCESS_CNT": " ",
        "Shape.STLength()": 200.9131731156366,
        "ROW_Width_Max": 66,
        "ROW_Width_Min": 0,
        "created_user": null,
        "created_date": null,
        "last_edited_user": "PWE_GDB_TRANSPORT_ADMIN",
        "last_edited_date": 1717012993000,
        "GlobalID": "{45AC1E2D-9241-4C6C-87F6-D1E8828282E8}",
        "layer": "roads",
        "source": "city-of-eugene-gis"
      }
    },
    {
      "type": "Feature",
      "id": "roads_384",
      "geometry": {
        "type": "LineString",
        "coordinates": [
          [
            -123.10490966011231,
            44.04992277741005
          ],
          [
            -123.10491009074855,
            44.049370451902305
          ]
        ]
      },
      "properties": {
        "SEG_ID": 20003326,
        "EUGID": 3326,
        "OWNER": "EUG",
        "MAINT": "EUG",
        "SOURCE": "EUG",
        "METHOD": "SURV",
        "FCLASS": "MINCOLL",
        "PAVED": "Y",
        "DIR": " ",
        "NAME": "MONROE",
        "TYPE": "ST",
        "SPEED": 25,
        "AIRSSPEED": 25,
        "ONEWAY": "BW",
        "TRAFFLOW": "BW",
        "AIRSNAME": "MONROE ST",
        "F_ZLEV": 5,
        "T_ZLEV": 5,
        "L_LADD": 901,
        "L_HADD": 949,
        "R_LADD": 900,
        "R_HADD": 948,
        "SNOWROUTE": null,
        "EVAC": " ",
        "LCPWID": 0,
        "OBJECTID": 3019,
        "ER_ROUTES": 4,
        "ACCESS_CNT": "Y",
        "Shape.STLength()": 201.34996142177783,
        "ROW_Width_Max": 66,
        "ROW_Width_Min": 0,
        "created_user": null,
        "created_date": null,
        "last_edited_user": "CEWEMVM",
        "last_edited_date": 1518089075000,
        "GlobalID": "{7631F9AC-25C8-46FE-99AE-4CCD5FA416B7}",
        "layer": "roads",
        "source": "city-of-eugene-gis"
      }
    },
    {
      "type": "Feature",
      "id": "roads_385",
      "geometry": {
        "type": "LineString",
        "coordinates": [
          [
            -123.10491009074855,
            44.049370451902305
          ],
          [
            -123.10491051380986,
            44.04881795084922
          ]
        ]
      },
      "properties": {
        "SEG_ID": 20050401,
        "EUGID": 50401,
        "OWNER": "EUG",
        "MAINT": "EUG",
        "SOURCE": "EUG",
        "METHOD": "SURV",
        "FCLASS": "MINCOLL",
        "PAVED": "Y",
        "DIR": " ",
        "NAME": "MONROE",
        "TYPE": "ST",
        "SPEED": 25,
        "AIRSSPEED": 25,
        "ONEWAY": "BW",
        "TRAFFLOW": "BW",
        "AIRSNAME": "MONROE ST",
        "F_ZLEV": 5,
        "T_ZLEV": 5,
        "L_LADD": 951,
        "L_HADD": 999,
        "R_LADD": 950,
        "R_HADD": 998,
        "SNOWROUTE": null,
        "EVAC": " ",
        "LCPWID": 0,
        "OBJECTID": 3020,
        "ER_ROUTES": 4,
        "ACCESS_CNT": "Y",
        "Shape.STLength()": 201.41390573571778,
        "ROW_Width_Max": 66,
        "ROW_Width_Min": 0,
        "created_user": null,
        "created_date": null,
        "last_edited_user": "CEWEMVM",
        "last_edited_date": 1518089075000,
        "GlobalID": "{4D303522-2E87-4BDA-91F8-F5204821FD82}",
        "layer": "roads",
        "source": "city-of-eugene-gis"
      }
    },
    {
      "type": "Feature",
      "id": "roads_386",
      "geometry": {
        "type": "LineString",
        "coordinates": [
          [
            -123.10338702885866,
            44.04936928623224
          ],
          [
            -123.10491009074855,
            44.049370451902305
          ]
        ]
      },
      "properties": {
        "SEG_ID": 20023124,
        "EUGID": 23124,
        "OWNER": "EUG",
        "MAINT": "EUG",
        "SOURCE": "EUG",
        "METHOD": "DIG",
        "FCLASS": "LOCAL",
        "PAVED": "N",
        "DIR": "W",
        "NAME": "BROADWAY",
        "TYPE": "ALY",
        "SPEED": 15,
        "AIRSSPEED": 5,
        "ONEWAY": "FT",
        "TRAFFLOW": "W",
        "AIRSNAME": "W BROADWAY ALY",
        "F_ZLEV": 5,
        "T_ZLEV": 5,
        "L_LADD": 700,
        "L_HADD": 798,
        "R_LADD": 701,
        "R_HADD": 799,
        "SNOWROUTE": null,
        "EVAC": " ",
        "LCPWID": 0,
        "OBJECTID": 3021,
        "ER_ROUTES": 5,
        "ACCESS_CNT": " ",
        "Shape.STLength()": 400.4570240675021,
        "ROW_Width_Max": 14,
        "ROW_Width_Min": 0,
        "created_user": null,
        "created_date": null,
        "last_edited_user": "CEWEMVM",
        "last_edited_date": 1518089075000,
        "GlobalID": "{338640F0-D801-4153-A23C-088FEDBFD0A6}",
        "layer": "roads",
        "source": "city-of-eugene-gis"
      }
    },
    {
      "type": "Feature",
      "id": "roads_387",
      "geometry": {
        "type": "LineString",
        "coordinates": [
          [
            -123.10338702885866,
            44.04936928623224
          ],
          [
            -123.10338693889639,
            44.04881559496019
          ]
        ]
      },
      "properties": {
        "SEG_ID": 20050432,
        "EUGID": 50432,
        "OWNER": "EUG",
        "MAINT": "EUG",
        "SOURCE": "EUG",
        "METHOD": "SURV",
        "FCLASS": "LOCAL",
        "PAVED": "Y",
        "DIR": " ",
        "NAME": "MADISON",
        "TYPE": "ST",
        "SPEED": 20,
        "AIRSSPEED": 20,
        "ONEWAY": "BW",
        "TRAFFLOW": "BW",
        "AIRSNAME": "MADISON ST",
        "F_ZLEV": 5,
        "T_ZLEV": 5,
        "L_LADD": 951,
        "L_HADD": 999,
        "R_LADD": 950,
        "R_HADD": 998,
        "SNOWROUTE": null,
        "EVAC": " ",
        "LCPWID": 0,
        "OBJECTID": 3022,
        "ER_ROUTES": 5,
        "ACCESS_CNT": " ",
        "Shape.STLength()": 201.8477697341193,
        "ROW_Width_Max": 66,
        "ROW_Width_Min": 0,
        "created_user": null,
        "created_date": null,
        "last_edited_user": "PWE_GDB_TRANSPORT_ADMIN",
        "last_edited_date": 1717012993000,
        "GlobalID": "{B45686FB-AD72-490B-AE9A-A9EE5FBB67C7}",
        "layer": "roads",
        "source": "city-of-eugene-gis"
      }
    },
    {
      "type": "Feature",
      "id": "roads_388",
      "geometry": {
        "type": "LineString",
        "coordinates": [
          [
            -123.10186528920737,
            44.04936566956568
          ],
          [
            -123.10186529447425,
            44.048813864621444
          ]
        ]
      },
      "properties": {
        "SEG_ID": 20050458,
        "EUGID": 50458,
        "OWNER": "EUG",
        "MAINT": "EUG",
        "SOURCE": "EUG",
        "METHOD": "SURV",
        "FCLASS": "MINART",
        "PAVED": "Y",
        "DIR": " ",
        "NAME": "JEFFERSON",
        "TYPE": "ST",
        "SPEED": 30,
        "AIRSSPEED": 30,
        "ONEWAY": "FT",
        "TRAFFLOW": "S",
        "AIRSNAME": "JEFFERSON ST",
        "F_ZLEV": 5,
        "T_ZLEV": 5,
        "L_LADD": 951,
        "L_HADD": 999,
        "R_LADD": 950,
        "R_HADD": 998,
        "SNOWROUTE": 2,
        "EVAC": " ",
        "LCPWID": 0,
        "OBJECTID": 3023,
        "ER_ROUTES": 1,
        "ACCESS_CNT": "Y",
        "Shape.STLength()": 201.1601086265704,
        "ROW_Width_Max": 66,
        "ROW_Width_Min": 0,
        "created_user": null,
        "created_date": null,
        "last_edited_user": "PWE_GDB_TRANSPORT_ADMIN",
        "last_edited_date": 1772212902000,
        "GlobalID": "{EA01305A-FBE4-4463-83A9-F20EFDA11F33}",
        "layer": "roads",
        "source": "city-of-eugene-gis"
      }
    },
    {
      "type": "Feature",
      "id": "roads_389",
      "geometry": {
        "type": "LineString",
        "coordinates": [
          [
            -123.10186528920737,
            44.04936566956568
          ],
          [
            -123.10338702885866,
            44.04936928623224
          ]
        ]
      },
      "properties": {
        "SEG_ID": 20000651,
        "EUGID": 651,
        "OWNER": "EUG",
        "MAINT": "EUG",
        "SOURCE": "EUG",
        "METHOD": "DIG",
        "FCLASS": "LOCAL",
        "PAVED": "N",
        "DIR": "W",
        "NAME": "BROADWAY",
        "TYPE": "ALY",
        "SPEED": 15,
        "AIRSSPEED": 5,
        "ONEWAY": "FT",
        "TRAFFLOW": "W",
        "AIRSNAME": "W BROADWAY ALY",
        "F_ZLEV": 5,
        "T_ZLEV": 5,
        "L_LADD": 600,
        "L_HADD": 698,
        "R_LADD": 601,
        "R_HADD": 699,
        "SNOWROUTE": null,
        "EVAC": " ",
        "LCPWID": 0,
        "OBJECTID": 3024,
        "ER_ROUTES": 5,
        "ACCESS_CNT": " ",
        "Shape.STLength()": 400.1113321626869,
        "ROW_Width_Max": 14,
        "ROW_Width_Min": 0,
        "created_user": null,
        "created_date": null,
        "last_edited_user": "CEWEMVM",
        "last_edited_date": 1518089075000,
        "GlobalID": "{B2BD5C62-9581-4C0E-9392-478D27128D21}",
        "layer": "roads",
        "source": "city-of-eugene-gis"
      }
    },
    {
      "type": "Feature",
      "id": "roads_390",
      "geometry": {
        "type": "LineString",
        "coordinates": [
          [
            -123.10186483817102,
            44.04991816777404
          ],
          [
            -123.10186528920737,
            44.04936566956568
          ]
        ]
      },
      "properties": {
        "SEG_ID": 20002569,
        "EUGID": 2569,
        "OWNER": "EUG",
        "MAINT": "EUG",
        "SOURCE": "EUG",
        "METHOD": "SURV",
        "FCLASS": "MINART",
        "PAVED": "Y",
        "DIR": " ",
        "NAME": "JEFFERSON",
        "TYPE": "ST",
        "SPEED": 30,
        "AIRSSPEED": 30,
        "ONEWAY": "FT",
        "TRAFFLOW": "S",
        "AIRSNAME": "JEFFERSON ST",
        "F_ZLEV": 5,
        "T_ZLEV": 5,
        "L_LADD": 901,
        "L_HADD": 949,
        "R_LADD": 900,
        "R_HADD": 948,
        "SNOWROUTE": 2,
        "EVAC": " ",
        "LCPWID": 0,
        "OBJECTID": 3025,
        "ER_ROUTES": 1,
        "ACCESS_CNT": "Y",
        "Shape.STLength()": 201.4129219768875,
        "ROW_Width_Max": 66,
        "ROW_Width_Min": 0,
        "created_user": null,
        "created_date": null,
        "last_edited_user": "PWE_GDB_TRANSPORT_ADMIN",
        "last_edited_date": 1772212902000,
        "GlobalID": "{3419E5F1-C682-4964-8D40-0958462FBAA0}",
        "layer": "roads",
        "source": "city-of-eugene-gis"
      }
    },
    {
      "type": "Feature",
      "id": "roads_391",
      "geometry": {
        "type": "LineString",
        "coordinates": [
          [
            -123.1003432589847,
            44.049366326299676
          ],
          [
            -123.10034324131661,
            44.04881366589527
          ]
        ]
      },
      "properties": {
        "SEG_ID": 20050466,
        "EUGID": 50466,
        "OWNER": "EUG",
        "MAINT": "EUG",
        "SOURCE": "EUG",
        "METHOD": "SURV",
        "FCLASS": "MINART",
        "PAVED": "Y",
        "DIR": " ",
        "NAME": "WASHINGTON",
        "TYPE": "ST",
        "SPEED": 30,
        "AIRSSPEED": 30,
        "ONEWAY": "TF",
        "TRAFFLOW": "N",
        "AIRSNAME": "WASHINGTON ST",
        "F_ZLEV": 5,
        "T_ZLEV": 5,
        "L_LADD": 951,
        "L_HADD": 999,
        "R_LADD": 950,
        "R_HADD": 998,
        "SNOWROUTE": 2,
        "EVAC": " ",
        "LCPWID": 0,
        "OBJECTID": 3026,
        "ER_ROUTES": 1,
        "ACCESS_CNT": "Y",
        "Shape.STLength()": 201.4719661019865,
        "ROW_Width_Max": 66,
        "ROW_Width_Min": 0,
        "created_user": null,
        "created_date": null,
        "last_edited_user": "PWE_GDB_TRANSPORT_ADMIN",
        "last_edited_date": 1772212902000,
        "GlobalID": "{0B61A855-6B90-4FA1-B53E-F595EB1C25EF}",
        "layer": "roads",
        "source": "city-of-eugene-gis"
      }
    },
    {
      "type": "Feature",
      "id": "roads_392",
      "geometry": {
        "type": "LineString",
        "coordinates": [
          [
            -123.1003432589847,
            44.049366326299676
          ],
          [
            -123.10186528920737,
            44.04936566956568
          ]
        ]
      },
      "properties": {
        "SEG_ID": 20000674,
        "EUGID": 674,
        "OWNER": "EUG",
        "MAINT": "EUG",
        "SOURCE": "EUG",
        "METHOD": "DIG",
        "FCLASS": "LOCAL",
        "PAVED": "Y",
        "DIR": "W",
        "NAME": "BROADWAY",
        "TYPE": "ALY",
        "SPEED": 15,
        "AIRSSPEED": 10,
        "ONEWAY": "FT",
        "TRAFFLOW": "W",
        "AIRSNAME": "W BROADWAY ALY",
        "F_ZLEV": 5,
        "T_ZLEV": 5,
        "L_LADD": 500,
        "L_HADD": 598,
        "R_LADD": 501,
        "R_HADD": 599,
        "SNOWROUTE": null,
        "EVAC": " ",
        "LCPWID": 0,
        "OBJECTID": 3027,
        "ER_ROUTES": 5,
        "ACCESS_CNT": " ",
        "Shape.STLength()": 400.1856408619168,
        "ROW_Width_Max": 14,
        "ROW_Width_Min": 0,
        "created_user": null,
        "created_date": null,
        "last_edited_user": "CEWEMVM",
        "last_edited_date": 1518089075000,
        "GlobalID": "{C15EAFCB-AFFC-4B78-94E2-C79BD8CA7243}",
        "layer": "roads",
        "source": "city-of-eugene-gis"
      }
    },
    {
      "type": "Feature",
      "id": "roads_393",
      "geometry": {
        "type": "LineString",
        "coordinates": [
          [
            -123.10034325445616,
            44.04991847113321
          ],
          [
            -123.1003432589847,
            44.049366326299676
          ]
        ]
      },
      "properties": {
        "SEG_ID": 20004829,
        "EUGID": 4829,
        "OWNER": "EUG",
        "MAINT": "EUG",
        "SOURCE": "EUG",
        "METHOD": "SURV",
        "FCLASS": "MINART",
        "PAVED": "Y",
        "DIR": " ",
        "NAME": "WASHINGTON",
        "TYPE": "ST",
        "SPEED": 30,
        "AIRSSPEED": 30,
        "ONEWAY": "TF",
        "TRAFFLOW": "N",
        "AIRSNAME": "WASHINGTON ST",
        "F_ZLEV": 5,
        "T_ZLEV": 5,
        "L_LADD": 901,
        "L_HADD": 949,
        "R_LADD": 900,
        "R_HADD": 948,
        "SNOWROUTE": 2,
        "EVAC": " ",
        "LCPWID": 0,
        "OBJECTID": 3028,
        "ER_ROUTES": 1,
        "ACCESS_CNT": "Y",
        "Shape.STLength()": 201.28406453889806,
        "ROW_Width_Max": 66,
        "ROW_Width_Min": 0,
        "created_user": null,
        "created_date": null,
        "last_edited_user": "PWE_GDB_TRANSPORT_ADMIN",
        "last_edited_date": 1772212902000,
        "GlobalID": "{2D71FF2B-12CC-41A3-A0E6-92920E05070A}",
        "layer": "roads",
        "source": "city-of-eugene-gis"
      }
    },
    {
      "type": "Feature",
      "id": "roads_394",
      "geometry": {
        "type": "LineString",
        "coordinates": [
          [
            -123.10338693889639,
            44.04881559496019
          ],
          [
            -123.10338690082665,
            44.048263107132314
          ]
        ]
      },
      "properties": {
        "SEG_ID": 20003063,
        "EUGID": 3063,
        "OWNER": "EUG",
        "MAINT": "EUG",
        "SOURCE": "EUG",
        "METHOD": "SURV",
        "FCLASS": "LOCAL",
        "PAVED": "Y",
        "DIR": " ",
        "NAME": "MADISON",
        "TYPE": "ST",
        "SPEED": 20,
        "AIRSSPEED": 20,
        "ONEWAY": "BW",
        "TRAFFLOW": "BW",
        "AIRSNAME": "MADISON ST",
        "F_ZLEV": 5,
        "T_ZLEV": 5,
        "L_LADD": 1001,
        "L_HADD": 1049,
        "R_LADD": 1000,
        "R_HADD": 1048,
        "SNOWROUTE": null,
        "EVAC": " ",
        "LCPWID": 0,
        "OBJECTID": 3029,
        "ER_ROUTES": 5,
        "ACCESS_CNT": " ",
        "Shape.STLength()": 201.40900430285578,
        "ROW_Width_Max": 66,
        "ROW_Width_Min": 0,
        "created_user": null,
        "created_date": null,
        "last_edited_user": "PWE_GDB_TRANSPORT_ADMIN",
        "last_edited_date": 1717012993000,
        "GlobalID": "{AAFD9C74-4E62-41FB-A3A9-57A621D5BCDF}",
        "layer": "roads",
        "source": "city-of-eugene-gis"
      }
    },
    {
      "type": "Feature",
      "id": "roads_395",
      "geometry": {
        "type": "LineString",
        "coordinates": [
          [
            -123.10338690082665,
            44.048263107132314
          ],
          [
            -123.10491092952927,
            44.04826527964789
          ]
        ]
      },
      "properties": {
        "SEG_ID": 20023302,
        "EUGID": 23302,
        "OWNER": "EUG",
        "MAINT": "EUG",
        "SOURCE": "EUG",
        "METHOD": "DIG",
        "FCLASS": "LOCAL",
        "PAVED": "N",
        "DIR": "W",
        "NAME": "10TH",
        "TYPE": "ALY",
        "SPEED": 15,
        "AIRSSPEED": 5,
        "ONEWAY": "TF",
        "TRAFFLOW": "E",
        "AIRSNAME": "W 10TH ALY",
        "F_ZLEV": 5,
        "T_ZLEV": 5,
        "L_LADD": 700,
        "L_HADD": 798,
        "R_LADD": 701,
        "R_HADD": 799,
        "SNOWROUTE": null,
        "EVAC": " ",
        "LCPWID": 0,
        "OBJECTID": 3030,
        "ER_ROUTES": 5,
        "ACCESS_CNT": " ",
        "Shape.STLength()": 400.7191192094532,
        "ROW_Width_Max": 14,
        "ROW_Width_Min": 0,
        "created_user": null,
        "created_date": null,
        "last_edited_user": "CEWEMVM",
        "last_edited_date": 1518089075000,
        "GlobalID": "{ED1E5CD0-87F8-4199-8DA0-6ED533F6ABED}",
        "layer": "roads",
        "source": "city-of-eugene-gis"
      }
    },
    {
      "type": "Feature",
      "id": "roads_396",
      "geometry": {
        "type": "LineString",
        "coordinates": [
          [
            -123.10338690082665,
            44.048263107132314
          ],
          [
            -123.10338688486337,
            44.047711131904926
          ]
        ]
      },
      "properties": {
        "SEG_ID": 20050433,
        "EUGID": 50433,
        "OWNER": "EUG",
        "MAINT": "EUG",
        "SOURCE": "EUG",
        "METHOD": "SURV",
        "FCLASS": "LOCAL",
        "PAVED": "Y",
        "DIR": " ",
        "NAME": "MADISON",
        "TYPE": "ST",
        "SPEED": 20,
        "AIRSSPEED": 20,
        "ONEWAY": "BW",
        "TRAFFLOW": "BW",
        "AIRSNAME": "MADISON ST",
        "F_ZLEV": 5,
        "T_ZLEV": 5,
        "L_LADD": 1051,
        "L_HADD": 1099,
        "R_LADD": 1050,
        "R_HADD": 1098,
        "SNOWROUTE": null,
        "EVAC": " ",
        "LCPWID": 0,
        "OBJECTID": 3031,
        "ER_ROUTES": 5,
        "ACCESS_CNT": " ",
        "Shape.STLength()": 201.22208657351706,
        "ROW_Width_Max": 66,
        "ROW_Width_Min": 0,
        "created_user": null,
        "created_date": null,
        "last_edited_user": "PWE_GDB_TRANSPORT_ADMIN",
        "last_edited_date": 1717012993000,
        "GlobalID": "{EF67814F-23F9-4AE2-B3EE-9A71318A0AA1}",
        "layer": "roads",
        "source": "city-of-eugene-gis"
      }
    },
    {
      "type": "Feature",
      "id": "roads_397",
      "geometry": {
        "type": "LineString",
        "coordinates": [
          [
            -123.10186527032236,
            44.04826137679273
          ],
          [
            -123.10186526082197,
            44.04770922885356
          ]
        ]
      },
      "properties": {
        "SEG_ID": 20050459,
        "EUGID": 50459,
        "OWNER": "EUG",
        "MAINT": "EUG",
        "SOURCE": "EUG",
        "METHOD": "SURV",
        "FCLASS": "MINART",
        "PAVED": "Y",
        "DIR": " ",
        "NAME": "JEFFERSON",
        "TYPE": "ST",
        "SPEED": 30,
        "AIRSSPEED": 30,
        "ONEWAY": "FT",
        "TRAFFLOW": "S",
        "AIRSNAME": "JEFFERSON ST",
        "F_ZLEV": 5,
        "T_ZLEV": 5,
        "L_LADD": 1051,
        "L_HADD": 1099,
        "R_LADD": 1050,
        "R_HADD": 1098,
        "SNOWROUTE": 2,
        "EVAC": " ",
        "LCPWID": 0,
        "OBJECTID": 3032,
        "ER_ROUTES": 1,
        "ACCESS_CNT": "Y",
        "Shape.STLength()": 201.28504831627484,
        "ROW_Width_Max": 66,
        "ROW_Width_Min": 0,
        "created_user": null,
        "created_date": null,
        "last_edited_user": "PWE_GDB_TRANSPORT_ADMIN",
        "last_edited_date": 1772212902000,
        "GlobalID": "{D1AC85C4-04A0-4F99-A61B-B2642ADACBAE}",
        "layer": "roads",
        "source": "city-of-eugene-gis"
      }
    },
    {
      "type": "Feature",
      "id": "roads_398",
      "geometry": {
        "type": "LineString",
        "coordinates": [
          [
            -123.10186529447425,
            44.048813864621444
          ],
          [
            -123.10186527032236,
            44.04826137679273
          ]
        ]
      },
      "properties": {
        "SEG_ID": 20002585,
        "EUGID": 2585,
        "OWNER": "EUG",
        "MAINT": "EUG",
        "SOURCE": "EUG",
        "METHOD": "SURV",
        "FCLASS": "MINART",
        "PAVED": "Y",
        "DIR": " ",
        "NAME": "JEFFERSON",
        "TYPE": "ST",
        "SPEED": 30,
        "AIRSSPEED": 30,
        "ONEWAY": "FT",
        "TRAFFLOW": "S",
        "AIRSNAME": "JEFFERSON ST",
        "F_ZLEV": 5,
        "T_ZLEV": 5,
        "L_LADD": 1001,
        "L_HADD": 1049,
        "R_LADD": 1000,
        "R_HADD": 1048,
        "SNOWROUTE": 2,
        "EVAC": " ",
        "LCPWID": 0,
        "OBJECTID": 3033,
        "ER_ROUTES": 1,
        "ACCESS_CNT": "Y",
        "Shape.STLength()": 201.40900430285578,
        "ROW_Width_Max": 66,
        "ROW_Width_Min": 0,
        "created_user": null,
        "created_date": null,
        "last_edited_user": "PWE_GDB_TRANSPORT_ADMIN",
        "last_edited_date": 1772212902000,
        "GlobalID": "{E9434B28-1A2C-47B2-A635-E1F1BD71633A}",
        "layer": "roads",
        "source": "city-of-eugene-gis"
      }
    },
    {
      "type": "Feature",
      "id": "roads_399",
      "geometry": {
        "type": "LineString",
        "coordinates": [
          [
            -123.10034323108634,
            44.04826117806629
          ],
          [
            -123.10034322074007,
            44.04770868740295
          ]
        ]
      },
      "properties": {
        "SEG_ID": 20050467,
        "EUGID": 50467,
        "OWNER": "EUG",
        "MAINT": "EUG",
        "SOURCE": "EUG",
        "METHOD": "SURV",
        "FCLASS": "MINART",
        "PAVED": "Y",
        "DIR": " ",
        "NAME": "WASHINGTON",
        "TYPE": "ST",
        "SPEED": 30,
        "AIRSSPEED": 30,
        "ONEWAY": "TF",
        "TRAFFLOW": "N",
        "AIRSNAME": "WASHINGTON ST",
        "F_ZLEV": 5,
        "T_ZLEV": 5,
        "L_LADD": 1051,
        "L_HADD": 1099,
        "R_LADD": 1050,
        "R_HADD": 1098,
        "SNOWROUTE": 2,
        "EVAC": " ",
        "LCPWID": 0,
        "OBJECTID": 3034,
        "ER_ROUTES": 1,
        "ACCESS_CNT": "Y",
        "Shape.STLength()": 201.40998808082134,
        "ROW_Width_Max": 66,
        "ROW_Width_Min": 0,
        "created_user": null,
        "created_date": null,
        "last_edited_user": "PWE_GDB_TRANSPORT_ADMIN",
        "last_edited_date": 1772212902000,
        "GlobalID": "{61E7D2A6-B914-4AF3-9F00-15A745858149}",
        "layer": "roads",
        "source": "city-of-eugene-gis"
      }
    },
    {
      "type": "Feature",
      "id": "roads_400",
      "geometry": {
        "type": "LineString",
        "coordinates": [
          [
            -123.10034323108634,
            44.04826117806629
          ],
          [
            -123.10186527032236,
            44.04826137679273
          ]
        ]
      },
      "properties": {
        "SEG_ID": 20022827,
        "EUGID": 22827,
        "OWNER": "EUG",
        "MAINT": "EUG",
        "SOURCE": "EUG",
        "METHOD": "DIG",
        "FCLASS": "LOCAL",
        "PAVED": "N",
        "DIR": "W",
        "NAME": "10TH",
        "TYPE": "ALY",
        "SPEED": 15,
        "AIRSSPEED": 5,
        "ONEWAY": "TF",
        "TRAFFLOW": "E",
        "AIRSNAME": "W 10TH ALY",
        "F_ZLEV": 5,
        "T_ZLEV": 5,
        "L_LADD": 500,
        "L_HADD": 598,
        "R_LADD": 501,
        "R_HADD": 599,
        "SNOWROUTE": null,
        "EVAC": " ",
        "LCPWID": 0,
        "OBJECTID": 3035,
        "ER_ROUTES": 5,
        "ACCESS_CNT": " ",
        "Shape.STLength()": 400.19526483955303,
        "ROW_Width_Max": 14,
        "ROW_Width_Min": 0,
        "created_user": null,
        "created_date": null,
        "last_edited_user": "CEWEMVM",
        "last_edited_date": 1518089075000,
        "GlobalID": "{08B554DC-692C-415B-A4C1-9F9255F59EBB}",
        "layer": "roads",
        "source": "city-of-eugene-gis"
      }
    }
  ]
}